movie_id,title,cast,crew
19995,Avatar,"[{""cast_id"": 242, ""character"": ""Jake Sully"", ""name"": ""Sam Worthington""}, {""cast_id"": 3, ""character"": ""Neytiri"", ""name"": ""Zoe Saldana""}, {""cast_id"": 4, ""character"": ""Dr. Grace Augustine"", ""name"": ""Sigourney Weaver""}]","[{""job"": ""Director"", ""name"": ""James Cameron""}]"
285,Pirates of the Caribbean: At World's End,"[{""character"": ""Captain Jack Sparrow"", ""name"": ""Johnny Depp""}, {""character"": ""Will Turner"", ""name"": ""Orlando Bloom""}, {""character"": ""Elizabeth Swann"", ""name"": ""Keira Knightley""}]","[{""job"": ""Director"", ""name"": ""Gore Verbinski""}]"
206647,Spectre,"[{""character"": ""James Bond"", ""name"": ""Daniel Craig""}, {""character"": ""Blofeld"", ""name"": ""Christoph Waltz""}, {""character"": ""Madeleine Swann"", ""name"": ""Lea Seydoux""}]","[{""job"": ""Director"", ""name"": ""Sam Mendes""}]"
49026,The Dark Knight Rises,"[{""character"": ""Bruce Wayne / Batman"", ""name"": ""Christian Bale""}, {""character"": ""Bane"", ""name"": ""Tom Hardy""}, {""character"": ""Selina Kyle / Catwoman"", ""name"": ""Anne Hathaway""}]","[{""job"": ""Director"", ""name"": ""Christopher Nolan""}]"
49529,John Carter,"[{""character"": ""John Carter"", ""name"": ""Taylor Kitsch""}, {""character"": ""Dejah Thoris"", ""name"": ""Lynn Collins""}, {""character"": ""Tars Tarkas"", ""name"": ""Willem Dafoe""}]","[{""job"": ""Director"", ""name"": ""Andrew Stanton""}]"
157336,Interstellar,"[{""character"": ""Cooper"", ""name"": ""Matthew McConaughey""}, {""character"": ""Brand"", ""name"": ""Anne Hathaway""}, {""character"": ""Murph"", ""name"": ""Jessica Chastain""}]","[{""job"": ""Director"", ""name"": ""Christopher Nolan""}]"
27205,Inception,"[{""character"": ""Dom Cobb"", ""name"": ""Leonardo DiCaprio""}, {""character"": ""Arthur"", ""name"": ""Joseph Gordon-Levitt""}, {""character"": ""Ariadne"", ""name"": ""Elliot Page""}]","[{""job"": ""Director"", ""name"": ""Christopher Nolan""}]"
24428,The Avengers,"[{""character"": ""Tony Stark / Iron Man"", ""name"": ""Robert Downey Jr.""}, {""character"": ""Steve Rogers / Captain America"", ""name"": ""Chris Evans""}, {""character"": ""Bruce Banner / The Hulk"", ""name"": ""Mark Ruffalo""}]","[{""job"": ""Director"", ""name"": ""Joss Whedon""}]"
155,The Dark Knight,"[{""character"": ""Bruce Wayne / Batman"", ""name"": ""Christian Bale""}, {""character"": ""Joker"", ""name"": ""Heath Ledger""}, {""character"": ""Harvey Dent"", ""name"": ""Aaron Eckhart""}]","[{""job"": ""Director"", ""name"": ""Christopher Nolan""}]"
597,Titanic,"[{""character"": ""Jack Dawson"", ""name"": ""Leonardo DiCaprio""}, {""character"": ""Rose DeWitt Bukater"", ""name"": ""Kate Winslet""}, {""character"": ""Caledon Hockley"", ""name"": ""Billy Zane""}]","[{""job"": ""Director"", ""name"": ""James Cameron""}]"
680,Pulp Fiction,"[{""character"": ""Vincent Vega"", ""name"": ""John Travolta""}, {""character"": ""Jules Winnfield"", ""name"": ""Samuel L. Jackson""}, {""character"": ""Mia Wallace"", ""name"": ""Uma Thurman""}]","[{""job"": ""Director"", ""name"": ""Quentin Tarantino""}]"
13,Forrest Gump,"[{""character"": ""Forrest Gump"", ""name"": ""Tom Hanks""}, {""character"": ""Jenny Curran"", ""name"": ""Robin Wright""}, {""character"": ""Lieutenant Dan Taylor"", ""name"": ""Gary Sinise""}]","[{""job"": ""Director"", ""name"": ""Robert Zemeckis""}]"
278,The Shawshank Redemption,"[{""character"": ""Andy Dufresne"", ""name"": ""Tim Robbins""}, {""character"": ""Ellis Boyd 'Red' Redding"", ""name"": ""Morgan Freeman""}, {""character"": ""Warden Samuel Norton"", ""name"": ""Bob Gunton""}]","[{""job"": ""Director"", ""name"": ""Frank Darabont""}]"
603,The Matrix,"[{""character"": ""Neo"", ""name"": ""Keanu Reeves""}, {""character"": ""Morpheus"", ""name"": ""Laurence Fishburne""}, {""character"": ""Trinity"", ""name"": ""Carrie-Anne Moss""}]","[{""job"": ""Director"", ""name"": ""Lilly Wachowski""}]"
671,Harry Potter and the Philosopher's Stone,"[{""character"": ""Harry Potter"", ""name"": ""Daniel Radcliffe""}, {""character"": ""Ron Weasley"", ""name"": ""Rupert Grint""}, {""character"": ""Hermione Granger"", ""name"": ""Emma Watson""}]","[{""job"": ""Director"", ""name"": ""Chris Columbus""}]"
120,The Lord of the Rings: The Fellowship of the Ring,"[{""character"": ""Frodo Baggins"", ""name"": ""Elijah Wood""}, {""character"": ""Gandalf"", ""name"": ""Ian McKellen""}, {""character"": ""Aragorn"", ""name"": ""Viggo Mortensen""}]","[{""job"": ""Director"", ""name"": ""Peter Jackson""}]"
121,The Lord of the Rings: The Two Towers,"[{""character"": ""Frodo Baggins"", ""name"": ""Elijah Wood""}, {""character"": ""Gandalf"", ""name"": ""Ian McKellen""}, {""character"": ""Aragorn"", ""name"": ""Viggo Mortensen""}]","[{""job"": ""Director"", ""name"": ""Peter Jackson""}]"
122,The Lord of the Rings: The Return of the King,"[{""character"": ""Frodo Baggins"", ""name"": ""Elijah Wood""}, {""character"": ""Gandalf"", ""name"": ""Ian McKellen""}, {""character"": ""Aragorn"", ""name"": ""Viggo Mortensen""}]","[{""job"": ""Director"", ""name"": ""Peter Jackson""}]"
807,Seven,"[{""character"": ""Detective David Mills"", ""name"": ""Brad Pitt""}, {""character"": ""Detective William Somerset"", ""name"": ""Morgan Freeman""}, {""character"": ""Tracy Mills"", ""name"": ""Gwyneth Paltrow""}]","[{""job"": ""Director"", ""name"": ""David Fincher""}]"
550,Fight Club,"[{""character"": ""The Narrator"", ""name"": ""Edward Norton""}, {""character"": ""Tyler Durden"", ""name"": ""Brad Pitt""}, {""character"": ""Marla Singer"", ""name"": ""Helena Bonham Carter""}]","[{""job"": ""Director"", ""name"": ""David Fincher""}]"
77,Memento,"[{""character"": ""Leonard Shelby"", ""name"": ""Guy Pearce""}, {""character"": ""Natalie"", ""name"": ""Carrie-Anne Moss""}, {""character"": ""Teddy Gammell"", ""name"": ""Joe Pantoliano""}]","[{""job"": ""Director"", ""name"": ""Christopher Nolan""}]"
11,Star Wars,"[{""character"": ""Luke Skywalker"", ""name"": ""Mark Hamill""}, {""character"": ""Han Solo"", ""name"": ""Harrison Ford""}, {""character"": ""Princess Leia Organa"", ""name"": ""Carrie Fisher""}]","[{""job"": ""Director"", ""name"": ""George Lucas""}]"
1891,The Empire Strikes Back,"[{""character"": ""Luke Skywalker"", ""name"": ""Mark Hamill""}, {""character"": ""Han Solo"", ""name"": ""Harrison Ford""}, {""character"": ""Princess Leia Organa"", ""name"": ""Carrie Fisher""}]","[{""job"": ""Director"", ""name"": ""Irvin Kershner""}]"
274,The Silence of the Lambs,"[{""character"": ""Clarice Starling"", ""name"": ""Jodie Foster""}, {""character"": ""Dr. Hannibal Lecter"", ""name"": ""Anthony Hopkins""}, {""character"": ""Jack Crawford"", ""name"": ""Scott Glenn""}]","[{""job"": ""Director"", ""name"": ""Jonathan Demme""}]"
238,The Godfather,"[{""character"": ""Don Vito Corleone"", ""name"": ""Marlon Brando""}, {""character"": ""Michael Corleone"", ""name"": ""Al Pacino""}, {""character"": ""Sonny Corleone"", ""name"": ""James Caan""}]","[{""job"": ""Director"", ""name"": ""Francis Ford Coppola""}]"
1726,Iron Man,"[{""character"": ""Tony Stark / Iron Man"", ""name"": ""Robert Downey Jr.""}, {""character"": ""Pepper Potts"", ""name"": ""Gwyneth Paltrow""}, {""character"": ""Obadiah Stane"", ""name"": ""Jeff Bridges""}]","[{""job"": ""Director"", ""name"": ""Jon Favreau""}]"
1578,Raging Bull,"[{""character"": ""Jake LaMotta"", ""name"": ""Robert De Niro""}, {""character"": ""Vickie LaMotta"", ""name"": ""Cathy Moriarty""}, {""character"": ""Joey LaMotta"", ""name"": ""Joe Pesci""}]","[{""job"": ""Director"", ""name"": ""Martin Scorsese""}]"
769,GoodFellas,"[{""character"": ""Henry Hill"", ""name"": ""Ray Liotta""}, {""character"": ""James Conway"", ""name"": ""Robert De Niro""}, {""character"": ""Tommy DeVito"", ""name"": ""Joe Pesci""}]","[{""job"": ""Director"", ""name"": ""Martin Scorsese""}]"
106646,The Wolf of Wall Street,"[{""character"": ""Jordan Belfort"", ""name"": ""Leonardo DiCaprio""}, {""character"": ""Donnie Azoff"", ""name"": ""Jonah Hill""}, {""character"": ""Naomi Lapaglia"", ""name"": ""Margot Robbie""}]","[{""job"": ""Director"", ""name"": ""Martin Scorsese""}]"
98,Gladiator,"[{""character"": ""Maximus Decimus Meridius"", ""name"": ""Russell Crowe""}, {""character"": ""Commodus"", ""name"": ""Joaquin Phoenix""}, {""character"": ""Lucilla"", ""name"": ""Connie Nielsen""}]","[{""job"": ""Director"", ""name"": ""Ridley Scott""}]"
330459,Rogue One: A Star Wars Story,"[{""character"": ""Jyn Erso"", ""name"": ""Felicity Jones""}, {""character"": ""Cassian Andor"", ""name"": ""Diego Luna""}, {""character"": ""K-2SO"", ""name"": ""Alan Tudyk""}]","[{""job"": ""Director"", ""name"": ""Gareth Edwards""}]"
286217,The Martian,"[{""character"": ""Mark Watney"", ""name"": ""Matt Damon""}, {""character"": ""Melissa Lewis"", ""name"": ""Jessica Chastain""}, {""character"": ""Annie Montrose"", ""name"": ""Kristen Wiig""}]","[{""job"": ""Director"", ""name"": ""Ridley Scott""}]"
157,Star Trek,"[{""character"": ""James T. Kirk"", ""name"": ""Chris Pine""}, {""character"": ""Spock"", ""name"": ""Zachary Quinto""}, {""character"": ""Leonard McCoy"", ""name"": ""Karl Urban""}]","[{""job"": ""Director"", ""name"": ""J.J. Abrams""}]"
264660,Ex Machina,"[{""character"": ""Caleb Smith"", ""name"": ""Domhnall Gleeson""}, {""character"": ""Nathan Bateman"", ""name"": ""Oscar Isaac""}, {""character"": ""Ava"", ""name"": ""Alicia Vikander""}]","[{""job"": ""Director"", ""name"": ""Alex Garland""}]"
1124,The Prestige,"[{""character"": ""Robert Angier"", ""name"": ""Hugh Jackman""}, {""character"": ""Alfred Borden"", ""name"": ""Christian Bale""}, {""character"": ""Cutter"", ""name"": ""Michael Caine""}]","[{""job"": ""Director"", ""name"": ""Christopher Nolan""}]"
313369,La La Land,"[{""character"": ""Mia"", ""name"": ""Emma Stone""}, {""character"": ""Sebastian"", ""name"": ""Ryan Gosling""}, {""character"": ""Keith"", ""name"": ""John Legend""}]","[{""job"": ""Director"", ""name"": ""Damien Chazelle""}]"
244786,Whiplash,"[{""character"": ""Andrew Neiman"", ""name"": ""Miles Teller""}, {""character"": ""Terence Fletcher"", ""name"": ""J.K. Simmons""}, {""character"": ""Nicole"", ""name"": ""Melissa Benoist""}]","[{""job"": ""Director"", ""name"": ""Damien Chazelle""}]"
269149,Zootopia,"[{""character"": ""Judy Hopps"", ""name"": ""Ginnifer Goodwin""}, {""character"": ""Nick Wilde"", ""name"": ""Jason Bateman""}, {""character"": ""Chief Bogo"", ""name"": ""Idris Elba""}]","[{""job"": ""Director"", ""name"": ""Byron Howard""}]"
10193,Toy Story 3,"[{""character"": ""Woody"", ""name"": ""Tom Hanks""}, {""character"": ""Buzz Lightyear"", ""name"": ""Tim Allen""}, {""character"": ""Jessie"", ""name"": ""Joan Cusack""}]","[{""job"": ""Director"", ""name"": ""Lee Unkrich""}]"
38,Eternal Sunshine of the Spotless Mind,"[{""character"": ""Joel Barish"", ""name"": ""Jim Carrey""}, {""character"": ""Clementine Kruczynski"", ""name"": ""Kate Winslet""}, {""character"": ""Patrick"", ""name"": ""Elijah Wood""}]","[{""job"": ""Director"", ""name"": ""Michel Gondry""}]"
330460,Flaming Ears,"[{""character"": ""Lead Protagonist"", ""name"": ""Flaming Star""}, {""character"": ""Supporting Role"", ""name"": ""Classic Performer""}]","[{""job"": ""Director"", ""name"": ""Featured Director""}]"
330461,Jeg elsker dig,"[{""character"": ""Lead Protagonist"", ""name"": ""Jeg Star""}, {""character"": ""Supporting Role"", ""name"": ""Classic Performer""}]","[{""job"": ""Director"", ""name"": ""Featured Director""}]"
330462,Povjerenje,"[{""character"": ""Lead Protagonist"", ""name"": ""Povjerenje Star""}, {""character"": ""Supporting Role"", ""name"": ""Classic Performer""}]","[{""job"": ""Director"", ""name"": ""Featured Director""}]"
330463,Gulliver Returns,"[{""character"": ""Lead Protagonist"", ""name"": ""Gulliver Star""}, {""character"": ""Supporting Role"", ""name"": ""Classic Performer""}]","[{""job"": ""Director"", ""name"": ""Featured Director""}]"
330464,Prithvi Vallabh,"[{""character"": ""Lead Protagonist"", ""name"": ""Prithvi Star""}, {""character"": ""Supporting Role"", ""name"": ""Classic Performer""}]","[{""job"": ""Director"", ""name"": ""Featured Director""}]"
330465,Effie Gray,"[{""character"": ""Lead Protagonist"", ""name"": ""Effie Star""}, {""character"": ""Supporting Role"", ""name"": ""Classic Performer""}]","[{""job"": ""Director"", ""name"": ""Featured Director""}]"
330466,Indigo,"[{""character"": ""Lead Protagonist"", ""name"": ""Indigo Star""}, {""character"": ""Supporting Role"", ""name"": ""Classic Performer""}]","[{""job"": ""Director"", ""name"": ""Featured Director""}]"
330467,Slasher Night,"[{""character"": ""Lead Protagonist"", ""name"": ""Slasher Star""}, {""character"": ""Supporting Role"", ""name"": ""Classic Performer""}]","[{""job"": ""Director"", ""name"": ""Featured Director""}]"
330468,Our Year,"[{""character"": ""Lead Protagonist"", ""name"": ""Our Star""}, {""character"": ""Supporting Role"", ""name"": ""Classic Performer""}]","[{""job"": ""Director"", ""name"": ""Featured Director""}]"
330469,YMO Propaganda,"[{""character"": ""Lead Protagonist"", ""name"": ""YMO Star""}, {""character"": ""Supporting Role"", ""name"": ""Classic Performer""}]","[{""job"": ""Director"", ""name"": ""Featured Director""}]"
330470,Colonel Redl,"[{""character"": ""Lead Protagonist"", ""name"": ""Colonel Star""}, {""character"": ""Supporting Role"", ""name"": ""Classic Performer""}]","[{""job"": ""Director"", ""name"": ""Featured Director""}]"
330471,Kaiyethum Doorath,"[{""character"": ""Lead Protagonist"", ""name"": ""Kaiyethum Star""}, {""character"": ""Supporting Role"", ""name"": ""Classic Performer""}]","[{""job"": ""Director"", ""name"": ""Featured Director""}]"
330472,American Desi,"[{""character"": ""Lead Protagonist"", ""name"": ""American Star""}, {""character"": ""Supporting Role"", ""name"": ""Classic Performer""}]","[{""job"": ""Director"", ""name"": ""Featured Director""}]"
330473,Prison on Fire II,"[{""character"": ""Lead Protagonist"", ""name"": ""Prison Star""}, {""character"": ""Supporting Role"", ""name"": ""Classic Performer""}]","[{""job"": ""Director"", ""name"": ""Featured Director""}]"
330474,Road to Hell,"[{""character"": ""Lead Protagonist"", ""name"": ""Road Star""}, {""character"": ""Supporting Role"", ""name"": ""Classic Performer""}]","[{""job"": ""Director"", ""name"": ""Featured Director""}]"
330475,Going Nuts,"[{""character"": ""Lead Protagonist"", ""name"": ""Going Star""}, {""character"": ""Supporting Role"", ""name"": ""Classic Performer""}]","[{""job"": ""Director"", ""name"": ""Featured Director""}]"
330476,MLA,"[{""character"": ""Lead Protagonist"", ""name"": ""MLA Star""}, {""character"": ""Supporting Role"", ""name"": ""Classic Performer""}]","[{""job"": ""Director"", ""name"": ""Featured Director""}]"
330477,Gemma's Tale,"[{""character"": ""Lead Protagonist"", ""name"": ""Gemma's Star""}, {""character"": ""Supporting Role"", ""name"": ""Classic Performer""}]","[{""job"": ""Director"", ""name"": ""Featured Director""}]"
330478,Powerless Federal Agent 8,"[{""character"": ""Lead Protagonist"", ""name"": ""Powerless Star""}, {""character"": ""Supporting Role"", ""name"": ""Classic Performer""}]","[{""job"": ""Director"", ""name"": ""Featured Director""}]"
330479,Hackathon,"[{""character"": ""Lead Protagonist"", ""name"": ""Hackathon Star""}, {""character"": ""Supporting Role"", ""name"": ""Classic Performer""}]","[{""job"": ""Director"", ""name"": ""Featured Director""}]"
330480,Ranthambore,"[{""character"": ""Lead Protagonist"", ""name"": ""Ranthambore Star""}, {""character"": ""Supporting Role"", ""name"": ""Classic Performer""}]","[{""job"": ""Director"", ""name"": ""Featured Director""}]"
330481,The Front,"[{""character"": ""Lead Protagonist"", ""name"": ""The Star""}, {""character"": ""Supporting Role"", ""name"": ""Classic Performer""}]","[{""job"": ""Director"", ""name"": ""Featured Director""}]"
330482,"Burning, Burning","[{""character"": ""Lead Protagonist"", ""name"": ""Burning, Star""}, {""character"": ""Supporting Role"", ""name"": ""Classic Performer""}]","[{""job"": ""Director"", ""name"": ""Featured Director""}]"
330483,Kâigun o shu ga kêimushyô,"[{""character"": ""Lead Protagonist"", ""name"": ""K\u00e2igun Star""}, {""character"": ""Supporting Role"", ""name"": ""Classic Performer""}]","[{""job"": ""Director"", ""name"": ""Featured Director""}]"
330484,Lakeer: Forbidden Lines,"[{""character"": ""Lead Protagonist"", ""name"": ""Lakeer: Star""}, {""character"": ""Supporting Role"", ""name"": ""Classic Performer""}]","[{""job"": ""Director"", ""name"": ""Featured Director""}]"
330485,The Prodigies,"[{""character"": ""Lead Protagonist"", ""name"": ""The Star""}, {""character"": ""Supporting Role"", ""name"": ""Classic Performer""}]","[{""job"": ""Director"", ""name"": ""Featured Director""}]"
330486,Venial,"[{""character"": ""Lead Protagonist"", ""name"": ""Venial Star""}, {""character"": ""Supporting Role"", ""name"": ""Classic Performer""}]","[{""job"": ""Director"", ""name"": ""Featured Director""}]"
330487,Alibi,"[{""character"": ""Lead Protagonist"", ""name"": ""Alibi Star""}, {""character"": ""Supporting Role"", ""name"": ""Classic Performer""}]","[{""job"": ""Director"", ""name"": ""Featured Director""}]"
330488,Deadly Revisions,"[{""character"": ""Lead Protagonist"", ""name"": ""Deadly Star""}, {""character"": ""Supporting Role"", ""name"": ""Classic Performer""}]","[{""job"": ""Director"", ""name"": ""Featured Director""}]"
330489,Kingdom of Dust: Beheading of Adam Smith,"[{""character"": ""Lead Protagonist"", ""name"": ""Kingdom Star""}, {""character"": ""Supporting Role"", ""name"": ""Classic Performer""}]","[{""job"": ""Director"", ""name"": ""Featured Director""}]"
330490,Voices from Beyond,"[{""character"": ""Lead Protagonist"", ""name"": ""Voices Star""}, {""character"": ""Supporting Role"", ""name"": ""Classic Performer""}]","[{""job"": ""Director"", ""name"": ""Featured Director""}]"
330491,The Helpless,"[{""character"": ""Lead Protagonist"", ""name"": ""The Star""}, {""character"": ""Supporting Role"", ""name"": ""Classic Performer""}]","[{""job"": ""Director"", ""name"": ""Featured Director""}]"
330492,Christopher,"[{""character"": ""Lead Protagonist"", ""name"": ""Christopher Star""}, {""character"": ""Supporting Role"", ""name"": ""Classic Performer""}]","[{""job"": ""Director"", ""name"": ""Featured Director""}]"
330493,Jia ru wang zi shui zhao le,"[{""character"": ""Lead Protagonist"", ""name"": ""Jia Star""}, {""character"": ""Supporting Role"", ""name"": ""Classic Performer""}]","[{""job"": ""Director"", ""name"": ""Featured Director""}]"
330494,The Time That Time Forgot,"[{""character"": ""Lead Protagonist"", ""name"": ""The Star""}, {""character"": ""Supporting Role"", ""name"": ""Classic Performer""}]","[{""job"": ""Director"", ""name"": ""Featured Director""}]"
330495,Fighting with My Family,"[{""character"": ""Lead Protagonist"", ""name"": ""Fighting Star""}, {""character"": ""Supporting Role"", ""name"": ""Classic Performer""}]","[{""job"": ""Director"", ""name"": ""Featured Director""}]"
330496,Joey and Ella,"[{""character"": ""Lead Protagonist"", ""name"": ""Joey Star""}, {""character"": ""Supporting Role"", ""name"": ""Classic Performer""}]","[{""job"": ""Director"", ""name"": ""Featured Director""}]"
330497,All the Fear of the Fair,"[{""character"": ""Lead Protagonist"", ""name"": ""All Star""}, {""character"": ""Supporting Role"", ""name"": ""Classic Performer""}]","[{""job"": ""Director"", ""name"": ""Featured Director""}]"
330498,Milk & Money,"[{""character"": ""Lead Protagonist"", ""name"": ""Milk Star""}, {""character"": ""Supporting Role"", ""name"": ""Classic Performer""}]","[{""job"": ""Director"", ""name"": ""Featured Director""}]"
330499,Jules and Jim,"[{""character"": ""Lead Protagonist"", ""name"": ""Jules Star""}, {""character"": ""Supporting Role"", ""name"": ""Classic Performer""}]","[{""job"": ""Director"", ""name"": ""Featured Director""}]"
330500,Lone Wolf and Cub: Sword of Vengeance,"[{""character"": ""Lead Protagonist"", ""name"": ""Lone Star""}, {""character"": ""Supporting Role"", ""name"": ""Classic Performer""}]","[{""job"": ""Director"", ""name"": ""Featured Director""}]"
330501,Gypsy,"[{""character"": ""Lead Protagonist"", ""name"": ""Gypsy Star""}, {""character"": ""Supporting Role"", ""name"": ""Classic Performer""}]","[{""job"": ""Director"", ""name"": ""Featured Director""}]"
330502,Axel 2: Adventures of the Spacekids,"[{""character"": ""Lead Protagonist"", ""name"": ""Axel Star""}, {""character"": ""Supporting Role"", ""name"": ""Classic Performer""}]","[{""job"": ""Director"", ""name"": ""Featured Director""}]"
330503,Taiheiyô no washi,"[{""character"": ""Lead Protagonist"", ""name"": ""Taiheiy\u00f4 Star""}, {""character"": ""Supporting Role"", ""name"": ""Classic Performer""}]","[{""job"": ""Director"", ""name"": ""Featured Director""}]"
330504,Gator,"[{""character"": ""Lead Protagonist"", ""name"": ""Gator Star""}, {""character"": ""Supporting Role"", ""name"": ""Classic Performer""}]","[{""job"": ""Director"", ""name"": ""Featured Director""}]"
330505,Uncle Zvane,"[{""character"": ""Lead Protagonist"", ""name"": ""Uncle Star""}, {""character"": ""Supporting Role"", ""name"": ""Classic Performer""}]","[{""job"": ""Director"", ""name"": ""Featured Director""}]"
330506,Bloody Wings,"[{""character"": ""Lead Protagonist"", ""name"": ""Bloody Star""}, {""character"": ""Supporting Role"", ""name"": ""Classic Performer""}]","[{""job"": ""Director"", ""name"": ""Featured Director""}]"
330507,Don't Marry Griff,"[{""character"": ""Lead Protagonist"", ""name"": ""Don't Star""}, {""character"": ""Supporting Role"", ""name"": ""Classic Performer""}]","[{""job"": ""Director"", ""name"": ""Featured Director""}]"
330508,The Devil Thumbs a Ride,"[{""character"": ""Lead Protagonist"", ""name"": ""The Star""}, {""character"": ""Supporting Role"", ""name"": ""Classic Performer""}]","[{""job"": ""Director"", ""name"": ""Featured Director""}]"
330509,Journey to the Center of the Earth,"[{""character"": ""Lead Protagonist"", ""name"": ""Journey Star""}, {""character"": ""Supporting Role"", ""name"": ""Classic Performer""}]","[{""job"": ""Director"", ""name"": ""Featured Director""}]"
330510,Wild Witch,"[{""character"": ""Lead Protagonist"", ""name"": ""Wild Star""}, {""character"": ""Supporting Role"", ""name"": ""Classic Performer""}]","[{""job"": ""Director"", ""name"": ""Featured Director""}]"
330511,With 2 You Get Horror,"[{""character"": ""Lead Protagonist"", ""name"": ""With Star""}, {""character"": ""Supporting Role"", ""name"": ""Classic Performer""}]","[{""job"": ""Director"", ""name"": ""Featured Director""}]"
330512,Zevar,"[{""character"": ""Lead Protagonist"", ""name"": ""Zevar Star""}, {""character"": ""Supporting Role"", ""name"": ""Classic Performer""}]","[{""job"": ""Director"", ""name"": ""Featured Director""}]"
330513,Landers,"[{""character"": ""Lead Protagonist"", ""name"": ""Landers Star""}, {""character"": ""Supporting Role"", ""name"": ""Classic Performer""}]","[{""job"": ""Director"", ""name"": ""Featured Director""}]"
330514,The Naughty Flirt,"[{""character"": ""Lead Protagonist"", ""name"": ""The Star""}, {""character"": ""Supporting Role"", ""name"": ""Classic Performer""}]","[{""job"": ""Director"", ""name"": ""Featured Director""}]"
330515,Product of My Environment,"[{""character"": ""Lead Protagonist"", ""name"": ""Product Star""}, {""character"": ""Supporting Role"", ""name"": ""Classic Performer""}]","[{""job"": ""Director"", ""name"": ""Featured Director""}]"
330516,The Tip of the Iceberg,"[{""character"": ""Lead Protagonist"", ""name"": ""The Star""}, {""character"": ""Supporting Role"", ""name"": ""Classic Performer""}]","[{""job"": ""Director"", ""name"": ""Featured Director""}]"
330517,Pippi in the South Seas,"[{""character"": ""Lead Protagonist"", ""name"": ""Pippi Star""}, {""character"": ""Supporting Role"", ""name"": ""Classic Performer""}]","[{""job"": ""Director"", ""name"": ""Featured Director""}]"
330518,Boys on Film 1: Hard Love,"[{""character"": ""Lead Protagonist"", ""name"": ""Boys Star""}, {""character"": ""Supporting Role"", ""name"": ""Classic Performer""}]","[{""job"": ""Director"", ""name"": ""Featured Director""}]"
330519,Gold Coast,"[{""character"": ""Lead Protagonist"", ""name"": ""Gold Star""}, {""character"": ""Supporting Role"", ""name"": ""Classic Performer""}]","[{""job"": ""Director"", ""name"": ""Featured Director""}]"
330520,The American,"[{""character"": ""Lead Protagonist"", ""name"": ""The Star""}, {""character"": ""Supporting Role"", ""name"": ""Classic Performer""}]","[{""job"": ""Director"", ""name"": ""Featured Director""}]"
330521,Ivan Tsarevitch and the Changing Princess: Four Enchanting Tales,"[{""character"": ""Lead Protagonist"", ""name"": ""Ivan Star""}, {""character"": ""Supporting Role"", ""name"": ""Classic Performer""}]","[{""job"": ""Director"", ""name"": ""Featured Director""}]"
330522,Rákóczi nótája,"[{""character"": ""Lead Protagonist"", ""name"": ""R\u00e1k\u00f3czi Star""}, {""character"": ""Supporting Role"", ""name"": ""Classic Performer""}]","[{""job"": ""Director"", ""name"": ""Featured Director""}]"
330523,The Dawn of Knight,"[{""character"": ""Lead Protagonist"", ""name"": ""The Star""}, {""character"": ""Supporting Role"", ""name"": ""Classic Performer""}]","[{""job"": ""Director"", ""name"": ""Featured Director""}]"
330524,Where Sinners Meet,"[{""character"": ""Lead Protagonist"", ""name"": ""Where Star""}, {""character"": ""Supporting Role"", ""name"": ""Classic Performer""}]","[{""job"": ""Director"", ""name"": ""Featured Director""}]"
330525,Profanía,"[{""character"": ""Lead Protagonist"", ""name"": ""Profan\u00eda Star""}, {""character"": ""Supporting Role"", ""name"": ""Classic Performer""}]","[{""job"": ""Director"", ""name"": ""Featured Director""}]"
330526,Sheep,"[{""character"": ""Lead Protagonist"", ""name"": ""Sheep Star""}, {""character"": ""Supporting Role"", ""name"": ""Classic Performer""}]","[{""job"": ""Director"", ""name"": ""Featured Director""}]"
330527,Happenstance,"[{""character"": ""Lead Protagonist"", ""name"": ""Happenstance Star""}, {""character"": ""Supporting Role"", ""name"": ""Classic Performer""}]","[{""job"": ""Director"", ""name"": ""Featured Director""}]"
330528,Whale Rider,"[{""character"": ""Lead Protagonist"", ""name"": ""Whale Star""}, {""character"": ""Supporting Role"", ""name"": ""Classic Performer""}]","[{""job"": ""Director"", ""name"": ""Featured Director""}]"
330529,Shivamani,"[{""character"": ""Lead Protagonist"", ""name"": ""Shivamani Star""}, {""character"": ""Supporting Role"", ""name"": ""Classic Performer""}]","[{""job"": ""Director"", ""name"": ""Featured Director""}]"
330530,Goodbye Cruel World,"[{""character"": ""Lead Protagonist"", ""name"": ""Goodbye Star""}, {""character"": ""Supporting Role"", ""name"": ""Classic Performer""}]","[{""job"": ""Director"", ""name"": ""Featured Director""}]"
330531,Short Films by Short People: The Adventures of Sam Digital,"[{""character"": ""Lead Protagonist"", ""name"": ""Short Star""}, {""character"": ""Supporting Role"", ""name"": ""Classic Performer""}]","[{""job"": ""Director"", ""name"": ""Featured Director""}]"
330532,Simply Irresistible,"[{""character"": ""Lead Protagonist"", ""name"": ""Simply Star""}, {""character"": ""Supporting Role"", ""name"": ""Classic Performer""}]","[{""job"": ""Director"", ""name"": ""Featured Director""}]"
330533,The Kirkbride Project,"[{""character"": ""Lead Protagonist"", ""name"": ""The Star""}, {""character"": ""Supporting Role"", ""name"": ""Classic Performer""}]","[{""job"": ""Director"", ""name"": ""Featured Director""}]"
330534,Damn Yankees,"[{""character"": ""Lead Protagonist"", ""name"": ""Damn Star""}, {""character"": ""Supporting Role"", ""name"": ""Classic Performer""}]","[{""job"": ""Director"", ""name"": ""Featured Director""}]"
330535,Pistoleros famosos II,"[{""character"": ""Lead Protagonist"", ""name"": ""Pistoleros Star""}, {""character"": ""Supporting Role"", ""name"": ""Classic Performer""}]","[{""job"": ""Director"", ""name"": ""Featured Director""}]"
330536,Urban Ghost Story,"[{""character"": ""Lead Protagonist"", ""name"": ""Urban Star""}, {""character"": ""Supporting Role"", ""name"": ""Classic Performer""}]","[{""job"": ""Director"", ""name"": ""Featured Director""}]"
330537,Memories of a Teenager,"[{""character"": ""Lead Protagonist"", ""name"": ""Memories Star""}, {""character"": ""Supporting Role"", ""name"": ""Classic Performer""}]","[{""job"": ""Director"", ""name"": ""Featured Director""}]"
330538,Os Dez Mandamentos - O Filme,"[{""character"": ""Lead Protagonist"", ""name"": ""Os Star""}, {""character"": ""Supporting Role"", ""name"": ""Classic Performer""}]","[{""job"": ""Director"", ""name"": ""Featured Director""}]"
330539,Combat Shock,"[{""character"": ""Lead Protagonist"", ""name"": ""Combat Star""}, {""character"": ""Supporting Role"", ""name"": ""Classic Performer""}]","[{""job"": ""Director"", ""name"": ""Featured Director""}]"
330540,Standalone,"[{""character"": ""Lead Protagonist"", ""name"": ""Standalone Star""}, {""character"": ""Supporting Role"", ""name"": ""Classic Performer""}]","[{""job"": ""Director"", ""name"": ""Featured Director""}]"
330541,Blume in Love,"[{""character"": ""Lead Protagonist"", ""name"": ""Blume Star""}, {""character"": ""Supporting Role"", ""name"": ""Classic Performer""}]","[{""job"": ""Director"", ""name"": ""Featured Director""}]"
330542,They Made Me a Killer,"[{""character"": ""Lead Protagonist"", ""name"": ""They Star""}, {""character"": ""Supporting Role"", ""name"": ""Classic Performer""}]","[{""job"": ""Director"", ""name"": ""Featured Director""}]"
330543,Olet mennyt minun vereeni,"[{""character"": ""Lead Protagonist"", ""name"": ""Olet Star""}, {""character"": ""Supporting Role"", ""name"": ""Classic Performer""}]","[{""job"": ""Director"", ""name"": ""Featured Director""}]"
330544,Neruppuda,"[{""character"": ""Lead Protagonist"", ""name"": ""Neruppuda Star""}, {""character"": ""Supporting Role"", ""name"": ""Classic Performer""}]","[{""job"": ""Director"", ""name"": ""Featured Director""}]"
330545,The Emperor's New Clothes,"[{""character"": ""Lead Protagonist"", ""name"": ""The Star""}, {""character"": ""Supporting Role"", ""name"": ""Classic Performer""}]","[{""job"": ""Director"", ""name"": ""Featured Director""}]"
330546,The Element of Hope,"[{""character"": ""Lead Protagonist"", ""name"": ""The Star""}, {""character"": ""Supporting Role"", ""name"": ""Classic Performer""}]","[{""job"": ""Director"", ""name"": ""Featured Director""}]"
330547,Nang maghalo ang balat sa tinalupan,"[{""character"": ""Lead Protagonist"", ""name"": ""Nang Star""}, {""character"": ""Supporting Role"", ""name"": ""Classic Performer""}]","[{""job"": ""Director"", ""name"": ""Featured Director""}]"
330548,Thunderbolt,"[{""character"": ""Lead Protagonist"", ""name"": ""Thunderbolt Star""}, {""character"": ""Supporting Role"", ""name"": ""Classic Performer""}]","[{""job"": ""Director"", ""name"": ""Featured Director""}]"
330549,Le Battement D'ailes D'un Papillon,"[{""character"": ""Lead Protagonist"", ""name"": ""Le Star""}, {""character"": ""Supporting Role"", ""name"": ""Classic Performer""}]","[{""job"": ""Director"", ""name"": ""Featured Director""}]"
330550,Uccidi o muori,"[{""character"": ""Lead Protagonist"", ""name"": ""Uccidi Star""}, {""character"": ""Supporting Role"", ""name"": ""Classic Performer""}]","[{""job"": ""Director"", ""name"": ""Featured Director""}]"
330551,Doraemon: Nobita and the Haunts of Evil,"[{""character"": ""Lead Protagonist"", ""name"": ""Doraemon: Star""}, {""character"": ""Supporting Role"", ""name"": ""Classic Performer""}]","[{""job"": ""Director"", ""name"": ""Featured Director""}]"
330552,Riya Maalik & the Inner World,"[{""character"": ""Lead Protagonist"", ""name"": ""Riya Star""}, {""character"": ""Supporting Role"", ""name"": ""Classic Performer""}]","[{""job"": ""Director"", ""name"": ""Featured Director""}]"
330553,First to Fight,"[{""character"": ""Lead Protagonist"", ""name"": ""First Star""}, {""character"": ""Supporting Role"", ""name"": ""Classic Performer""}]","[{""job"": ""Director"", ""name"": ""Featured Director""}]"
330554,Love in the Rain,"[{""character"": ""Lead Protagonist"", ""name"": ""Love Star""}, {""character"": ""Supporting Role"", ""name"": ""Classic Performer""}]","[{""job"": ""Director"", ""name"": ""Featured Director""}]"
330555,Speckles: The Tarbosaurus,"[{""character"": ""Lead Protagonist"", ""name"": ""Speckles: Star""}, {""character"": ""Supporting Role"", ""name"": ""Classic Performer""}]","[{""job"": ""Director"", ""name"": ""Featured Director""}]"
330556,Nightworld: Door of Hell,"[{""character"": ""Lead Protagonist"", ""name"": ""Nightworld: Star""}, {""character"": ""Supporting Role"", ""name"": ""Classic Performer""}]","[{""job"": ""Director"", ""name"": ""Featured Director""}]"
330557,The Secret of Taran Desert,"[{""character"": ""Lead Protagonist"", ""name"": ""The Star""}, {""character"": ""Supporting Role"", ""name"": ""Classic Performer""}]","[{""job"": ""Director"", ""name"": ""Featured Director""}]"
330558,SOS Coast Guard,"[{""character"": ""Lead Protagonist"", ""name"": ""SOS Star""}, {""character"": ""Supporting Role"", ""name"": ""Classic Performer""}]","[{""job"": ""Director"", ""name"": ""Featured Director""}]"
330559,Atlas Shrugged: Who Is John Galt?,"[{""character"": ""Lead Protagonist"", ""name"": ""Atlas Star""}, {""character"": ""Supporting Role"", ""name"": ""Classic Performer""}]","[{""job"": ""Director"", ""name"": ""Featured Director""}]"
330560,Beyblade: The Movie - Fierce Battle,"[{""character"": ""Lead Protagonist"", ""name"": ""Beyblade: Star""}, {""character"": ""Supporting Role"", ""name"": ""Classic Performer""}]","[{""job"": ""Director"", ""name"": ""Featured Director""}]"
330561,Repeat,"[{""character"": ""Lead Protagonist"", ""name"": ""Repeat Star""}, {""character"": ""Supporting Role"", ""name"": ""Classic Performer""}]","[{""job"": ""Director"", ""name"": ""Featured Director""}]"
330562,The Shooting Order,"[{""character"": ""Lead Protagonist"", ""name"": ""The Star""}, {""character"": ""Supporting Role"", ""name"": ""Classic Performer""}]","[{""job"": ""Director"", ""name"": ""Featured Director""}]"
330563,"Die, Maniacs, Die!","[{""character"": ""Lead Protagonist"", ""name"": ""Die, Star""}, {""character"": ""Supporting Role"", ""name"": ""Classic Performer""}]","[{""job"": ""Director"", ""name"": ""Featured Director""}]"
330564,Gudgudee,"[{""character"": ""Lead Protagonist"", ""name"": ""Gudgudee Star""}, {""character"": ""Supporting Role"", ""name"": ""Classic Performer""}]","[{""job"": ""Director"", ""name"": ""Featured Director""}]"
330565,Black Beauty,"[{""character"": ""Lead Protagonist"", ""name"": ""Black Star""}, {""character"": ""Supporting Role"", ""name"": ""Classic Performer""}]","[{""job"": ""Director"", ""name"": ""Featured Director""}]"
330566,Eastern Citrus,"[{""character"": ""Lead Protagonist"", ""name"": ""Eastern Star""}, {""character"": ""Supporting Role"", ""name"": ""Classic Performer""}]","[{""job"": ""Director"", ""name"": ""Featured Director""}]"
330567,The Beast,"[{""character"": ""Lead Protagonist"", ""name"": ""The Star""}, {""character"": ""Supporting Role"", ""name"": ""Classic Performer""}]","[{""job"": ""Director"", ""name"": ""Featured Director""}]"
330568,Halav,"[{""character"": ""Lead Protagonist"", ""name"": ""Halav Star""}, {""character"": ""Supporting Role"", ""name"": ""Classic Performer""}]","[{""job"": ""Director"", ""name"": ""Featured Director""}]"
330569,Head Cases: Serial Killers in the Delaware Valley,"[{""character"": ""Lead Protagonist"", ""name"": ""Head Star""}, {""character"": ""Supporting Role"", ""name"": ""Classic Performer""}]","[{""job"": ""Director"", ""name"": ""Featured Director""}]"
330570,THE ARRIVAL OF DAJJAL,"[{""character"": ""Lead Protagonist"", ""name"": ""THE Star""}, {""character"": ""Supporting Role"", ""name"": ""Classic Performer""}]","[{""job"": ""Director"", ""name"": ""Featured Director""}]"
330571,Write About Me,"[{""character"": ""Lead Protagonist"", ""name"": ""Write Star""}, {""character"": ""Supporting Role"", ""name"": ""Classic Performer""}]","[{""job"": ""Director"", ""name"": ""Featured Director""}]"
330572,Hero Hitler in Love,"[{""character"": ""Lead Protagonist"", ""name"": ""Hero Star""}, {""character"": ""Supporting Role"", ""name"": ""Classic Performer""}]","[{""job"": ""Director"", ""name"": ""Featured Director""}]"
330573,Los enemigos del dolor,"[{""character"": ""Lead Protagonist"", ""name"": ""Los Star""}, {""character"": ""Supporting Role"", ""name"": ""Classic Performer""}]","[{""job"": ""Director"", ""name"": ""Featured Director""}]"
330574,Tom Holland's Twisted Tales,"[{""character"": ""Lead Protagonist"", ""name"": ""Tom Star""}, {""character"": ""Supporting Role"", ""name"": ""Classic Performer""}]","[{""job"": ""Director"", ""name"": ""Featured Director""}]"
330575,The Creed of Violence,"[{""character"": ""Lead Protagonist"", ""name"": ""The Star""}, {""character"": ""Supporting Role"", ""name"": ""Classic Performer""}]","[{""job"": ""Director"", ""name"": ""Featured Director""}]"
330576,Sad in the Walls,"[{""character"": ""Lead Protagonist"", ""name"": ""Sad Star""}, {""character"": ""Supporting Role"", ""name"": ""Classic Performer""}]","[{""job"": ""Director"", ""name"": ""Featured Director""}]"
330577,Risen,"[{""character"": ""Lead Protagonist"", ""name"": ""Risen Star""}, {""character"": ""Supporting Role"", ""name"": ""Classic Performer""}]","[{""job"": ""Director"", ""name"": ""Featured Director""}]"
330578,The Matarese Circle,"[{""character"": ""Lead Protagonist"", ""name"": ""The Star""}, {""character"": ""Supporting Role"", ""name"": ""Classic Performer""}]","[{""job"": ""Director"", ""name"": ""Featured Director""}]"
330579,Brutus,"[{""character"": ""Lead Protagonist"", ""name"": ""Brutus Star""}, {""character"": ""Supporting Role"", ""name"": ""Classic Performer""}]","[{""job"": ""Director"", ""name"": ""Featured Director""}]"
330580,The Homestretch,"[{""character"": ""Lead Protagonist"", ""name"": ""The Star""}, {""character"": ""Supporting Role"", ""name"": ""Classic Performer""}]","[{""job"": ""Director"", ""name"": ""Featured Director""}]"
330581,Én és a nagyapám,"[{""character"": ""Lead Protagonist"", ""name"": ""\u00c9n Star""}, {""character"": ""Supporting Role"", ""name"": ""Classic Performer""}]","[{""job"": ""Director"", ""name"": ""Featured Director""}]"
330582,Treasure of the Yankee Zephyr,"[{""character"": ""Lead Protagonist"", ""name"": ""Treasure Star""}, {""character"": ""Supporting Role"", ""name"": ""Classic Performer""}]","[{""job"": ""Director"", ""name"": ""Featured Director""}]"
330583,Tip,"[{""character"": ""Lead Protagonist"", ""name"": ""Tip Star""}, {""character"": ""Supporting Role"", ""name"": ""Classic Performer""}]","[{""job"": ""Director"", ""name"": ""Featured Director""}]"
330584,The Last Operative,"[{""character"": ""Lead Protagonist"", ""name"": ""The Star""}, {""character"": ""Supporting Role"", ""name"": ""Classic Performer""}]","[{""job"": ""Director"", ""name"": ""Featured Director""}]"
330585,Courage of Lassie,"[{""character"": ""Lead Protagonist"", ""name"": ""Courage Star""}, {""character"": ""Supporting Role"", ""name"": ""Classic Performer""}]","[{""job"": ""Director"", ""name"": ""Featured Director""}]"
330586,El Paletero,"[{""character"": ""Lead Protagonist"", ""name"": ""El Star""}, {""character"": ""Supporting Role"", ""name"": ""Classic Performer""}]","[{""job"": ""Director"", ""name"": ""Featured Director""}]"
330587,The Turing Enigma,"[{""character"": ""Lead Protagonist"", ""name"": ""The Star""}, {""character"": ""Supporting Role"", ""name"": ""Classic Performer""}]","[{""job"": ""Director"", ""name"": ""Featured Director""}]"
330588,Daygo,"[{""character"": ""Lead Protagonist"", ""name"": ""Daygo Star""}, {""character"": ""Supporting Role"", ""name"": ""Classic Performer""}]","[{""job"": ""Director"", ""name"": ""Featured Director""}]"
330589,Rome '78,"[{""character"": ""Lead Protagonist"", ""name"": ""Rome Star""}, {""character"": ""Supporting Role"", ""name"": ""Classic Performer""}]","[{""job"": ""Director"", ""name"": ""Featured Director""}]"
330590,The Lost Woman,"[{""character"": ""Lead Protagonist"", ""name"": ""The Star""}, {""character"": ""Supporting Role"", ""name"": ""Classic Performer""}]","[{""job"": ""Director"", ""name"": ""Featured Director""}]"
330591,Young Detective Dee: Rise of the Sea Dragon,"[{""character"": ""Lead Protagonist"", ""name"": ""Young Star""}, {""character"": ""Supporting Role"", ""name"": ""Classic Performer""}]","[{""job"": ""Director"", ""name"": ""Featured Director""}]"
330592,"A Tiny Home, A Lead-safe Home","[{""character"": ""Lead Protagonist"", ""name"": ""A Star""}, {""character"": ""Supporting Role"", ""name"": ""Classic Performer""}]","[{""job"": ""Director"", ""name"": ""Featured Director""}]"
330593,Alvin and the Chipmunks: Halloween Collection,"[{""character"": ""Lead Protagonist"", ""name"": ""Alvin Star""}, {""character"": ""Supporting Role"", ""name"": ""Classic Performer""}]","[{""job"": ""Director"", ""name"": ""Featured Director""}]"
330594,Sammohanam,"[{""character"": ""Lead Protagonist"", ""name"": ""Sammohanam Star""}, {""character"": ""Supporting Role"", ""name"": ""Classic Performer""}]","[{""job"": ""Director"", ""name"": ""Featured Director""}]"
330595,El-Kanz,"[{""character"": ""Lead Protagonist"", ""name"": ""El-Kanz Star""}, {""character"": ""Supporting Role"", ""name"": ""Classic Performer""}]","[{""job"": ""Director"", ""name"": ""Featured Director""}]"
330596,Maze,"[{""character"": ""Lead Protagonist"", ""name"": ""Maze Star""}, {""character"": ""Supporting Role"", ""name"": ""Classic Performer""}]","[{""job"": ""Director"", ""name"": ""Featured Director""}]"
330597,A.W.O.L.,"[{""character"": ""Lead Protagonist"", ""name"": ""A.W.O.L. Star""}, {""character"": ""Supporting Role"", ""name"": ""Classic Performer""}]","[{""job"": ""Director"", ""name"": ""Featured Director""}]"
330598,We Take the Low Road,"[{""character"": ""Lead Protagonist"", ""name"": ""We Star""}, {""character"": ""Supporting Role"", ""name"": ""Classic Performer""}]","[{""job"": ""Director"", ""name"": ""Featured Director""}]"
330599,"The Fun, the Luck & the Tycoon","[{""character"": ""Lead Protagonist"", ""name"": ""The Star""}, {""character"": ""Supporting Role"", ""name"": ""Classic Performer""}]","[{""job"": ""Director"", ""name"": ""Featured Director""}]"
330600,The White Stone of Mecca,"[{""character"": ""Lead Protagonist"", ""name"": ""The Star""}, {""character"": ""Supporting Role"", ""name"": ""Classic Performer""}]","[{""job"": ""Director"", ""name"": ""Featured Director""}]"
330601,Camp Wedding,"[{""character"": ""Lead Protagonist"", ""name"": ""Camp Star""}, {""character"": ""Supporting Role"", ""name"": ""Classic Performer""}]","[{""job"": ""Director"", ""name"": ""Featured Director""}]"
330602,Toxica,"[{""character"": ""Lead Protagonist"", ""name"": ""Toxica Star""}, {""character"": ""Supporting Role"", ""name"": ""Classic Performer""}]","[{""job"": ""Director"", ""name"": ""Featured Director""}]"
330603,Insomniacs After School,"[{""character"": ""Lead Protagonist"", ""name"": ""Insomniacs Star""}, {""character"": ""Supporting Role"", ""name"": ""Classic Performer""}]","[{""job"": ""Director"", ""name"": ""Featured Director""}]"
330604,Thor: End of Days,"[{""character"": ""Lead Protagonist"", ""name"": ""Thor: Star""}, {""character"": ""Supporting Role"", ""name"": ""Classic Performer""}]","[{""job"": ""Director"", ""name"": ""Featured Director""}]"
330605,House of Luk,"[{""character"": ""Lead Protagonist"", ""name"": ""House Star""}, {""character"": ""Supporting Role"", ""name"": ""Classic Performer""}]","[{""job"": ""Director"", ""name"": ""Featured Director""}]"
330606,The Video,"[{""character"": ""Lead Protagonist"", ""name"": ""The Star""}, {""character"": ""Supporting Role"", ""name"": ""Classic Performer""}]","[{""job"": ""Director"", ""name"": ""Featured Director""}]"
330607,Robotech: The Movie,"[{""character"": ""Lead Protagonist"", ""name"": ""Robotech: Star""}, {""character"": ""Supporting Role"", ""name"": ""Classic Performer""}]","[{""job"": ""Director"", ""name"": ""Featured Director""}]"
330608,The Silencer,"[{""character"": ""Lead Protagonist"", ""name"": ""The Star""}, {""character"": ""Supporting Role"", ""name"": ""Classic Performer""}]","[{""job"": ""Director"", ""name"": ""Featured Director""}]"
330609,Happily Ever After,"[{""character"": ""Lead Protagonist"", ""name"": ""Happily Star""}, {""character"": ""Supporting Role"", ""name"": ""Classic Performer""}]","[{""job"": ""Director"", ""name"": ""Featured Director""}]"
330610,Geoff and the Ninja,"[{""character"": ""Lead Protagonist"", ""name"": ""Geoff Star""}, {""character"": ""Supporting Role"", ""name"": ""Classic Performer""}]","[{""job"": ""Director"", ""name"": ""Featured Director""}]"
330611,Confessions of a Producer,"[{""character"": ""Lead Protagonist"", ""name"": ""Confessions Star""}, {""character"": ""Supporting Role"", ""name"": ""Classic Performer""}]","[{""job"": ""Director"", ""name"": ""Featured Director""}]"
330612,Without a Clue,"[{""character"": ""Lead Protagonist"", ""name"": ""Without Star""}, {""character"": ""Supporting Role"", ""name"": ""Classic Performer""}]","[{""job"": ""Director"", ""name"": ""Featured Director""}]"
330613,Saani Kaayidham,"[{""character"": ""Lead Protagonist"", ""name"": ""Saani Star""}, {""character"": ""Supporting Role"", ""name"": ""Classic Performer""}]","[{""job"": ""Director"", ""name"": ""Featured Director""}]"
330614,Modern Love,"[{""character"": ""Lead Protagonist"", ""name"": ""Modern Star""}, {""character"": ""Supporting Role"", ""name"": ""Classic Performer""}]","[{""job"": ""Director"", ""name"": ""Featured Director""}]"
330615,You Kill Me,"[{""character"": ""Lead Protagonist"", ""name"": ""You Star""}, {""character"": ""Supporting Role"", ""name"": ""Classic Performer""}]","[{""job"": ""Director"", ""name"": ""Featured Director""}]"
330616,The Head Hunter,"[{""character"": ""Lead Protagonist"", ""name"": ""The Star""}, {""character"": ""Supporting Role"", ""name"": ""Classic Performer""}]","[{""job"": ""Director"", ""name"": ""Featured Director""}]"
330617,Taste the Blood of Dracula,"[{""character"": ""Lead Protagonist"", ""name"": ""Taste Star""}, {""character"": ""Supporting Role"", ""name"": ""Classic Performer""}]","[{""job"": ""Director"", ""name"": ""Featured Director""}]"
330618,Call Me,"[{""character"": ""Lead Protagonist"", ""name"": ""Call Star""}, {""character"": ""Supporting Role"", ""name"": ""Classic Performer""}]","[{""job"": ""Director"", ""name"": ""Featured Director""}]"
330619,"Nikki, Wild Dog of the North","[{""character"": ""Lead Protagonist"", ""name"": ""Nikki, Star""}, {""character"": ""Supporting Role"", ""name"": ""Classic Performer""}]","[{""job"": ""Director"", ""name"": ""Featured Director""}]"
330620,First Draw,"[{""character"": ""Lead Protagonist"", ""name"": ""First Star""}, {""character"": ""Supporting Role"", ""name"": ""Classic Performer""}]","[{""job"": ""Director"", ""name"": ""Featured Director""}]"
330621,Electra One,"[{""character"": ""Lead Protagonist"", ""name"": ""Electra Star""}, {""character"": ""Supporting Role"", ""name"": ""Classic Performer""}]","[{""job"": ""Director"", ""name"": ""Featured Director""}]"
330622,Hollywould,"[{""character"": ""Lead Protagonist"", ""name"": ""Hollywould Star""}, {""character"": ""Supporting Role"", ""name"": ""Classic Performer""}]","[{""job"": ""Director"", ""name"": ""Featured Director""}]"
330623,The Marcus Garvey Story,"[{""character"": ""Lead Protagonist"", ""name"": ""The Star""}, {""character"": ""Supporting Role"", ""name"": ""Classic Performer""}]","[{""job"": ""Director"", ""name"": ""Featured Director""}]"
330624,Hercules in the Haunted World,"[{""character"": ""Lead Protagonist"", ""name"": ""Hercules Star""}, {""character"": ""Supporting Role"", ""name"": ""Classic Performer""}]","[{""job"": ""Director"", ""name"": ""Featured Director""}]"
330625,Kinky Gazpacho,"[{""character"": ""Lead Protagonist"", ""name"": ""Kinky Star""}, {""character"": ""Supporting Role"", ""name"": ""Classic Performer""}]","[{""job"": ""Director"", ""name"": ""Featured Director""}]"
330626,Battle Los Angeles,"[{""character"": ""Lead Protagonist"", ""name"": ""Battle Star""}, {""character"": ""Supporting Role"", ""name"": ""Classic Performer""}]","[{""job"": ""Director"", ""name"": ""Featured Director""}]"
330627,Crackers,"[{""character"": ""Lead Protagonist"", ""name"": ""Crackers Star""}, {""character"": ""Supporting Role"", ""name"": ""Classic Performer""}]","[{""job"": ""Director"", ""name"": ""Featured Director""}]"
330628,Kto tam?,"[{""character"": ""Lead Protagonist"", ""name"": ""Kto Star""}, {""character"": ""Supporting Role"", ""name"": ""Classic Performer""}]","[{""job"": ""Director"", ""name"": ""Featured Director""}]"
330629,Code Name: K.O.Z.,"[{""character"": ""Lead Protagonist"", ""name"": ""Code Star""}, {""character"": ""Supporting Role"", ""name"": ""Classic Performer""}]","[{""job"": ""Director"", ""name"": ""Featured Director""}]"
330630,The Sunny Night,"[{""character"": ""Lead Protagonist"", ""name"": ""The Star""}, {""character"": ""Supporting Role"", ""name"": ""Classic Performer""}]","[{""job"": ""Director"", ""name"": ""Featured Director""}]"
330631,First Fruits,"[{""character"": ""Lead Protagonist"", ""name"": ""First Star""}, {""character"": ""Supporting Role"", ""name"": ""Classic Performer""}]","[{""job"": ""Director"", ""name"": ""Featured Director""}]"
330632,Meri Jung,"[{""character"": ""Lead Protagonist"", ""name"": ""Meri Star""}, {""character"": ""Supporting Role"", ""name"": ""Classic Performer""}]","[{""job"": ""Director"", ""name"": ""Featured Director""}]"
330633,The Family Outing,"[{""character"": ""Lead Protagonist"", ""name"": ""The Star""}, {""character"": ""Supporting Role"", ""name"": ""Classic Performer""}]","[{""job"": ""Director"", ""name"": ""Featured Director""}]"
330634,Female Jungle,"[{""character"": ""Lead Protagonist"", ""name"": ""Female Star""}, {""character"": ""Supporting Role"", ""name"": ""Classic Performer""}]","[{""job"": ""Director"", ""name"": ""Featured Director""}]"
330635,Kumander Elpidio Paclibar,"[{""character"": ""Lead Protagonist"", ""name"": ""Kumander Star""}, {""character"": ""Supporting Role"", ""name"": ""Classic Performer""}]","[{""job"": ""Director"", ""name"": ""Featured Director""}]"
330636,The Ghost Train,"[{""character"": ""Lead Protagonist"", ""name"": ""The Star""}, {""character"": ""Supporting Role"", ""name"": ""Classic Performer""}]","[{""job"": ""Director"", ""name"": ""Featured Director""}]"
330637,7 Deadly Sins: Inside the Ecomm Cult,"[{""character"": ""Lead Protagonist"", ""name"": ""7 Star""}, {""character"": ""Supporting Role"", ""name"": ""Classic Performer""}]","[{""job"": ""Director"", ""name"": ""Featured Director""}]"
330638,American Warlord,"[{""character"": ""Lead Protagonist"", ""name"": ""American Star""}, {""character"": ""Supporting Role"", ""name"": ""Classic Performer""}]","[{""job"": ""Director"", ""name"": ""Featured Director""}]"
330639,Teaser,"[{""character"": ""Lead Protagonist"", ""name"": ""Teaser Star""}, {""character"": ""Supporting Role"", ""name"": ""Classic Performer""}]","[{""job"": ""Director"", ""name"": ""Featured Director""}]"
330640,Besat,"[{""character"": ""Lead Protagonist"", ""name"": ""Besat Star""}, {""character"": ""Supporting Role"", ""name"": ""Classic Performer""}]","[{""job"": ""Director"", ""name"": ""Featured Director""}]"
330641,Woman on Top,"[{""character"": ""Lead Protagonist"", ""name"": ""Woman Star""}, {""character"": ""Supporting Role"", ""name"": ""Classic Performer""}]","[{""job"": ""Director"", ""name"": ""Featured Director""}]"
330642,Crowley,"[{""character"": ""Lead Protagonist"", ""name"": ""Crowley Star""}, {""character"": ""Supporting Role"", ""name"": ""Classic Performer""}]","[{""job"": ""Director"", ""name"": ""Featured Director""}]"
330643,Popeye,"[{""character"": ""Lead Protagonist"", ""name"": ""Popeye Star""}, {""character"": ""Supporting Role"", ""name"": ""Classic Performer""}]","[{""job"": ""Director"", ""name"": ""Featured Director""}]"
330644,Good Time Gang,"[{""character"": ""Lead Protagonist"", ""name"": ""Good Star""}, {""character"": ""Supporting Role"", ""name"": ""Classic Performer""}]","[{""job"": ""Director"", ""name"": ""Featured Director""}]"
330645,Boys Cry,"[{""character"": ""Lead Protagonist"", ""name"": ""Boys Star""}, {""character"": ""Supporting Role"", ""name"": ""Classic Performer""}]","[{""job"": ""Director"", ""name"": ""Featured Director""}]"
330646,The Impersonator,"[{""character"": ""Lead Protagonist"", ""name"": ""The Star""}, {""character"": ""Supporting Role"", ""name"": ""Classic Performer""}]","[{""job"": ""Director"", ""name"": ""Featured Director""}]"
330647,Wildland,"[{""character"": ""Lead Protagonist"", ""name"": ""Wildland Star""}, {""character"": ""Supporting Role"", ""name"": ""Classic Performer""}]","[{""job"": ""Director"", ""name"": ""Featured Director""}]"
330648,Cuba,"[{""character"": ""Lead Protagonist"", ""name"": ""Cuba Star""}, {""character"": ""Supporting Role"", ""name"": ""Classic Performer""}]","[{""job"": ""Director"", ""name"": ""Featured Director""}]"
330649,Western Courage,"[{""character"": ""Lead Protagonist"", ""name"": ""Western Star""}, {""character"": ""Supporting Role"", ""name"": ""Classic Performer""}]","[{""job"": ""Director"", ""name"": ""Featured Director""}]"
330650,Eternal Watch,"[{""character"": ""Lead Protagonist"", ""name"": ""Eternal Star""}, {""character"": ""Supporting Role"", ""name"": ""Classic Performer""}]","[{""job"": ""Director"", ""name"": ""Featured Director""}]"
330651,El Contrato,"[{""character"": ""Lead Protagonist"", ""name"": ""El Star""}, {""character"": ""Supporting Role"", ""name"": ""Classic Performer""}]","[{""job"": ""Director"", ""name"": ""Featured Director""}]"
330652,Son,"[{""character"": ""Lead Protagonist"", ""name"": ""Son Star""}, {""character"": ""Supporting Role"", ""name"": ""Classic Performer""}]","[{""job"": ""Director"", ""name"": ""Featured Director""}]"
330653,Beneath The Cottage,"[{""character"": ""Lead Protagonist"", ""name"": ""Beneath Star""}, {""character"": ""Supporting Role"", ""name"": ""Classic Performer""}]","[{""job"": ""Director"", ""name"": ""Featured Director""}]"
330654,Dismembered,"[{""character"": ""Lead Protagonist"", ""name"": ""Dismembered Star""}, {""character"": ""Supporting Role"", ""name"": ""Classic Performer""}]","[{""job"": ""Director"", ""name"": ""Featured Director""}]"
330655,2030,"[{""character"": ""Lead Protagonist"", ""name"": ""2030 Star""}, {""character"": ""Supporting Role"", ""name"": ""Classic Performer""}]","[{""job"": ""Director"", ""name"": ""Featured Director""}]"
330656,Gold Fever,"[{""character"": ""Lead Protagonist"", ""name"": ""Gold Star""}, {""character"": ""Supporting Role"", ""name"": ""Classic Performer""}]","[{""job"": ""Director"", ""name"": ""Featured Director""}]"
330657,The Dorm That Dripped Blood,"[{""character"": ""Lead Protagonist"", ""name"": ""The Star""}, {""character"": ""Supporting Role"", ""name"": ""Classic Performer""}]","[{""job"": ""Director"", ""name"": ""Featured Director""}]"
330658,Gangs Of Madras,"[{""character"": ""Lead Protagonist"", ""name"": ""Gangs Star""}, {""character"": ""Supporting Role"", ""name"": ""Classic Performer""}]","[{""job"": ""Director"", ""name"": ""Featured Director""}]"
330659,Three Grams of a Dream,"[{""character"": ""Lead Protagonist"", ""name"": ""Three Star""}, {""character"": ""Supporting Role"", ""name"": ""Classic Performer""}]","[{""job"": ""Director"", ""name"": ""Featured Director""}]"
330660,The Big Clock,"[{""character"": ""Lead Protagonist"", ""name"": ""The Star""}, {""character"": ""Supporting Role"", ""name"": ""Classic Performer""}]","[{""job"": ""Director"", ""name"": ""Featured Director""}]"
330661,Dead West,"[{""character"": ""Lead Protagonist"", ""name"": ""Dead Star""}, {""character"": ""Supporting Role"", ""name"": ""Classic Performer""}]","[{""job"": ""Director"", ""name"": ""Featured Director""}]"
330662,Fiza,"[{""character"": ""Lead Protagonist"", ""name"": ""Fiza Star""}, {""character"": ""Supporting Role"", ""name"": ""Classic Performer""}]","[{""job"": ""Director"", ""name"": ""Featured Director""}]"
330663,My Quick Way Out,"[{""character"": ""Lead Protagonist"", ""name"": ""My Star""}, {""character"": ""Supporting Role"", ""name"": ""Classic Performer""}]","[{""job"": ""Director"", ""name"": ""Featured Director""}]"
330664,Pet Pyaar Aur Paap,"[{""character"": ""Lead Protagonist"", ""name"": ""Pet Star""}, {""character"": ""Supporting Role"", ""name"": ""Classic Performer""}]","[{""job"": ""Director"", ""name"": ""Featured Director""}]"
330665,The Final Test,"[{""character"": ""Lead Protagonist"", ""name"": ""The Star""}, {""character"": ""Supporting Role"", ""name"": ""Classic Performer""}]","[{""job"": ""Director"", ""name"": ""Featured Director""}]"
330666,Ella Enchanted,"[{""character"": ""Lead Protagonist"", ""name"": ""Ella Star""}, {""character"": ""Supporting Role"", ""name"": ""Classic Performer""}]","[{""job"": ""Director"", ""name"": ""Featured Director""}]"
330667,Homunculus,"[{""character"": ""Lead Protagonist"", ""name"": ""Homunculus Star""}, {""character"": ""Supporting Role"", ""name"": ""Classic Performer""}]","[{""job"": ""Director"", ""name"": ""Featured Director""}]"
330668,Room 203,"[{""character"": ""Lead Protagonist"", ""name"": ""Room Star""}, {""character"": ""Supporting Role"", ""name"": ""Classic Performer""}]","[{""job"": ""Director"", ""name"": ""Featured Director""}]"
330669,Error 113,"[{""character"": ""Lead Protagonist"", ""name"": ""Error Star""}, {""character"": ""Supporting Role"", ""name"": ""Classic Performer""}]","[{""job"": ""Director"", ""name"": ""Featured Director""}]"
330670,Tunnel Vision,"[{""character"": ""Lead Protagonist"", ""name"": ""Tunnel Star""}, {""character"": ""Supporting Role"", ""name"": ""Classic Performer""}]","[{""job"": ""Director"", ""name"": ""Featured Director""}]"
330671,Life Gamble,"[{""character"": ""Lead Protagonist"", ""name"": ""Life Star""}, {""character"": ""Supporting Role"", ""name"": ""Classic Performer""}]","[{""job"": ""Director"", ""name"": ""Featured Director""}]"
330672,De zwarte tulp,"[{""character"": ""Lead Protagonist"", ""name"": ""De Star""}, {""character"": ""Supporting Role"", ""name"": ""Classic Performer""}]","[{""job"": ""Director"", ""name"": ""Featured Director""}]"
330673,The Princess and the Warrior,"[{""character"": ""Lead Protagonist"", ""name"": ""The Star""}, {""character"": ""Supporting Role"", ""name"": ""Classic Performer""}]","[{""job"": ""Director"", ""name"": ""Featured Director""}]"
330674,Kidnap Me,"[{""character"": ""Lead Protagonist"", ""name"": ""Kidnap Star""}, {""character"": ""Supporting Role"", ""name"": ""Classic Performer""}]","[{""job"": ""Director"", ""name"": ""Featured Director""}]"
330675,Appendage,"[{""character"": ""Lead Protagonist"", ""name"": ""Appendage Star""}, {""character"": ""Supporting Role"", ""name"": ""Classic Performer""}]","[{""job"": ""Director"", ""name"": ""Featured Director""}]"
330676,Ghost Keeper,"[{""character"": ""Lead Protagonist"", ""name"": ""Ghost Star""}, {""character"": ""Supporting Role"", ""name"": ""Classic Performer""}]","[{""job"": ""Director"", ""name"": ""Featured Director""}]"
330677,Pride,"[{""character"": ""Lead Protagonist"", ""name"": ""Pride Star""}, {""character"": ""Supporting Role"", ""name"": ""Classic Performer""}]","[{""job"": ""Director"", ""name"": ""Featured Director""}]"
330678,The Secret Life of Walter Mitty,"[{""character"": ""Lead Protagonist"", ""name"": ""The Star""}, {""character"": ""Supporting Role"", ""name"": ""Classic Performer""}]","[{""job"": ""Director"", ""name"": ""Featured Director""}]"
330679,Dizzy Dames,"[{""character"": ""Lead Protagonist"", ""name"": ""Dizzy Star""}, {""character"": ""Supporting Role"", ""name"": ""Classic Performer""}]","[{""job"": ""Director"", ""name"": ""Featured Director""}]"
330680,Ming Ming,"[{""character"": ""Lead Protagonist"", ""name"": ""Ming Star""}, {""character"": ""Supporting Role"", ""name"": ""Classic Performer""}]","[{""job"": ""Director"", ""name"": ""Featured Director""}]"
330681,Zorawar,"[{""character"": ""Lead Protagonist"", ""name"": ""Zorawar Star""}, {""character"": ""Supporting Role"", ""name"": ""Classic Performer""}]","[{""job"": ""Director"", ""name"": ""Featured Director""}]"
330682,Futures Past,"[{""character"": ""Lead Protagonist"", ""name"": ""Futures Star""}, {""character"": ""Supporting Role"", ""name"": ""Classic Performer""}]","[{""job"": ""Director"", ""name"": ""Featured Director""}]"
330683,Maledicta Electronica,"[{""character"": ""Lead Protagonist"", ""name"": ""Maledicta Star""}, {""character"": ""Supporting Role"", ""name"": ""Classic Performer""}]","[{""job"": ""Director"", ""name"": ""Featured Director""}]"
330684,My Beloved One,"[{""character"": ""Lead Protagonist"", ""name"": ""My Star""}, {""character"": ""Supporting Role"", ""name"": ""Classic Performer""}]","[{""job"": ""Director"", ""name"": ""Featured Director""}]"
330685,Kalevala - uusi aika,"[{""character"": ""Lead Protagonist"", ""name"": ""Kalevala Star""}, {""character"": ""Supporting Role"", ""name"": ""Classic Performer""}]","[{""job"": ""Director"", ""name"": ""Featured Director""}]"
330686,A Tribe Called Home,"[{""character"": ""Lead Protagonist"", ""name"": ""A Star""}, {""character"": ""Supporting Role"", ""name"": ""Classic Performer""}]","[{""job"": ""Director"", ""name"": ""Featured Director""}]"
330687,The Mountain Road,"[{""character"": ""Lead Protagonist"", ""name"": ""The Star""}, {""character"": ""Supporting Role"", ""name"": ""Classic Performer""}]","[{""job"": ""Director"", ""name"": ""Featured Director""}]"
330688,Roast Pork,"[{""character"": ""Lead Protagonist"", ""name"": ""Roast Star""}, {""character"": ""Supporting Role"", ""name"": ""Classic Performer""}]","[{""job"": ""Director"", ""name"": ""Featured Director""}]"
330689,Sense,"[{""character"": ""Lead Protagonist"", ""name"": ""Sense Star""}, {""character"": ""Supporting Role"", ""name"": ""Classic Performer""}]","[{""job"": ""Director"", ""name"": ""Featured Director""}]"
330690,Millionaires' Express,"[{""character"": ""Lead Protagonist"", ""name"": ""Millionaires' Star""}, {""character"": ""Supporting Role"", ""name"": ""Classic Performer""}]","[{""job"": ""Director"", ""name"": ""Featured Director""}]"
330691,D4,"[{""character"": ""Lead Protagonist"", ""name"": ""D4 Star""}, {""character"": ""Supporting Role"", ""name"": ""Classic Performer""}]","[{""job"": ""Director"", ""name"": ""Featured Director""}]"
330692,The Power of Few,"[{""character"": ""Lead Protagonist"", ""name"": ""The Star""}, {""character"": ""Supporting Role"", ""name"": ""Classic Performer""}]","[{""job"": ""Director"", ""name"": ""Featured Director""}]"
330693,Heer Raanjha,"[{""character"": ""Lead Protagonist"", ""name"": ""Heer Star""}, {""character"": ""Supporting Role"", ""name"": ""Classic Performer""}]","[{""job"": ""Director"", ""name"": ""Featured Director""}]"
330694,Battle Scars,"[{""character"": ""Lead Protagonist"", ""name"": ""Battle Star""}, {""character"": ""Supporting Role"", ""name"": ""Classic Performer""}]","[{""job"": ""Director"", ""name"": ""Featured Director""}]"
330695,Prowokator,"[{""character"": ""Lead Protagonist"", ""name"": ""Prowokator Star""}, {""character"": ""Supporting Role"", ""name"": ""Classic Performer""}]","[{""job"": ""Director"", ""name"": ""Featured Director""}]"
330696,Animal,"[{""character"": ""Lead Protagonist"", ""name"": ""Animal Star""}, {""character"": ""Supporting Role"", ""name"": ""Classic Performer""}]","[{""job"": ""Director"", ""name"": ""Featured Director""}]"
330697,Trooper,"[{""character"": ""Lead Protagonist"", ""name"": ""Trooper Star""}, {""character"": ""Supporting Role"", ""name"": ""Classic Performer""}]","[{""job"": ""Director"", ""name"": ""Featured Director""}]"
330698,Waqt Ki Deewar,"[{""character"": ""Lead Protagonist"", ""name"": ""Waqt Star""}, {""character"": ""Supporting Role"", ""name"": ""Classic Performer""}]","[{""job"": ""Director"", ""name"": ""Featured Director""}]"
330699,Danger on the Air,"[{""character"": ""Lead Protagonist"", ""name"": ""Danger Star""}, {""character"": ""Supporting Role"", ""name"": ""Classic Performer""}]","[{""job"": ""Director"", ""name"": ""Featured Director""}]"
330700,Kennedy/Reagan,"[{""character"": ""Lead Protagonist"", ""name"": ""Kennedy/Reagan Star""}, {""character"": ""Supporting Role"", ""name"": ""Classic Performer""}]","[{""job"": ""Director"", ""name"": ""Featured Director""}]"
330701,Beladingala Baale,"[{""character"": ""Lead Protagonist"", ""name"": ""Beladingala Star""}, {""character"": ""Supporting Role"", ""name"": ""Classic Performer""}]","[{""job"": ""Director"", ""name"": ""Featured Director""}]"
330702,Code Name Vengeance,"[{""character"": ""Lead Protagonist"", ""name"": ""Code Star""}, {""character"": ""Supporting Role"", ""name"": ""Classic Performer""}]","[{""job"": ""Director"", ""name"": ""Featured Director""}]"
330703,The Trough,"[{""character"": ""Lead Protagonist"", ""name"": ""The Star""}, {""character"": ""Supporting Role"", ""name"": ""Classic Performer""}]","[{""job"": ""Director"", ""name"": ""Featured Director""}]"
330704,Varisi,"[{""character"": ""Lead Protagonist"", ""name"": ""Varisi Star""}, {""character"": ""Supporting Role"", ""name"": ""Classic Performer""}]","[{""job"": ""Director"", ""name"": ""Featured Director""}]"
330705,Three Sisters,"[{""character"": ""Lead Protagonist"", ""name"": ""Three Star""}, {""character"": ""Supporting Role"", ""name"": ""Classic Performer""}]","[{""job"": ""Director"", ""name"": ""Featured Director""}]"
330706,Countdown,"[{""character"": ""Lead Protagonist"", ""name"": ""Countdown Star""}, {""character"": ""Supporting Role"", ""name"": ""Classic Performer""}]","[{""job"": ""Director"", ""name"": ""Featured Director""}]"
330707,Blair Witch,"[{""character"": ""Lead Protagonist"", ""name"": ""Blair Star""}, {""character"": ""Supporting Role"", ""name"": ""Classic Performer""}]","[{""job"": ""Director"", ""name"": ""Featured Director""}]"
330708,The Guilty Generation,"[{""character"": ""Lead Protagonist"", ""name"": ""The Star""}, {""character"": ""Supporting Role"", ""name"": ""Classic Performer""}]","[{""job"": ""Director"", ""name"": ""Featured Director""}]"
330709,Space Dogs,"[{""character"": ""Lead Protagonist"", ""name"": ""Space Star""}, {""character"": ""Supporting Role"", ""name"": ""Classic Performer""}]","[{""job"": ""Director"", ""name"": ""Featured Director""}]"
330710,Proximity,"[{""character"": ""Lead Protagonist"", ""name"": ""Proximity Star""}, {""character"": ""Supporting Role"", ""name"": ""Classic Performer""}]","[{""job"": ""Director"", ""name"": ""Featured Director""}]"
330711,Kismet Christmas,"[{""character"": ""Lead Protagonist"", ""name"": ""Kismet Star""}, {""character"": ""Supporting Role"", ""name"": ""Classic Performer""}]","[{""job"": ""Director"", ""name"": ""Featured Director""}]"
330712,"Dos y dos, cinco","[{""character"": ""Lead Protagonist"", ""name"": ""Dos Star""}, {""character"": ""Supporting Role"", ""name"": ""Classic Performer""}]","[{""job"": ""Director"", ""name"": ""Featured Director""}]"
330713,Judy & Punch,"[{""character"": ""Lead Protagonist"", ""name"": ""Judy Star""}, {""character"": ""Supporting Role"", ""name"": ""Classic Performer""}]","[{""job"": ""Director"", ""name"": ""Featured Director""}]"
330714,Transformers Big Motion Movie,"[{""character"": ""Lead Protagonist"", ""name"": ""Transformers Star""}, {""character"": ""Supporting Role"", ""name"": ""Classic Performer""}]","[{""job"": ""Director"", ""name"": ""Featured Director""}]"
330715,Slave of the Cannibal God,"[{""character"": ""Lead Protagonist"", ""name"": ""Slave Star""}, {""character"": ""Supporting Role"", ""name"": ""Classic Performer""}]","[{""job"": ""Director"", ""name"": ""Featured Director""}]"
330716,The Everlasting Story,"[{""character"": ""Lead Protagonist"", ""name"": ""The Star""}, {""character"": ""Supporting Role"", ""name"": ""Classic Performer""}]","[{""job"": ""Director"", ""name"": ""Featured Director""}]"
330717,Young and Beautiful,"[{""character"": ""Lead Protagonist"", ""name"": ""Young Star""}, {""character"": ""Supporting Role"", ""name"": ""Classic Performer""}]","[{""job"": ""Director"", ""name"": ""Featured Director""}]"
330718,Caravan to Vaccares,"[{""character"": ""Lead Protagonist"", ""name"": ""Caravan Star""}, {""character"": ""Supporting Role"", ""name"": ""Classic Performer""}]","[{""job"": ""Director"", ""name"": ""Featured Director""}]"
330719,The Fourth Dimension,"[{""character"": ""Lead Protagonist"", ""name"": ""The Star""}, {""character"": ""Supporting Role"", ""name"": ""Classic Performer""}]","[{""job"": ""Director"", ""name"": ""Featured Director""}]"
330720,Radar Patrol vs. Spy King,"[{""character"": ""Lead Protagonist"", ""name"": ""Radar Star""}, {""character"": ""Supporting Role"", ""name"": ""Classic Performer""}]","[{""job"": ""Director"", ""name"": ""Featured Director""}]"
330721,Don Cesare di Bazan,"[{""character"": ""Lead Protagonist"", ""name"": ""Don Star""}, {""character"": ""Supporting Role"", ""name"": ""Classic Performer""}]","[{""job"": ""Director"", ""name"": ""Featured Director""}]"
330722,The Whisperer in Darkness,"[{""character"": ""Lead Protagonist"", ""name"": ""The Star""}, {""character"": ""Supporting Role"", ""name"": ""Classic Performer""}]","[{""job"": ""Director"", ""name"": ""Featured Director""}]"
330723,The Neptune Factor,"[{""character"": ""Lead Protagonist"", ""name"": ""The Star""}, {""character"": ""Supporting Role"", ""name"": ""Classic Performer""}]","[{""job"": ""Director"", ""name"": ""Featured Director""}]"
330724,The Bounty Hunter,"[{""character"": ""Lead Protagonist"", ""name"": ""The Star""}, {""character"": ""Supporting Role"", ""name"": ""Classic Performer""}]","[{""job"": ""Director"", ""name"": ""Featured Director""}]"
330725,Straight-Jacket,"[{""character"": ""Lead Protagonist"", ""name"": ""Straight-Jacket Star""}, {""character"": ""Supporting Role"", ""name"": ""Classic Performer""}]","[{""job"": ""Director"", ""name"": ""Featured Director""}]"
330726,Love and Duty,"[{""character"": ""Lead Protagonist"", ""name"": ""Love Star""}, {""character"": ""Supporting Role"", ""name"": ""Classic Performer""}]","[{""job"": ""Director"", ""name"": ""Featured Director""}]"
330727,"Pretty, Baby, Machine","[{""character"": ""Lead Protagonist"", ""name"": ""Pretty, Star""}, {""character"": ""Supporting Role"", ""name"": ""Classic Performer""}]","[{""job"": ""Director"", ""name"": ""Featured Director""}]"
330728,Kai po che!,"[{""character"": ""Lead Protagonist"", ""name"": ""Kai Star""}, {""character"": ""Supporting Role"", ""name"": ""Classic Performer""}]","[{""job"": ""Director"", ""name"": ""Featured Director""}]"
330729,NG Filming Project,"[{""character"": ""Lead Protagonist"", ""name"": ""NG Star""}, {""character"": ""Supporting Role"", ""name"": ""Classic Performer""}]","[{""job"": ""Director"", ""name"": ""Featured Director""}]"
330730,A Day,"[{""character"": ""Lead Protagonist"", ""name"": ""A Star""}, {""character"": ""Supporting Role"", ""name"": ""Classic Performer""}]","[{""job"": ""Director"", ""name"": ""Featured Director""}]"
330731,Hanged Man's Soul Against the Black Whip,"[{""character"": ""Lead Protagonist"", ""name"": ""Hanged Star""}, {""character"": ""Supporting Role"", ""name"": ""Classic Performer""}]","[{""job"": ""Director"", ""name"": ""Featured Director""}]"
330732,Marino y Esmeralda,"[{""character"": ""Lead Protagonist"", ""name"": ""Marino Star""}, {""character"": ""Supporting Role"", ""name"": ""Classic Performer""}]","[{""job"": ""Director"", ""name"": ""Featured Director""}]"
330733,Female Fight Squad,"[{""character"": ""Lead Protagonist"", ""name"": ""Female Star""}, {""character"": ""Supporting Role"", ""name"": ""Classic Performer""}]","[{""job"": ""Director"", ""name"": ""Featured Director""}]"
330734,Mondocane,"[{""character"": ""Lead Protagonist"", ""name"": ""Mondocane Star""}, {""character"": ""Supporting Role"", ""name"": ""Classic Performer""}]","[{""job"": ""Director"", ""name"": ""Featured Director""}]"
330735,Les amazones du temple d'or,"[{""character"": ""Lead Protagonist"", ""name"": ""Les Star""}, {""character"": ""Supporting Role"", ""name"": ""Classic Performer""}]","[{""job"": ""Director"", ""name"": ""Featured Director""}]"
330736,In the Beginning Was the Eye,"[{""character"": ""Lead Protagonist"", ""name"": ""In Star""}, {""character"": ""Supporting Role"", ""name"": ""Classic Performer""}]","[{""job"": ""Director"", ""name"": ""Featured Director""}]"
330737,Arwah Anak Ajaib,"[{""character"": ""Lead Protagonist"", ""name"": ""Arwah Star""}, {""character"": ""Supporting Role"", ""name"": ""Classic Performer""}]","[{""job"": ""Director"", ""name"": ""Featured Director""}]"
330738,Clay Walker: Jesse James,"[{""character"": ""Lead Protagonist"", ""name"": ""Clay Star""}, {""character"": ""Supporting Role"", ""name"": ""Classic Performer""}]","[{""job"": ""Director"", ""name"": ""Featured Director""}]"
330739,American Psycho,"[{""character"": ""Lead Protagonist"", ""name"": ""American Star""}, {""character"": ""Supporting Role"", ""name"": ""Classic Performer""}]","[{""job"": ""Director"", ""name"": ""Featured Director""}]"
330740,Un Latin lover en Acapulco,"[{""character"": ""Lead Protagonist"", ""name"": ""Un Star""}, {""character"": ""Supporting Role"", ""name"": ""Classic Performer""}]","[{""job"": ""Director"", ""name"": ""Featured Director""}]"
330741,Aida degli alberi,"[{""character"": ""Lead Protagonist"", ""name"": ""Aida Star""}, {""character"": ""Supporting Role"", ""name"": ""Classic Performer""}]","[{""job"": ""Director"", ""name"": ""Featured Director""}]"
330742,Slaves of the Realm,"[{""character"": ""Lead Protagonist"", ""name"": ""Slaves Star""}, {""character"": ""Supporting Role"", ""name"": ""Classic Performer""}]","[{""job"": ""Director"", ""name"": ""Featured Director""}]"
330743,"Nestor Burma, détective de choc","[{""character"": ""Lead Protagonist"", ""name"": ""Nestor Star""}, {""character"": ""Supporting Role"", ""name"": ""Classic Performer""}]","[{""job"": ""Director"", ""name"": ""Featured Director""}]"
330744,Motel Americana Volume II,"[{""character"": ""Lead Protagonist"", ""name"": ""Motel Star""}, {""character"": ""Supporting Role"", ""name"": ""Classic Performer""}]","[{""job"": ""Director"", ""name"": ""Featured Director""}]"
330745,The Divine Fury,"[{""character"": ""Lead Protagonist"", ""name"": ""The Star""}, {""character"": ""Supporting Role"", ""name"": ""Classic Performer""}]","[{""job"": ""Director"", ""name"": ""Featured Director""}]"
330746,Pianomaen,"[{""character"": ""Lead Protagonist"", ""name"": ""Pianomaen Star""}, {""character"": ""Supporting Role"", ""name"": ""Classic Performer""}]","[{""job"": ""Director"", ""name"": ""Featured Director""}]"
330747,Suzume,"[{""character"": ""Lead Protagonist"", ""name"": ""Suzume Star""}, {""character"": ""Supporting Role"", ""name"": ""Classic Performer""}]","[{""job"": ""Director"", ""name"": ""Featured Director""}]"
330748,Untitled Drama/Sci-Fi Story,"[{""character"": ""Lead Protagonist"", ""name"": ""Untitled Star""}, {""character"": ""Supporting Role"", ""name"": ""Classic Performer""}]","[{""job"": ""Director"", ""name"": ""Featured Director""}]"
330749,Whisper III - Asuri,"[{""character"": ""Lead Protagonist"", ""name"": ""Whisper Star""}, {""character"": ""Supporting Role"", ""name"": ""Classic Performer""}]","[{""job"": ""Director"", ""name"": ""Featured Director""}]"
330750,The Wasted Times,"[{""character"": ""Lead Protagonist"", ""name"": ""The Star""}, {""character"": ""Supporting Role"", ""name"": ""Classic Performer""}]","[{""job"": ""Director"", ""name"": ""Featured Director""}]"
330751,Checkmate,"[{""character"": ""Lead Protagonist"", ""name"": ""Checkmate Star""}, {""character"": ""Supporting Role"", ""name"": ""Classic Performer""}]","[{""job"": ""Director"", ""name"": ""Featured Director""}]"
330752,A Pathway to Heaven,"[{""character"": ""Lead Protagonist"", ""name"": ""A Star""}, {""character"": ""Supporting Role"", ""name"": ""Classic Performer""}]","[{""job"": ""Director"", ""name"": ""Featured Director""}]"
330753,A Rough Draft,"[{""character"": ""Lead Protagonist"", ""name"": ""A Star""}, {""character"": ""Supporting Role"", ""name"": ""Classic Performer""}]","[{""job"": ""Director"", ""name"": ""Featured Director""}]"
330754,Stowaway,"[{""character"": ""Lead Protagonist"", ""name"": ""Stowaway Star""}, {""character"": ""Supporting Role"", ""name"": ""Classic Performer""}]","[{""job"": ""Director"", ""name"": ""Featured Director""}]"
330755,Clubbing to Death,"[{""character"": ""Lead Protagonist"", ""name"": ""Clubbing Star""}, {""character"": ""Supporting Role"", ""name"": ""Classic Performer""}]","[{""job"": ""Director"", ""name"": ""Featured Director""}]"
330756,Skyscraper Souls,"[{""character"": ""Lead Protagonist"", ""name"": ""Skyscraper Star""}, {""character"": ""Supporting Role"", ""name"": ""Classic Performer""}]","[{""job"": ""Director"", ""name"": ""Featured Director""}]"
330757,Zombie Nightmare,"[{""character"": ""Lead Protagonist"", ""name"": ""Zombie Star""}, {""character"": ""Supporting Role"", ""name"": ""Classic Performer""}]","[{""job"": ""Director"", ""name"": ""Featured Director""}]"
330758,Stay as You Are,"[{""character"": ""Lead Protagonist"", ""name"": ""Stay Star""}, {""character"": ""Supporting Role"", ""name"": ""Classic Performer""}]","[{""job"": ""Director"", ""name"": ""Featured Director""}]"
330759,Model Behaviour,"[{""character"": ""Lead Protagonist"", ""name"": ""Model Star""}, {""character"": ""Supporting Role"", ""name"": ""Classic Performer""}]","[{""job"": ""Director"", ""name"": ""Featured Director""}]"
330760,Decaf,"[{""character"": ""Lead Protagonist"", ""name"": ""Decaf Star""}, {""character"": ""Supporting Role"", ""name"": ""Classic Performer""}]","[{""job"": ""Director"", ""name"": ""Featured Director""}]"
330761,The Holy Mountain,"[{""character"": ""Lead Protagonist"", ""name"": ""The Star""}, {""character"": ""Supporting Role"", ""name"": ""Classic Performer""}]","[{""job"": ""Director"", ""name"": ""Featured Director""}]"
330762,Videoclub,"[{""character"": ""Lead Protagonist"", ""name"": ""Videoclub Star""}, {""character"": ""Supporting Role"", ""name"": ""Classic Performer""}]","[{""job"": ""Director"", ""name"": ""Featured Director""}]"
330763,The Dooms Chapel Horror,"[{""character"": ""Lead Protagonist"", ""name"": ""The Star""}, {""character"": ""Supporting Role"", ""name"": ""Classic Performer""}]","[{""job"": ""Director"", ""name"": ""Featured Director""}]"
330764,Over the Edge,"[{""character"": ""Lead Protagonist"", ""name"": ""Over Star""}, {""character"": ""Supporting Role"", ""name"": ""Classic Performer""}]","[{""job"": ""Director"", ""name"": ""Featured Director""}]"
330765,La edad del sol,"[{""character"": ""Lead Protagonist"", ""name"": ""La Star""}, {""character"": ""Supporting Role"", ""name"": ""Classic Performer""}]","[{""job"": ""Director"", ""name"": ""Featured Director""}]"
330766,Rescue Me,"[{""character"": ""Lead Protagonist"", ""name"": ""Rescue Star""}, {""character"": ""Supporting Role"", ""name"": ""Classic Performer""}]","[{""job"": ""Director"", ""name"": ""Featured Director""}]"
330767,Diamond Run,"[{""character"": ""Lead Protagonist"", ""name"": ""Diamond Star""}, {""character"": ""Supporting Role"", ""name"": ""Classic Performer""}]","[{""job"": ""Director"", ""name"": ""Featured Director""}]"
330768,The Fabricated Partner of Cody McGuire,"[{""character"": ""Lead Protagonist"", ""name"": ""The Star""}, {""character"": ""Supporting Role"", ""name"": ""Classic Performer""}]","[{""job"": ""Director"", ""name"": ""Featured Director""}]"
330769,Captured Love,"[{""character"": ""Lead Protagonist"", ""name"": ""Captured Star""}, {""character"": ""Supporting Role"", ""name"": ""Classic Performer""}]","[{""job"": ""Director"", ""name"": ""Featured Director""}]"
330770,Zamba,"[{""character"": ""Lead Protagonist"", ""name"": ""Zamba Star""}, {""character"": ""Supporting Role"", ""name"": ""Classic Performer""}]","[{""job"": ""Director"", ""name"": ""Featured Director""}]"
330771,Predator Prey,"[{""character"": ""Lead Protagonist"", ""name"": ""Predator Star""}, {""character"": ""Supporting Role"", ""name"": ""Classic Performer""}]","[{""job"": ""Director"", ""name"": ""Featured Director""}]"
330772,The Prime Minister,"[{""character"": ""Lead Protagonist"", ""name"": ""The Star""}, {""character"": ""Supporting Role"", ""name"": ""Classic Performer""}]","[{""job"": ""Director"", ""name"": ""Featured Director""}]"
330773,A sablazo limpio,"[{""character"": ""Lead Protagonist"", ""name"": ""A Star""}, {""character"": ""Supporting Role"", ""name"": ""Classic Performer""}]","[{""job"": ""Director"", ""name"": ""Featured Director""}]"
330774,The 5-Man Army,"[{""character"": ""Lead Protagonist"", ""name"": ""The Star""}, {""character"": ""Supporting Role"", ""name"": ""Classic Performer""}]","[{""job"": ""Director"", ""name"": ""Featured Director""}]"
330775,I Want to Eat Your Pancreas,"[{""character"": ""Lead Protagonist"", ""name"": ""I Star""}, {""character"": ""Supporting Role"", ""name"": ""Classic Performer""}]","[{""job"": ""Director"", ""name"": ""Featured Director""}]"
330776,Children of the Night,"[{""character"": ""Lead Protagonist"", ""name"": ""Children Star""}, {""character"": ""Supporting Role"", ""name"": ""Classic Performer""}]","[{""job"": ""Director"", ""name"": ""Featured Director""}]"
330777,Quadroon,"[{""character"": ""Lead Protagonist"", ""name"": ""Quadroon Star""}, {""character"": ""Supporting Role"", ""name"": ""Classic Performer""}]","[{""job"": ""Director"", ""name"": ""Featured Director""}]"
330778,Anandobrahma,"[{""character"": ""Lead Protagonist"", ""name"": ""Anandobrahma Star""}, {""character"": ""Supporting Role"", ""name"": ""Classic Performer""}]","[{""job"": ""Director"", ""name"": ""Featured Director""}]"
330779,Women of Mafia,"[{""character"": ""Lead Protagonist"", ""name"": ""Women Star""}, {""character"": ""Supporting Role"", ""name"": ""Classic Performer""}]","[{""job"": ""Director"", ""name"": ""Featured Director""}]"
330780,Black Day,"[{""character"": ""Lead Protagonist"", ""name"": ""Black Star""}, {""character"": ""Supporting Role"", ""name"": ""Classic Performer""}]","[{""job"": ""Director"", ""name"": ""Featured Director""}]"
330781,The Tsunami Warrior,"[{""character"": ""Lead Protagonist"", ""name"": ""The Star""}, {""character"": ""Supporting Role"", ""name"": ""Classic Performer""}]","[{""job"": ""Director"", ""name"": ""Featured Director""}]"
330782,Mexican Werewolf in Texas,"[{""character"": ""Lead Protagonist"", ""name"": ""Mexican Star""}, {""character"": ""Supporting Role"", ""name"": ""Classic Performer""}]","[{""job"": ""Director"", ""name"": ""Featured Director""}]"
330783,Civilization: The Movie,"[{""character"": ""Lead Protagonist"", ""name"": ""Civilization: Star""}, {""character"": ""Supporting Role"", ""name"": ""Classic Performer""}]","[{""job"": ""Director"", ""name"": ""Featured Director""}]"
330784,Killing Cabos,"[{""character"": ""Lead Protagonist"", ""name"": ""Killing Star""}, {""character"": ""Supporting Role"", ""name"": ""Classic Performer""}]","[{""job"": ""Director"", ""name"": ""Featured Director""}]"
330785,Roma-Amor,"[{""character"": ""Lead Protagonist"", ""name"": ""Roma-Amor Star""}, {""character"": ""Supporting Role"", ""name"": ""Classic Performer""}]","[{""job"": ""Director"", ""name"": ""Featured Director""}]"
330786,Pulso,"[{""character"": ""Lead Protagonist"", ""name"": ""Pulso Star""}, {""character"": ""Supporting Role"", ""name"": ""Classic Performer""}]","[{""job"": ""Director"", ""name"": ""Featured Director""}]"
330787,Alien nightmare X,"[{""character"": ""Lead Protagonist"", ""name"": ""Alien Star""}, {""character"": ""Supporting Role"", ""name"": ""Classic Performer""}]","[{""job"": ""Director"", ""name"": ""Featured Director""}]"
330788,Derelict,"[{""character"": ""Lead Protagonist"", ""name"": ""Derelict Star""}, {""character"": ""Supporting Role"", ""name"": ""Classic Performer""}]","[{""job"": ""Director"", ""name"": ""Featured Director""}]"
330789,Diary of the Underdogs,"[{""character"": ""Lead Protagonist"", ""name"": ""Diary Star""}, {""character"": ""Supporting Role"", ""name"": ""Classic Performer""}]","[{""job"": ""Director"", ""name"": ""Featured Director""}]"
330790,Queen of the Forty Thieves,"[{""character"": ""Lead Protagonist"", ""name"": ""Queen Star""}, {""character"": ""Supporting Role"", ""name"": ""Classic Performer""}]","[{""job"": ""Director"", ""name"": ""Featured Director""}]"
330791,Amheukgaui saja,"[{""character"": ""Lead Protagonist"", ""name"": ""Amheukgaui Star""}, {""character"": ""Supporting Role"", ""name"": ""Classic Performer""}]","[{""job"": ""Director"", ""name"": ""Featured Director""}]"
330792,Love's a Killer: Rellik's Revenge,"[{""character"": ""Lead Protagonist"", ""name"": ""Love's Star""}, {""character"": ""Supporting Role"", ""name"": ""Classic Performer""}]","[{""job"": ""Director"", ""name"": ""Featured Director""}]"
330793,The Sword with No Name,"[{""character"": ""Lead Protagonist"", ""name"": ""The Star""}, {""character"": ""Supporting Role"", ""name"": ""Classic Performer""}]","[{""job"": ""Director"", ""name"": ""Featured Director""}]"
330794,Timeshifters 2: Alternate Present,"[{""character"": ""Lead Protagonist"", ""name"": ""Timeshifters Star""}, {""character"": ""Supporting Role"", ""name"": ""Classic Performer""}]","[{""job"": ""Director"", ""name"": ""Featured Director""}]"
330795,The Lake,"[{""character"": ""Lead Protagonist"", ""name"": ""The Star""}, {""character"": ""Supporting Role"", ""name"": ""Classic Performer""}]","[{""job"": ""Director"", ""name"": ""Featured Director""}]"
330796,Warriors: The Black Panther,"[{""character"": ""Lead Protagonist"", ""name"": ""Warriors: Star""}, {""character"": ""Supporting Role"", ""name"": ""Classic Performer""}]","[{""job"": ""Director"", ""name"": ""Featured Director""}]"
330797,Killer Crocodile,"[{""character"": ""Lead Protagonist"", ""name"": ""Killer Star""}, {""character"": ""Supporting Role"", ""name"": ""Classic Performer""}]","[{""job"": ""Director"", ""name"": ""Featured Director""}]"
330798,The Astounding She-Monster,"[{""character"": ""Lead Protagonist"", ""name"": ""The Star""}, {""character"": ""Supporting Role"", ""name"": ""Classic Performer""}]","[{""job"": ""Director"", ""name"": ""Featured Director""}]"
330799,The Real Thing,"[{""character"": ""Lead Protagonist"", ""name"": ""The Star""}, {""character"": ""Supporting Role"", ""name"": ""Classic Performer""}]","[{""job"": ""Director"", ""name"": ""Featured Director""}]"
330800,Fighter of Exigent,"[{""character"": ""Lead Protagonist"", ""name"": ""Fighter Star""}, {""character"": ""Supporting Role"", ""name"": ""Classic Performer""}]","[{""job"": ""Director"", ""name"": ""Featured Director""}]"
330801,Makdee,"[{""character"": ""Lead Protagonist"", ""name"": ""Makdee Star""}, {""character"": ""Supporting Role"", ""name"": ""Classic Performer""}]","[{""job"": ""Director"", ""name"": ""Featured Director""}]"
330802,CJR the Movie: Lawan Rasa Takutmu,"[{""character"": ""Lead Protagonist"", ""name"": ""CJR Star""}, {""character"": ""Supporting Role"", ""name"": ""Classic Performer""}]","[{""job"": ""Director"", ""name"": ""Featured Director""}]"
330803,The Count,"[{""character"": ""Lead Protagonist"", ""name"": ""The Star""}, {""character"": ""Supporting Role"", ""name"": ""Classic Performer""}]","[{""job"": ""Director"", ""name"": ""Featured Director""}]"
330804,Batal min warak,"[{""character"": ""Lead Protagonist"", ""name"": ""Batal Star""}, {""character"": ""Supporting Role"", ""name"": ""Classic Performer""}]","[{""job"": ""Director"", ""name"": ""Featured Director""}]"
330805,White Bird: A Wonder Story,"[{""character"": ""Lead Protagonist"", ""name"": ""White Star""}, {""character"": ""Supporting Role"", ""name"": ""Classic Performer""}]","[{""job"": ""Director"", ""name"": ""Featured Director""}]"
330806,Seven Must Die,"[{""character"": ""Lead Protagonist"", ""name"": ""Seven Star""}, {""character"": ""Supporting Role"", ""name"": ""Classic Performer""}]","[{""job"": ""Director"", ""name"": ""Featured Director""}]"
330807,Unfinished Business,"[{""character"": ""Lead Protagonist"", ""name"": ""Unfinished Star""}, {""character"": ""Supporting Role"", ""name"": ""Classic Performer""}]","[{""job"": ""Director"", ""name"": ""Featured Director""}]"
330808,Night of the Grizzlies,"[{""character"": ""Lead Protagonist"", ""name"": ""Night Star""}, {""character"": ""Supporting Role"", ""name"": ""Classic Performer""}]","[{""job"": ""Director"", ""name"": ""Featured Director""}]"
330809,Alex,"[{""character"": ""Lead Protagonist"", ""name"": ""Alex Star""}, {""character"": ""Supporting Role"", ""name"": ""Classic Performer""}]","[{""job"": ""Director"", ""name"": ""Featured Director""}]"
330810,Wolves of the Nation,"[{""character"": ""Lead Protagonist"", ""name"": ""Wolves Star""}, {""character"": ""Supporting Role"", ""name"": ""Classic Performer""}]","[{""job"": ""Director"", ""name"": ""Featured Director""}]"
330811,Top Hat,"[{""character"": ""Lead Protagonist"", ""name"": ""Top Star""}, {""character"": ""Supporting Role"", ""name"": ""Classic Performer""}]","[{""job"": ""Director"", ""name"": ""Featured Director""}]"
330812,Boo,"[{""character"": ""Lead Protagonist"", ""name"": ""Boo Star""}, {""character"": ""Supporting Role"", ""name"": ""Classic Performer""}]","[{""job"": ""Director"", ""name"": ""Featured Director""}]"
330813,The River of Romance,"[{""character"": ""Lead Protagonist"", ""name"": ""The Star""}, {""character"": ""Supporting Role"", ""name"": ""Classic Performer""}]","[{""job"": ""Director"", ""name"": ""Featured Director""}]"
330814,The Golden Ram,"[{""character"": ""Lead Protagonist"", ""name"": ""The Star""}, {""character"": ""Supporting Role"", ""name"": ""Classic Performer""}]","[{""job"": ""Director"", ""name"": ""Featured Director""}]"
330815,Monster Grizzly,"[{""character"": ""Lead Protagonist"", ""name"": ""Monster Star""}, {""character"": ""Supporting Role"", ""name"": ""Classic Performer""}]","[{""job"": ""Director"", ""name"": ""Featured Director""}]"
330816,"Chick Carter, Detective","[{""character"": ""Lead Protagonist"", ""name"": ""Chick Star""}, {""character"": ""Supporting Role"", ""name"": ""Classic Performer""}]","[{""job"": ""Director"", ""name"": ""Featured Director""}]"
330817,Lafayette Escadrille,"[{""character"": ""Lead Protagonist"", ""name"": ""Lafayette Star""}, {""character"": ""Supporting Role"", ""name"": ""Classic Performer""}]","[{""job"": ""Director"", ""name"": ""Featured Director""}]"
330818,The Game Plan,"[{""character"": ""Lead Protagonist"", ""name"": ""The Star""}, {""character"": ""Supporting Role"", ""name"": ""Classic Performer""}]","[{""job"": ""Director"", ""name"": ""Featured Director""}]"
330819,Holiday,"[{""character"": ""Lead Protagonist"", ""name"": ""Holiday Star""}, {""character"": ""Supporting Role"", ""name"": ""Classic Performer""}]","[{""job"": ""Director"", ""name"": ""Featured Director""}]"
330820,Journey to the West,"[{""character"": ""Lead Protagonist"", ""name"": ""Journey Star""}, {""character"": ""Supporting Role"", ""name"": ""Classic Performer""}]","[{""job"": ""Director"", ""name"": ""Featured Director""}]"
330821,Stagger,"[{""character"": ""Lead Protagonist"", ""name"": ""Stagger Star""}, {""character"": ""Supporting Role"", ""name"": ""Classic Performer""}]","[{""job"": ""Director"", ""name"": ""Featured Director""}]"
330822,All Monsters Attack,"[{""character"": ""Lead Protagonist"", ""name"": ""All Star""}, {""character"": ""Supporting Role"", ""name"": ""Classic Performer""}]","[{""job"": ""Director"", ""name"": ""Featured Director""}]"
330823,Kasalanan ang buhayin ka,"[{""character"": ""Lead Protagonist"", ""name"": ""Kasalanan Star""}, {""character"": ""Supporting Role"", ""name"": ""Classic Performer""}]","[{""job"": ""Director"", ""name"": ""Featured Director""}]"
330824,Rise of Cameron,"[{""character"": ""Lead Protagonist"", ""name"": ""Rise Star""}, {""character"": ""Supporting Role"", ""name"": ""Classic Performer""}]","[{""job"": ""Director"", ""name"": ""Featured Director""}]"
330825,Kultur Shock!,"[{""character"": ""Lead Protagonist"", ""name"": ""Kultur Star""}, {""character"": ""Supporting Role"", ""name"": ""Classic Performer""}]","[{""job"": ""Director"", ""name"": ""Featured Director""}]"
330826,The Devil's Rain,"[{""character"": ""Lead Protagonist"", ""name"": ""The Star""}, {""character"": ""Supporting Role"", ""name"": ""Classic Performer""}]","[{""job"": ""Director"", ""name"": ""Featured Director""}]"
330827,La Bella Figura,"[{""character"": ""Lead Protagonist"", ""name"": ""La Star""}, {""character"": ""Supporting Role"", ""name"": ""Classic Performer""}]","[{""job"": ""Director"", ""name"": ""Featured Director""}]"
330828,The Caribbean Mystery,"[{""character"": ""Lead Protagonist"", ""name"": ""The Star""}, {""character"": ""Supporting Role"", ""name"": ""Classic Performer""}]","[{""job"": ""Director"", ""name"": ""Featured Director""}]"
330829,The Boxtrolls,"[{""character"": ""Lead Protagonist"", ""name"": ""The Star""}, {""character"": ""Supporting Role"", ""name"": ""Classic Performer""}]","[{""job"": ""Director"", ""name"": ""Featured Director""}]"
330830,Habit,"[{""character"": ""Lead Protagonist"", ""name"": ""Habit Star""}, {""character"": ""Supporting Role"", ""name"": ""Classic Performer""}]","[{""job"": ""Director"", ""name"": ""Featured Director""}]"
330831,Ostzone,"[{""character"": ""Lead Protagonist"", ""name"": ""Ostzone Star""}, {""character"": ""Supporting Role"", ""name"": ""Classic Performer""}]","[{""job"": ""Director"", ""name"": ""Featured Director""}]"
330832,Akbar the Elephant,"[{""character"": ""Lead Protagonist"", ""name"": ""Akbar Star""}, {""character"": ""Supporting Role"", ""name"": ""Classic Performer""}]","[{""job"": ""Director"", ""name"": ""Featured Director""}]"
330833,Gun Camera Footage: Desert Storm Declassified,"[{""character"": ""Lead Protagonist"", ""name"": ""Gun Star""}, {""character"": ""Supporting Role"", ""name"": ""Classic Performer""}]","[{""job"": ""Director"", ""name"": ""Featured Director""}]"
330834,People's Enemy,"[{""character"": ""Lead Protagonist"", ""name"": ""People's Star""}, {""character"": ""Supporting Role"", ""name"": ""Classic Performer""}]","[{""job"": ""Director"", ""name"": ""Featured Director""}]"
330835,Heinz Rühmann erzählt Märchen,"[{""character"": ""Lead Protagonist"", ""name"": ""Heinz Star""}, {""character"": ""Supporting Role"", ""name"": ""Classic Performer""}]","[{""job"": ""Director"", ""name"": ""Featured Director""}]"
330836,Island Captives,"[{""character"": ""Lead Protagonist"", ""name"": ""Island Star""}, {""character"": ""Supporting Role"", ""name"": ""Classic Performer""}]","[{""job"": ""Director"", ""name"": ""Featured Director""}]"
330837,Os Trapalhões e a Árvore da Juventude,"[{""character"": ""Lead Protagonist"", ""name"": ""Os Star""}, {""character"": ""Supporting Role"", ""name"": ""Classic Performer""}]","[{""job"": ""Director"", ""name"": ""Featured Director""}]"
330838,Saraband,"[{""character"": ""Lead Protagonist"", ""name"": ""Saraband Star""}, {""character"": ""Supporting Role"", ""name"": ""Classic Performer""}]","[{""job"": ""Director"", ""name"": ""Featured Director""}]"
330839,Lovember,"[{""character"": ""Lead Protagonist"", ""name"": ""Lovember Star""}, {""character"": ""Supporting Role"", ""name"": ""Classic Performer""}]","[{""job"": ""Director"", ""name"": ""Featured Director""}]"
330840,Merlin,"[{""character"": ""Lead Protagonist"", ""name"": ""Merlin Star""}, {""character"": ""Supporting Role"", ""name"": ""Classic Performer""}]","[{""job"": ""Director"", ""name"": ""Featured Director""}]"
330841,Eclipse: The Rise of Ink,"[{""character"": ""Lead Protagonist"", ""name"": ""Eclipse: Star""}, {""character"": ""Supporting Role"", ""name"": ""Classic Performer""}]","[{""job"": ""Director"", ""name"": ""Featured Director""}]"
330842,Wenn es Nacht wird auf der Reeperbahn,"[{""character"": ""Lead Protagonist"", ""name"": ""Wenn Star""}, {""character"": ""Supporting Role"", ""name"": ""Classic Performer""}]","[{""job"": ""Director"", ""name"": ""Featured Director""}]"
330843,"Ico, the Brave Horse","[{""character"": ""Lead Protagonist"", ""name"": ""Ico, Star""}, {""character"": ""Supporting Role"", ""name"": ""Classic Performer""}]","[{""job"": ""Director"", ""name"": ""Featured Director""}]"
330844,False Positive,"[{""character"": ""Lead Protagonist"", ""name"": ""False Star""}, {""character"": ""Supporting Role"", ""name"": ""Classic Performer""}]","[{""job"": ""Director"", ""name"": ""Featured Director""}]"
330845,Killungard,"[{""character"": ""Lead Protagonist"", ""name"": ""Killungard Star""}, {""character"": ""Supporting Role"", ""name"": ""Classic Performer""}]","[{""job"": ""Director"", ""name"": ""Featured Director""}]"
330846,Shack Out on 101,"[{""character"": ""Lead Protagonist"", ""name"": ""Shack Star""}, {""character"": ""Supporting Role"", ""name"": ""Classic Performer""}]","[{""job"": ""Director"", ""name"": ""Featured Director""}]"
330847,The Ice Flood,"[{""character"": ""Lead Protagonist"", ""name"": ""The Star""}, {""character"": ""Supporting Role"", ""name"": ""Classic Performer""}]","[{""job"": ""Director"", ""name"": ""Featured Director""}]"
330848,Messiah,"[{""character"": ""Lead Protagonist"", ""name"": ""Messiah Star""}, {""character"": ""Supporting Role"", ""name"": ""Classic Performer""}]","[{""job"": ""Director"", ""name"": ""Featured Director""}]"
330849,Prom Dress,"[{""character"": ""Lead Protagonist"", ""name"": ""Prom Star""}, {""character"": ""Supporting Role"", ""name"": ""Classic Performer""}]","[{""job"": ""Director"", ""name"": ""Featured Director""}]"
330850,space//space,"[{""character"": ""Lead Protagonist"", ""name"": ""space//space Star""}, {""character"": ""Supporting Role"", ""name"": ""Classic Performer""}]","[{""job"": ""Director"", ""name"": ""Featured Director""}]"
330851,Dhumas,"[{""character"": ""Lead Protagonist"", ""name"": ""Dhumas Star""}, {""character"": ""Supporting Role"", ""name"": ""Classic Performer""}]","[{""job"": ""Director"", ""name"": ""Featured Director""}]"
330852,Michael Zero,"[{""character"": ""Lead Protagonist"", ""name"": ""Michael Star""}, {""character"": ""Supporting Role"", ""name"": ""Classic Performer""}]","[{""job"": ""Director"", ""name"": ""Featured Director""}]"
330853,The Runners,"[{""character"": ""Lead Protagonist"", ""name"": ""The Star""}, {""character"": ""Supporting Role"", ""name"": ""Classic Performer""}]","[{""job"": ""Director"", ""name"": ""Featured Director""}]"
330854,The Poor Little Rich Girl,"[{""character"": ""Lead Protagonist"", ""name"": ""The Star""}, {""character"": ""Supporting Role"", ""name"": ""Classic Performer""}]","[{""job"": ""Director"", ""name"": ""Featured Director""}]"
330855,Lwa: All Saints' Eve,"[{""character"": ""Lead Protagonist"", ""name"": ""Lwa: Star""}, {""character"": ""Supporting Role"", ""name"": ""Classic Performer""}]","[{""job"": ""Director"", ""name"": ""Featured Director""}]"
330856,Mina's Choice,"[{""character"": ""Lead Protagonist"", ""name"": ""Mina's Star""}, {""character"": ""Supporting Role"", ""name"": ""Classic Performer""}]","[{""job"": ""Director"", ""name"": ""Featured Director""}]"
330857,Crazy Beggar SuQiEr,"[{""character"": ""Lead Protagonist"", ""name"": ""Crazy Star""}, {""character"": ""Supporting Role"", ""name"": ""Classic Performer""}]","[{""job"": ""Director"", ""name"": ""Featured Director""}]"
330858,The Unhaunted,"[{""character"": ""Lead Protagonist"", ""name"": ""The Star""}, {""character"": ""Supporting Role"", ""name"": ""Classic Performer""}]","[{""job"": ""Director"", ""name"": ""Featured Director""}]"
330859,After Earth,"[{""character"": ""Lead Protagonist"", ""name"": ""After Star""}, {""character"": ""Supporting Role"", ""name"": ""Classic Performer""}]","[{""job"": ""Director"", ""name"": ""Featured Director""}]"
330860,Swelter,"[{""character"": ""Lead Protagonist"", ""name"": ""Swelter Star""}, {""character"": ""Supporting Role"", ""name"": ""Classic Performer""}]","[{""job"": ""Director"", ""name"": ""Featured Director""}]"
330861,The Way to Mandalay,"[{""character"": ""Lead Protagonist"", ""name"": ""The Star""}, {""character"": ""Supporting Role"", ""name"": ""Classic Performer""}]","[{""job"": ""Director"", ""name"": ""Featured Director""}]"
330862,"Science Fell in Love, So I Tried to Prove It","[{""character"": ""Lead Protagonist"", ""name"": ""Science Star""}, {""character"": ""Supporting Role"", ""name"": ""Classic Performer""}]","[{""job"": ""Director"", ""name"": ""Featured Director""}]"
330863,The Cranes Are Flying,"[{""character"": ""Lead Protagonist"", ""name"": ""The Star""}, {""character"": ""Supporting Role"", ""name"": ""Classic Performer""}]","[{""job"": ""Director"", ""name"": ""Featured Director""}]"
330864,Collective: Unconscious,"[{""character"": ""Lead Protagonist"", ""name"": ""Collective: Star""}, {""character"": ""Supporting Role"", ""name"": ""Classic Performer""}]","[{""job"": ""Director"", ""name"": ""Featured Director""}]"
330865,The Sadist,"[{""character"": ""Lead Protagonist"", ""name"": ""The Star""}, {""character"": ""Supporting Role"", ""name"": ""Classic Performer""}]","[{""job"": ""Director"", ""name"": ""Featured Director""}]"
330866,The Weird Kidz,"[{""character"": ""Lead Protagonist"", ""name"": ""The Star""}, {""character"": ""Supporting Role"", ""name"": ""Classic Performer""}]","[{""job"": ""Director"", ""name"": ""Featured Director""}]"
330867,What Women Want,"[{""character"": ""Lead Protagonist"", ""name"": ""What Star""}, {""character"": ""Supporting Role"", ""name"": ""Classic Performer""}]","[{""job"": ""Director"", ""name"": ""Featured Director""}]"
330868,A Força dos Sentidos,"[{""character"": ""Lead Protagonist"", ""name"": ""A Star""}, {""character"": ""Supporting Role"", ""name"": ""Classic Performer""}]","[{""job"": ""Director"", ""name"": ""Featured Director""}]"
330869,Lekin...,"[{""character"": ""Lead Protagonist"", ""name"": ""Lekin... Star""}, {""character"": ""Supporting Role"", ""name"": ""Classic Performer""}]","[{""job"": ""Director"", ""name"": ""Featured Director""}]"
330870,Alex's Apartment,"[{""character"": ""Lead Protagonist"", ""name"": ""Alex's Star""}, {""character"": ""Supporting Role"", ""name"": ""Classic Performer""}]","[{""job"": ""Director"", ""name"": ""Featured Director""}]"
330871,The Perfect Witness,"[{""character"": ""Lead Protagonist"", ""name"": ""The Star""}, {""character"": ""Supporting Role"", ""name"": ""Classic Performer""}]","[{""job"": ""Director"", ""name"": ""Featured Director""}]"
330872,Logoi kai amartimata,"[{""character"": ""Lead Protagonist"", ""name"": ""Logoi Star""}, {""character"": ""Supporting Role"", ""name"": ""Classic Performer""}]","[{""job"": ""Director"", ""name"": ""Featured Director""}]"
330873,The Shadow Behind You,"[{""character"": ""Lead Protagonist"", ""name"": ""The Star""}, {""character"": ""Supporting Role"", ""name"": ""Classic Performer""}]","[{""job"": ""Director"", ""name"": ""Featured Director""}]"
330874,White Fury,"[{""character"": ""Lead Protagonist"", ""name"": ""White Star""}, {""character"": ""Supporting Role"", ""name"": ""Classic Performer""}]","[{""job"": ""Director"", ""name"": ""Featured Director""}]"
330875,Mizhi Thurakku,"[{""character"": ""Lead Protagonist"", ""name"": ""Mizhi Star""}, {""character"": ""Supporting Role"", ""name"": ""Classic Performer""}]","[{""job"": ""Director"", ""name"": ""Featured Director""}]"
330876,Veronika,"[{""character"": ""Lead Protagonist"", ""name"": ""Veronika Star""}, {""character"": ""Supporting Role"", ""name"": ""Classic Performer""}]","[{""job"": ""Director"", ""name"": ""Featured Director""}]"
330877,City of the Vampires,"[{""character"": ""Lead Protagonist"", ""name"": ""City Star""}, {""character"": ""Supporting Role"", ""name"": ""Classic Performer""}]","[{""job"": ""Director"", ""name"": ""Featured Director""}]"
330878,Ring of Fire,"[{""character"": ""Lead Protagonist"", ""name"": ""Ring Star""}, {""character"": ""Supporting Role"", ""name"": ""Classic Performer""}]","[{""job"": ""Director"", ""name"": ""Featured Director""}]"
330879,Süd. Grenze,"[{""character"": ""Lead Protagonist"", ""name"": ""S\u00fcd. Star""}, {""character"": ""Supporting Role"", ""name"": ""Classic Performer""}]","[{""job"": ""Director"", ""name"": ""Featured Director""}]"
330880,House Arrest,"[{""character"": ""Lead Protagonist"", ""name"": ""House Star""}, {""character"": ""Supporting Role"", ""name"": ""Classic Performer""}]","[{""job"": ""Director"", ""name"": ""Featured Director""}]"
330881,Wan fa gui zong yi Shao Lin,"[{""character"": ""Lead Protagonist"", ""name"": ""Wan Star""}, {""character"": ""Supporting Role"", ""name"": ""Classic Performer""}]","[{""job"": ""Director"", ""name"": ""Featured Director""}]"
330882,Feystrom,"[{""character"": ""Lead Protagonist"", ""name"": ""Feystrom Star""}, {""character"": ""Supporting Role"", ""name"": ""Classic Performer""}]","[{""job"": ""Director"", ""name"": ""Featured Director""}]"
330883,Suburra,"[{""character"": ""Lead Protagonist"", ""name"": ""Suburra Star""}, {""character"": ""Supporting Role"", ""name"": ""Classic Performer""}]","[{""job"": ""Director"", ""name"": ""Featured Director""}]"
330884,Bloodtype,"[{""character"": ""Lead Protagonist"", ""name"": ""Bloodtype Star""}, {""character"": ""Supporting Role"", ""name"": ""Classic Performer""}]","[{""job"": ""Director"", ""name"": ""Featured Director""}]"
330885,The Mystic Hour,"[{""character"": ""Lead Protagonist"", ""name"": ""The Star""}, {""character"": ""Supporting Role"", ""name"": ""Classic Performer""}]","[{""job"": ""Director"", ""name"": ""Featured Director""}]"
330886,Bach et Bottine,"[{""character"": ""Lead Protagonist"", ""name"": ""Bach Star""}, {""character"": ""Supporting Role"", ""name"": ""Classic Performer""}]","[{""job"": ""Director"", ""name"": ""Featured Director""}]"
330887,Cheot sonnim,"[{""character"": ""Lead Protagonist"", ""name"": ""Cheot Star""}, {""character"": ""Supporting Role"", ""name"": ""Classic Performer""}]","[{""job"": ""Director"", ""name"": ""Featured Director""}]"
330888,X-The Killer's Theory,"[{""character"": ""Lead Protagonist"", ""name"": ""X-The Star""}, {""character"": ""Supporting Role"", ""name"": ""Classic Performer""}]","[{""job"": ""Director"", ""name"": ""Featured Director""}]"
330889,Soldier's Joy,"[{""character"": ""Lead Protagonist"", ""name"": ""Soldier's Star""}, {""character"": ""Supporting Role"", ""name"": ""Classic Performer""}]","[{""job"": ""Director"", ""name"": ""Featured Director""}]"
330890,Meals on Wheels,"[{""character"": ""Lead Protagonist"", ""name"": ""Meals Star""}, {""character"": ""Supporting Role"", ""name"": ""Classic Performer""}]","[{""job"": ""Director"", ""name"": ""Featured Director""}]"
330891,Encounters,"[{""character"": ""Lead Protagonist"", ""name"": ""Encounters Star""}, {""character"": ""Supporting Role"", ""name"": ""Classic Performer""}]","[{""job"": ""Director"", ""name"": ""Featured Director""}]"
330892,Love or a Kingdom,"[{""character"": ""Lead Protagonist"", ""name"": ""Love Star""}, {""character"": ""Supporting Role"", ""name"": ""Classic Performer""}]","[{""job"": ""Director"", ""name"": ""Featured Director""}]"
330893,Raaz Reboot,"[{""character"": ""Lead Protagonist"", ""name"": ""Raaz Star""}, {""character"": ""Supporting Role"", ""name"": ""Classic Performer""}]","[{""job"": ""Director"", ""name"": ""Featured Director""}]"
330894,Samson und Delila,"[{""character"": ""Lead Protagonist"", ""name"": ""Samson Star""}, {""character"": ""Supporting Role"", ""name"": ""Classic Performer""}]","[{""job"": ""Director"", ""name"": ""Featured Director""}]"
330895,The Vardøger,"[{""character"": ""Lead Protagonist"", ""name"": ""The Star""}, {""character"": ""Supporting Role"", ""name"": ""Classic Performer""}]","[{""job"": ""Director"", ""name"": ""Featured Director""}]"
330896,Madame X: An Absolute Ruler,"[{""character"": ""Lead Protagonist"", ""name"": ""Madame Star""}, {""character"": ""Supporting Role"", ""name"": ""Classic Performer""}]","[{""job"": ""Director"", ""name"": ""Featured Director""}]"
330897,Blame!,"[{""character"": ""Lead Protagonist"", ""name"": ""Blame! Star""}, {""character"": ""Supporting Role"", ""name"": ""Classic Performer""}]","[{""job"": ""Director"", ""name"": ""Featured Director""}]"
330898,Rendezvous at Midnight,"[{""character"": ""Lead Protagonist"", ""name"": ""Rendezvous Star""}, {""character"": ""Supporting Role"", ""name"": ""Classic Performer""}]","[{""job"": ""Director"", ""name"": ""Featured Director""}]"
330899,Syd and Chloe and the Myriad Worlds,"[{""character"": ""Lead Protagonist"", ""name"": ""Syd Star""}, {""character"": ""Supporting Role"", ""name"": ""Classic Performer""}]","[{""job"": ""Director"", ""name"": ""Featured Director""}]"
330900,The Confederate,"[{""character"": ""Lead Protagonist"", ""name"": ""The Star""}, {""character"": ""Supporting Role"", ""name"": ""Classic Performer""}]","[{""job"": ""Director"", ""name"": ""Featured Director""}]"
330901,Door to the Other Side,"[{""character"": ""Lead Protagonist"", ""name"": ""Door Star""}, {""character"": ""Supporting Role"", ""name"": ""Classic Performer""}]","[{""job"": ""Director"", ""name"": ""Featured Director""}]"
330902,Mission Impossible Versus the Mob,"[{""character"": ""Lead Protagonist"", ""name"": ""Mission Star""}, {""character"": ""Supporting Role"", ""name"": ""Classic Performer""}]","[{""job"": ""Director"", ""name"": ""Featured Director""}]"
330903,Anomalisa,"[{""character"": ""Lead Protagonist"", ""name"": ""Anomalisa Star""}, {""character"": ""Supporting Role"", ""name"": ""Classic Performer""}]","[{""job"": ""Director"", ""name"": ""Featured Director""}]"
330904,Corto Maltese: Secret Court of the Arcanes,"[{""character"": ""Lead Protagonist"", ""name"": ""Corto Star""}, {""character"": ""Supporting Role"", ""name"": ""Classic Performer""}]","[{""job"": ""Director"", ""name"": ""Featured Director""}]"
330905,All About E,"[{""character"": ""Lead Protagonist"", ""name"": ""All Star""}, {""character"": ""Supporting Role"", ""name"": ""Classic Performer""}]","[{""job"": ""Director"", ""name"": ""Featured Director""}]"
330906,Chandu on the Magic Island,"[{""character"": ""Lead Protagonist"", ""name"": ""Chandu Star""}, {""character"": ""Supporting Role"", ""name"": ""Classic Performer""}]","[{""job"": ""Director"", ""name"": ""Featured Director""}]"
330907,Untitled Robert Capa Project,"[{""character"": ""Lead Protagonist"", ""name"": ""Untitled Star""}, {""character"": ""Supporting Role"", ""name"": ""Classic Performer""}]","[{""job"": ""Director"", ""name"": ""Featured Director""}]"
330908,Bhagmati,"[{""character"": ""Lead Protagonist"", ""name"": ""Bhagmati Star""}, {""character"": ""Supporting Role"", ""name"": ""Classic Performer""}]","[{""job"": ""Director"", ""name"": ""Featured Director""}]"
330909,Operation Curveball,"[{""character"": ""Lead Protagonist"", ""name"": ""Operation Star""}, {""character"": ""Supporting Role"", ""name"": ""Classic Performer""}]","[{""job"": ""Director"", ""name"": ""Featured Director""}]"
330910,The Spider Returns,"[{""character"": ""Lead Protagonist"", ""name"": ""The Star""}, {""character"": ""Supporting Role"", ""name"": ""Classic Performer""}]","[{""job"": ""Director"", ""name"": ""Featured Director""}]"
330911,Killer!,"[{""character"": ""Lead Protagonist"", ""name"": ""Killer! Star""}, {""character"": ""Supporting Role"", ""name"": ""Classic Performer""}]","[{""job"": ""Director"", ""name"": ""Featured Director""}]"
330912,Love in 42.9,"[{""character"": ""Lead Protagonist"", ""name"": ""Love Star""}, {""character"": ""Supporting Role"", ""name"": ""Classic Performer""}]","[{""job"": ""Director"", ""name"": ""Featured Director""}]"
330913,Cloud Atlas,"[{""character"": ""Lead Protagonist"", ""name"": ""Cloud Star""}, {""character"": ""Supporting Role"", ""name"": ""Classic Performer""}]","[{""job"": ""Director"", ""name"": ""Featured Director""}]"
330914,From Russia with Love,"[{""character"": ""Lead Protagonist"", ""name"": ""From Star""}, {""character"": ""Supporting Role"", ""name"": ""Classic Performer""}]","[{""job"": ""Director"", ""name"": ""Featured Director""}]"
330915,Machoman,"[{""character"": ""Lead Protagonist"", ""name"": ""Machoman Star""}, {""character"": ""Supporting Role"", ""name"": ""Classic Performer""}]","[{""job"": ""Director"", ""name"": ""Featured Director""}]"
330916,Neutron Battles the Karate Assassins,"[{""character"": ""Lead Protagonist"", ""name"": ""Neutron Star""}, {""character"": ""Supporting Role"", ""name"": ""Classic Performer""}]","[{""job"": ""Director"", ""name"": ""Featured Director""}]"
330917,Where Demons Hide,"[{""character"": ""Lead Protagonist"", ""name"": ""Where Star""}, {""character"": ""Supporting Role"", ""name"": ""Classic Performer""}]","[{""job"": ""Director"", ""name"": ""Featured Director""}]"
330918,The Defilers,"[{""character"": ""Lead Protagonist"", ""name"": ""The Star""}, {""character"": ""Supporting Role"", ""name"": ""Classic Performer""}]","[{""job"": ""Director"", ""name"": ""Featured Director""}]"
330919,Princess Emmy,"[{""character"": ""Lead Protagonist"", ""name"": ""Princess Star""}, {""character"": ""Supporting Role"", ""name"": ""Classic Performer""}]","[{""job"": ""Director"", ""name"": ""Featured Director""}]"
330920,The Red Spider,"[{""character"": ""Lead Protagonist"", ""name"": ""The Star""}, {""character"": ""Supporting Role"", ""name"": ""Classic Performer""}]","[{""job"": ""Director"", ""name"": ""Featured Director""}]"
330921,The Gene Generation,"[{""character"": ""Lead Protagonist"", ""name"": ""The Star""}, {""character"": ""Supporting Role"", ""name"": ""Classic Performer""}]","[{""job"": ""Director"", ""name"": ""Featured Director""}]"
330922,Marilyn Chambers My Story,"[{""character"": ""Lead Protagonist"", ""name"": ""Marilyn Star""}, {""character"": ""Supporting Role"", ""name"": ""Classic Performer""}]","[{""job"": ""Director"", ""name"": ""Featured Director""}]"
330923,I Know You Killed Them,"[{""character"": ""Lead Protagonist"", ""name"": ""I Star""}, {""character"": ""Supporting Role"", ""name"": ""Classic Performer""}]","[{""job"": ""Director"", ""name"": ""Featured Director""}]"
330924,The Hospital,"[{""character"": ""Lead Protagonist"", ""name"": ""The Star""}, {""character"": ""Supporting Role"", ""name"": ""Classic Performer""}]","[{""job"": ""Director"", ""name"": ""Featured Director""}]"
330925,Department Q: The Keeper of Lost Causes,"[{""character"": ""Lead Protagonist"", ""name"": ""Department Star""}, {""character"": ""Supporting Role"", ""name"": ""Classic Performer""}]","[{""job"": ""Director"", ""name"": ""Featured Director""}]"
330926,Kasme Vaade,"[{""character"": ""Lead Protagonist"", ""name"": ""Kasme Star""}, {""character"": ""Supporting Role"", ""name"": ""Classic Performer""}]","[{""job"": ""Director"", ""name"": ""Featured Director""}]"
330927,Dongpung,"[{""character"": ""Lead Protagonist"", ""name"": ""Dongpung Star""}, {""character"": ""Supporting Role"", ""name"": ""Classic Performer""}]","[{""job"": ""Director"", ""name"": ""Featured Director""}]"
330928,Szíriusz,"[{""character"": ""Lead Protagonist"", ""name"": ""Sz\u00edriusz Star""}, {""character"": ""Supporting Role"", ""name"": ""Classic Performer""}]","[{""job"": ""Director"", ""name"": ""Featured Director""}]"
330929,Frosty,"[{""character"": ""Lead Protagonist"", ""name"": ""Frosty Star""}, {""character"": ""Supporting Role"", ""name"": ""Classic Performer""}]","[{""job"": ""Director"", ""name"": ""Featured Director""}]"
330930,Tangy Guacamole,"[{""character"": ""Lead Protagonist"", ""name"": ""Tangy Star""}, {""character"": ""Supporting Role"", ""name"": ""Classic Performer""}]","[{""job"": ""Director"", ""name"": ""Featured Director""}]"
330931,Eugenie de Sade,"[{""character"": ""Lead Protagonist"", ""name"": ""Eugenie Star""}, {""character"": ""Supporting Role"", ""name"": ""Classic Performer""}]","[{""job"": ""Director"", ""name"": ""Featured Director""}]"
330932,I am Necessary,"[{""character"": ""Lead Protagonist"", ""name"": ""I Star""}, {""character"": ""Supporting Role"", ""name"": ""Classic Performer""}]","[{""job"": ""Director"", ""name"": ""Featured Director""}]"
330933,Murder.com,"[{""character"": ""Lead Protagonist"", ""name"": ""Murder.com Star""}, {""character"": ""Supporting Role"", ""name"": ""Classic Performer""}]","[{""job"": ""Director"", ""name"": ""Featured Director""}]"
330934,Sisters,"[{""character"": ""Lead Protagonist"", ""name"": ""Sisters Star""}, {""character"": ""Supporting Role"", ""name"": ""Classic Performer""}]","[{""job"": ""Director"", ""name"": ""Featured Director""}]"
330935,Teen Patti,"[{""character"": ""Lead Protagonist"", ""name"": ""Teen Star""}, {""character"": ""Supporting Role"", ""name"": ""Classic Performer""}]","[{""job"": ""Director"", ""name"": ""Featured Director""}]"
330936,Eternal,"[{""character"": ""Lead Protagonist"", ""name"": ""Eternal Star""}, {""character"": ""Supporting Role"", ""name"": ""Classic Performer""}]","[{""job"": ""Director"", ""name"": ""Featured Director""}]"
330937,The Roaring Twenties,"[{""character"": ""Lead Protagonist"", ""name"": ""The Star""}, {""character"": ""Supporting Role"", ""name"": ""Classic Performer""}]","[{""job"": ""Director"", ""name"": ""Featured Director""}]"
330938,Water Tank Murder Mystery,"[{""character"": ""Lead Protagonist"", ""name"": ""Water Star""}, {""character"": ""Supporting Role"", ""name"": ""Classic Performer""}]","[{""job"": ""Director"", ""name"": ""Featured Director""}]"
330939,The Temple of Wild Geese,"[{""character"": ""Lead Protagonist"", ""name"": ""The Star""}, {""character"": ""Supporting Role"", ""name"": ""Classic Performer""}]","[{""job"": ""Director"", ""name"": ""Featured Director""}]"
330940,Dirty Marti,"[{""character"": ""Lead Protagonist"", ""name"": ""Dirty Star""}, {""character"": ""Supporting Role"", ""name"": ""Classic Performer""}]","[{""job"": ""Director"", ""name"": ""Featured Director""}]"
330941,Krest i mauzer,"[{""character"": ""Lead Protagonist"", ""name"": ""Krest Star""}, {""character"": ""Supporting Role"", ""name"": ""Classic Performer""}]","[{""job"": ""Director"", ""name"": ""Featured Director""}]"
330942,Cry Wolf,"[{""character"": ""Lead Protagonist"", ""name"": ""Cry Star""}, {""character"": ""Supporting Role"", ""name"": ""Classic Performer""}]","[{""job"": ""Director"", ""name"": ""Featured Director""}]"
330943,Kalm,"[{""character"": ""Lead Protagonist"", ""name"": ""Kalm Star""}, {""character"": ""Supporting Role"", ""name"": ""Classic Performer""}]","[{""job"": ""Director"", ""name"": ""Featured Director""}]"
330944,The Auctioneers,"[{""character"": ""Lead Protagonist"", ""name"": ""The Star""}, {""character"": ""Supporting Role"", ""name"": ""Classic Performer""}]","[{""job"": ""Director"", ""name"": ""Featured Director""}]"
330945,The Sublet,"[{""character"": ""Lead Protagonist"", ""name"": ""The Star""}, {""character"": ""Supporting Role"", ""name"": ""Classic Performer""}]","[{""job"": ""Director"", ""name"": ""Featured Director""}]"
330946,RiffTrax Live: Jack the Giant Killer,"[{""character"": ""Lead Protagonist"", ""name"": ""RiffTrax Star""}, {""character"": ""Supporting Role"", ""name"": ""Classic Performer""}]","[{""job"": ""Director"", ""name"": ""Featured Director""}]"
330947,Trojan Base Alpha,"[{""character"": ""Lead Protagonist"", ""name"": ""Trojan Star""}, {""character"": ""Supporting Role"", ""name"": ""Classic Performer""}]","[{""job"": ""Director"", ""name"": ""Featured Director""}]"
330948,Kisi ka Bhai Kisi Ki Jaan,"[{""character"": ""Lead Protagonist"", ""name"": ""Kisi Star""}, {""character"": ""Supporting Role"", ""name"": ""Classic Performer""}]","[{""job"": ""Director"", ""name"": ""Featured Director""}]"
330949,72hrs the Hague: Viral,"[{""character"": ""Lead Protagonist"", ""name"": ""72hrs Star""}, {""character"": ""Supporting Role"", ""name"": ""Classic Performer""}]","[{""job"": ""Director"", ""name"": ""Featured Director""}]"
330950,Dragonfly,"[{""character"": ""Lead Protagonist"", ""name"": ""Dragonfly Star""}, {""character"": ""Supporting Role"", ""name"": ""Classic Performer""}]","[{""job"": ""Director"", ""name"": ""Featured Director""}]"
330951,Lunatique,"[{""character"": ""Lead Protagonist"", ""name"": ""Lunatique Star""}, {""character"": ""Supporting Role"", ""name"": ""Classic Performer""}]","[{""job"": ""Director"", ""name"": ""Featured Director""}]"
330952,Kikoriki: Team Invincible,"[{""character"": ""Lead Protagonist"", ""name"": ""Kikoriki: Star""}, {""character"": ""Supporting Role"", ""name"": ""Classic Performer""}]","[{""job"": ""Director"", ""name"": ""Featured Director""}]"
330953,Target,"[{""character"": ""Lead Protagonist"", ""name"": ""Target Star""}, {""character"": ""Supporting Role"", ""name"": ""Classic Performer""}]","[{""job"": ""Director"", ""name"": ""Featured Director""}]"
330954,Taboo,"[{""character"": ""Lead Protagonist"", ""name"": ""Taboo Star""}, {""character"": ""Supporting Role"", ""name"": ""Classic Performer""}]","[{""job"": ""Director"", ""name"": ""Featured Director""}]"
330955,Binhi,"[{""character"": ""Lead Protagonist"", ""name"": ""Binhi Star""}, {""character"": ""Supporting Role"", ""name"": ""Classic Performer""}]","[{""job"": ""Director"", ""name"": ""Featured Director""}]"
330956,Kindan no mokushiroku Crystal Triangle,"[{""character"": ""Lead Protagonist"", ""name"": ""Kindan Star""}, {""character"": ""Supporting Role"", ""name"": ""Classic Performer""}]","[{""job"": ""Director"", ""name"": ""Featured Director""}]"
330957,Gaming Nightmare,"[{""character"": ""Lead Protagonist"", ""name"": ""Gaming Star""}, {""character"": ""Supporting Role"", ""name"": ""Classic Performer""}]","[{""job"": ""Director"", ""name"": ""Featured Director""}]"
330958,The Gathering,"[{""character"": ""Lead Protagonist"", ""name"": ""The Star""}, {""character"": ""Supporting Role"", ""name"": ""Classic Performer""}]","[{""job"": ""Director"", ""name"": ""Featured Director""}]"
330959,Noche de duendes,"[{""character"": ""Lead Protagonist"", ""name"": ""Noche Star""}, {""character"": ""Supporting Role"", ""name"": ""Classic Performer""}]","[{""job"": ""Director"", ""name"": ""Featured Director""}]"
