budget,genres,homepage,id,keywords,original_language,original_title,overview,popularity,production_companies,production_countries,release_date,revenue,runtime,spoken_languages,status,tagline,title,vote_average,vote_count
237000000,"[{""id"": 28, ""name"": ""Action""}, {""id"": 12, ""name"": ""Adventure""}, {""id"": 14, ""name"": ""Fantasy""}, {""id"": 878, ""name"": ""Science Fiction""}]",http://www.avatarmovie.com/,19995,"[{""id"": 1463, ""name"": ""culture clash""}, {""id"": 2964, ""name"": ""future""}, {""id"": 3386, ""name"": ""space war""}, {""id"": 3388, ""name"": ""space colony""}, {""id"": 3616, ""name"": ""alien""}]",en,Avatar,"In the 22nd century, a paraplegic Marine is dispatched to the moon Pandora on a unique mission, but becomes torn between following orders and protecting an alien civilization.",150.437577,"[{""name"": ""Studio""}]","[{""name"": ""USA""}]",2009-12-10,2787965087,162.0,"[{""name"": ""English""}]",Released,Enter the World of Pandora.,Avatar,7.2,11800
300000000,"[{""id"": 12, ""name"": ""Adventure""}, {""id"": 14, ""name"": ""Fantasy""}, {""id"": 28, ""name"": ""Action""}]",,285,"[{""id"": 270, ""name"": ""ocean""}, {""id"": 726, ""name"": ""pirate""}, {""id"": 911, ""name"": ""sword play""}]",en,Pirates of the Caribbean: At World's End,"Captain Barbossa, Will Turner and Elizabeth Swann must sail off the edge of the map, navigate treachery and find Jack Sparrow.",139.082615,"[{""name"": ""Studio""}]","[{""name"": ""USA""}]",2007-05-19,961000000,169.0,"[{""name"": ""English""}]",Released,"At the end of the world, the adventure begins.",Pirates of the Caribbean: At World's End,6.9,4500
245000000,"[{""id"": 28, ""name"": ""Action""}, {""id"": 12, ""name"": ""Adventure""}, {""id"": 80, ""name"": ""Crime""}]",http://www.007.com,206647,"[{""id"": 470, ""name"": ""spy""}, {""id"": 818, ""name"": ""secret agent""}, {""id"": 4289, ""name"": ""british secret service""}]",en,Spectre,A cryptic message from Bond's past sends him on a trail to uncover a sinister organization. While M battles political forces to keep the secret service alive.,107.376788,"[{""name"": ""Studio""}]","[{""name"": ""USA""}]",2015-10-26,880674609,148.0,"[{""name"": ""English""}]",Released,A Plan No One Escapes,Spectre,6.3,4466
250000000,"[{""id"": 28, ""name"": ""Action""}, {""id"": 80, ""name"": ""Crime""}, {""id"": 18, ""name"": ""Drama""}, {""id"": 53, ""name"": ""Thriller""}]",http://www.thedarkknightrises.com/,49026,"[{""id"": 849, ""name"": ""dc comics""}, {""id"": 853, ""name"": ""crime fighter""}, {""id"": 9715, ""name"": ""superhero""}, {""id"": 9717, ""name"": ""batman""}]",en,The Dark Knight Rises,"Following the death of District Attorney Harvey Dent, Batman assumes responsibility for Dent's crimes to protect the late attorney's reputation.",112.819541,"[{""name"": ""Studio""}]","[{""name"": ""USA""}]",2012-07-16,1084939099,165.0,"[{""name"": ""English""}]",Released,The Legend Ends,The Dark Knight Rises,7.6,9106
260000000,"[{""id"": 28, ""name"": ""Action""}, {""id"": 12, ""name"": ""Adventure""}, {""id"": 878, ""name"": ""Science Fiction""}]",,49529,"[{""id"": 818, ""name"": ""mars""}, {""id"": 839, ""name"": ""alien""}, {""id"": 14544, ""name"": ""warrior""}, {""id"": 156095, ""name"": ""space travel""}]",en,John Carter,John Carter is a war-weary former military captain who's inexplicably transported to the mysterious and exotic planet of Barsoom (Mars).,43.926995,"[{""name"": ""Studio""}]","[{""name"": ""USA""}]",2012-03-07,284139100,132.0,"[{""name"": ""English""}]",Released,"Lost in Our World, Found in Another.",John Carter,6.1,2124
165000000,"[{""id"": 12, ""name"": ""Adventure""}, {""id"": 18, ""name"": ""Drama""}, {""id"": 878, ""name"": ""Science Fiction""}]",http://www.interstellarmovie.net/,157336,"[{""id"": 830, ""name"": ""black hole""}, {""id"": 14544, ""name"": ""wormhole""}, {""id"": 156095, ""name"": ""space exploration""}, {""id"": 156096, ""name"": ""relativity""}, {""id"": 156097, ""name"": ""time dilation""}]",en,Interstellar,Interstellar chronicles the adventures of a group of explorers who make use of a newly discovered wormhole to surpass the limitations on human space travel and conquer the vast distances involved in an interstellar voyage.,724.247784,"[{""name"": ""Studio""}]","[{""name"": ""USA""}]",2014-11-05,675120017,169.0,"[{""name"": ""English""}]",Released,Mankind was born on Earth. It was never meant to die here.,Interstellar,8.1,10867
160000000,"[{""id"": 28, ""name"": ""Action""}, {""id"": 53, ""name"": ""Thriller""}, {""id"": 878, ""name"": ""Science Fiction""}]",http://inceptionmovie.warnerbros.com/,27205,"[{""id"": 1790, ""name"": ""dream""}, {""id"": 1794, ""name"": ""subconscious""}, {""id"": 9917, ""name"": ""mind""}, {""id"": 156098, ""name"": ""heist""}]",en,Inception,"Cobb, a skilled thief who commits corporate espionage by infiltrating the subconscious of his targets is offered a chance to regain his old life in exchange for a nearly impossible task: ""inception"".",167.58371,"[{""name"": ""Studio""}]","[{""name"": ""USA""}]",2010-07-14,825532764,148.0,"[{""name"": ""English""}]",Released,Your mind is the scene of the crime.,Inception,8.1,13752
220000000,"[{""id"": 878, ""name"": ""Science Fiction""}, {""id"": 28, ""name"": ""Action""}, {""id"": 12, ""name"": ""Adventure""}]",http://marvel.com/avengers_movie/,24428,"[{""id"": 9715, ""name"": ""superhero""}, {""id"": 9717, ""name"": ""marvel comic""}, {""id"": 156099, ""name"": ""alien invasion""}]",en,The Avengers,"When an unexpected enemy emerges and threatens global safety and security, Nick Fury, director of the international peacekeeping agency known as S.H.I.E.L.D., finds himself in need of a team to pull the world back from the brink of disaster.",144.448633,"[{""name"": ""Studio""}]","[{""name"": ""USA""}]",2012-04-25,1519557910,143.0,"[{""name"": ""English""}]",Released,Some assembly required.,The Avengers,7.4,11776
185000000,"[{""id"": 18, ""name"": ""Drama""}, {""id"": 28, ""name"": ""Action""}, {""id"": 80, ""name"": ""Crime""}, {""id"": 53, ""name"": ""Thriller""}]",http://thedarkknight.warnerbros.com/dvdsite/,155,"[{""id"": 849, ""name"": ""dc comics""}, {""id"": 853, ""name"": ""crime fighter""}, {""id"": 9715, ""name"": ""superhero""}, {""id"": 9717, ""name"": ""joker""}]",en,The Dark Knight,"Batman raises the stakes in his war on crime. With the help of Lt. Jim Gordon and District Attorney Harvey Dent, Batman sets out to dismantle the remaining criminal organizations that plague the streets.",187.322927,"[{""name"": ""Studio""}]","[{""name"": ""USA""}]",2008-07-16,1004558444,152.0,"[{""name"": ""English""}]",Released,Why So Serious?,The Dark Knight,8.2,12002
200000000,"[{""id"": 18, ""name"": ""Drama""}, {""id"": 10749, ""name"": ""Romance""}]",http://www.titanicmovie.com,597,"[{""id"": 2580, ""name"": ""shipwreck""}, {""id"": 2964, ""name"": ""iceberg""}, {""id"": 3386, ""name"": ""tragic love""}]",en,Titanic,"84 years later, a 101-year-old woman named Rose DeWitt Bukater tells the story to her granddaughter Lizzy Calvert, Brock Lovett, Lewis Bodine, Bobby Buell and Anatoly Mikailavich on the Keldysh about her life set in April 10th 1912, on a ship called Titanic.",100.147796,"[{""name"": ""Studio""}]","[{""name"": ""USA""}]",1997-11-18,1845034188,194.0,"[{""name"": ""English""}]",Released,Nothing on Earth could come between them.,Titanic,7.5,7562
8000000,"[{""id"": 53, ""name"": ""Thriller""}, {""id"": 80, ""name"": ""Crime""}]",,680,"[{""id"": 396, ""name"": ""transgression""}, {""id"": 1416, ""name"": ""los angeles""}, {""id"": 9826, ""name"": ""murder""}]",en,Pulp Fiction,"A burger-loving hit man, his philosophical partner, a drug-addled gangster's moll and a washed-up boxer converge in this sprawling, comedic crime caper.",121.463076,"[{""name"": ""Studio""}]","[{""name"": ""USA""}]",1994-09-10,213928762,154.0,"[{""name"": ""English""}]",Released,Just because you are a character doesn't mean you have character.,Pulp Fiction,8.3,8428
55000000,"[{""id"": 35, ""name"": ""Comedy""}, {""id"": 18, ""name"": ""Drama""}, {""id"": 10749, ""name"": ""Romance""}]",,13,"[{""id"": 422, ""name"": ""vietnam veteran""}, {""id"": 596, ""name"": ""hippie""}, {""id"": 3030, ""name"": ""running""}]",en,Forrest Gump,"A man with a low IQ has accomplished great things in his life and been present during significant historic events—in each case, far exceeding what anyone imagined he could do.",138.140275,"[{""name"": ""Studio""}]","[{""name"": ""USA""}]",1994-07-06,677945399,142.0,"[{""name"": ""English""}]",Released,Life is like a box of chocolates...you never know what you're gonna get.,Forrest Gump,8.2,7927
25000000,"[{""id"": 18, ""name"": ""Drama""}, {""id"": 80, ""name"": ""Crime""}]",,278,"[{""id"": 378, ""name"": ""prison""}, {""id"": 818, ""name"": ""escape""}, {""id"": 156095, ""name"": ""friendship""}]",en,The Shawshank Redemption,"Framed in the 1940s for the double murder of his wife and her lover, upstanding banker Andy Dufresne begins a new life at the Shawshank prison, where he puts his accounting skills to work for an amoral warden.",136.747729,"[{""name"": ""Studio""}]","[{""name"": ""USA""}]",1994-09-23,28341469,142.0,"[{""name"": ""English""}]",Released,Fear can hold you prisoner. Hope can set you free.,The Shawshank Redemption,8.5,8205
63000000,"[{""id"": 28, ""name"": ""Action""}, {""id"": 878, ""name"": ""Science Fiction""}]",http://www.whatisthematrix.com,603,"[{""id"": 310, ""name"": ""artificial intelligence""}, {""id"": 156095, ""name"": ""virtual reality""}, {""id"": 156096, ""name"": ""cyberpunk""}]",en,The Matrix,"Set in the 22nd century, The Matrix tells the story of a computer hacker who learns from mysterious rebels about the true nature of his reality and his role in the war against its controllers.",104.309993,"[{""name"": ""Studio""}]","[{""name"": ""USA""}]",1999-03-30,463517383,136.0,"[{""name"": ""English""}]",Released,Welcome to the Real World.,The Matrix,7.9,8907
125000000,"[{""id"": 12, ""name"": ""Adventure""}, {""id"": 14, ""name"": ""Fantasy""}, {""id"": 10751, ""name"": ""Family""}]",http://harrypotter.warnerbros.com/wizards/index.html,671,"[{""id"": 616, ""name"": ""witch""}, {""id"": 2343, ""name"": ""magic""}, {""id"": 156099, ""name"": ""boarding school""}]",en,Harry Potter and the Philosopher's Stone,"Harry Potter has lived under the stairs at his aunt and uncle's house his whole life. But on his 11th birthday, he learns he's a powerful wizard with a place at Hogwarts.",109.918818,"[{""name"": ""Studio""}]","[{""name"": ""USA""}]",2001-11-16,976475550,152.0,"[{""name"": ""English""}]",Released,Let The Magic Begin.,Harry Potter and the Philosopher's Stone,7.5,7006
93000000,"[{""id"": 12, ""name"": ""Adventure""}, {""id"": 14, ""name"": ""Fantasy""}, {""id"": 28, ""name"": ""Action""}]",http://www.lordoftherings.net/,120,"[{""id"": 603, ""name"": ""elves""}, {""id"": 604, ""name"": ""dwarves""}, {""id"": 606, ""name"": ""ring""}, {""id"": 156100, ""name"": ""middle-earth""}]",en,The Lord of the Rings: The Fellowship of the Ring,"Young hobbit Frodo Baggins, after inheriting a mysterious ring from his uncle Bilbo, must leave his home behind in order to begin a perilous journey to the crack of doom and destroy the One Ring.",138.049577,"[{""name"": ""Studio""}]","[{""name"": ""USA""}]",2001-12-18,871368364,178.0,"[{""name"": ""English""}]",Released,One ring to rule them all,The Lord of the Rings: The Fellowship of the Ring,8.0,8770
94000000,"[{""id"": 12, ""name"": ""Adventure""}, {""id"": 14, ""name"": ""Fantasy""}, {""id"": 28, ""name"": ""Action""}]",http://www.lordoftherings.net/,121,"[{""id"": 603, ""name"": ""elves""}, {""id"": 606, ""name"": ""ring""}, {""id"": 156100, ""name"": ""middle-earth""}]",en,The Lord of the Rings: The Two Towers,"Frodo and Sam continue their journey in Mordor with the help of Gollum, while Aragorn, Legolas, and Gimli join the Rohan riders in an epic battle at Helm's Deep.",106.370166,"[{""name"": ""Studio""}]","[{""name"": ""USA""}]",2002-12-18,926287400,179.0,"[{""name"": ""English""}]",Released,A New Power Is Rising.,The Lord of the Rings: The Two Towers,8.0,7440
94000000,"[{""id"": 12, ""name"": ""Adventure""}, {""id"": 14, ""name"": ""Fantasy""}, {""id"": 28, ""name"": ""Action""}]",http://www.lordoftherings.net/,122,"[{""id"": 606, ""name"": ""ring""}, {""id"": 156100, ""name"": ""middle-earth""}, {""id"": 156101, ""name"": ""final battle""}]",en,The Lord of the Rings: The Return of the King,"Aragorn is revealed as the heir to the ancient kings as he, Gandalf and the other members of the broken fellowship struggle to save Gondor from Sauron's forces.",123.630332,"[{""name"": ""Studio""}]","[{""name"": ""USA""}]",2003-12-01,1118888979,201.0,"[{""name"": ""English""}]",Released,The Eye of the Enemy is moving.,The Lord of the Rings: The Return of the King,8.1,8064
33000000,"[{""id"": 80, ""name"": ""Crime""}, {""id"": 9648, ""name"": ""Mystery""}, {""id"": 53, ""name"": ""Thriller""}]",,807,"[{""id"": 818, ""name"": ""detective""}, {""id"": 2343, ""name"": ""serial killer""}, {""id"": 156102, ""name"": ""seven deadly sins""}]",en,Seven,"Two homicide detectives are on a desperate hunt for a serial killer whose crimes are based on the ""seven deadly sins"".",79.579532,"[{""name"": ""Studio""}]","[{""name"": ""USA""}]",1995-09-22,327311859,127.0,"[{""name"": ""English""}]",Released,Seven deadly sins. Seven ways to die.,Seven,8.1,5762
63000000,"[{""id"": 18, ""name"": ""Drama""}]",http://www.foxmovies.com/fightclub/,550,"[{""id"": 825, ""name"": ""support group""}, {""id"": 156103, ""name"": ""dual identity""}, {""id"": 156104, ""name"": ""anti-establishment""}]",en,Fight Club,"A ticking-time-bomb insomniac and a slippery soap salesman channel primal male aggression into a shocking new form of therapy. Their concept catches on, with underground ""fight clubs"" forming in every town.",146.757391,"[{""name"": ""Studio""}]","[{""name"": ""USA""}]",1999-10-15,100853753,139.0,"[{""name"": ""English""}]",Released,Mischief. Mayhem. Soap.,Fight Club,8.3,9413
9000000,"[{""id"": 9648, ""name"": ""Mystery""}, {""id"": 53, ""name"": ""Thriller""}]",http://www.otnemem.com,77,"[{""id"": 612, ""name"": ""amnesia""}, {""id"": 156105, ""name"": ""reverse order""}, {""id"": 156106, ""name"": ""polaroid""}]",en,Memento,"Leonard Shelby is tracking down the man who raped and murdered his wife. The difficulty of locating his wife's killer, however, is compounded by the fact that he suffers from a rare, untreatable form of short-term memory loss.",60.715151,"[{""name"": ""Studio""}]","[{""name"": ""USA""}]",2000-10-11,39723096,113.0,"[{""name"": ""English""}]",Released,Some memories are best forgotten.,Memento,8.1,4028
11000000,"[{""id"": 12, ""name"": ""Adventure""}, {""id"": 28, ""name"": ""Action""}, {""id"": 878, ""name"": ""Science Fiction""}]",http://www.starwars.com/films/star-wars-episode-iv-a-new-hope,11,"[{""id"": 803, ""name"": ""android""}, {""id"": 804, ""name"": ""galaxy""}, {""id"": 156107, ""name"": ""jedi""}, {""id"": 156108, ""name"": ""lightsaber""}]",en,Star Wars,Princess Leia is captured and held hostage by the evil Imperial forces in their effort to take over the galactic Empire. Venturesome Luke Skywalker and dashing captain Han Solo team together with the loveable robot duo R2-D2 and C-3PO to restore freedom.,126.393695,"[{""name"": ""Studio""}]","[{""name"": ""USA""}]",1977-05-25,775398007,121.0,"[{""name"": ""English""}]",Released,"A long time ago in a galaxy far, far away...",Star Wars,8.1,6624
18000000,"[{""id"": 12, ""name"": ""Adventure""}, {""id"": 28, ""name"": ""Action""}, {""id"": 878, ""name"": ""Science Fiction""}]",http://www.starwars.com/films/star-wars-episode-v-the-empire-strikes-back,1891,"[{""id"": 804, ""name"": ""galaxy""}, {""id"": 156107, ""name"": ""jedi""}, {""id"": 156108, ""name"": ""darth vader""}]",en,The Empire Strikes Back,"The epic saga continues as Luke Skywalker, in hopes of defeating the evil Galactic Empire, learns the ways of the Jedi from aging master Yoda. But Darth Vader is more determined than ever to capture Luke.",78.51783,"[{""name"": ""Studio""}]","[{""name"": ""USA""}]",1980-05-17,538400000,124.0,"[{""name"": ""English""}]",Released,The Adventure Continues...,The Empire Strikes Back,8.2,5879
19000000,"[{""id"": 80, ""name"": ""Crime""}, {""id"": 18, ""name"": ""Drama""}, {""id"": 53, ""name"": ""Thriller""}]",,274,"[{""id"": 818, ""name"": ""fbi agent""}, {""id"": 2343, ""name"": ""psychopath""}, {""id"": 156109, ""name"": ""hannibal lecter""}]",en,The Silence of the Lambs,"Clarice Starling is a top student at the FBI's training academy. Jack Crawford wants Clarice to interview Dr. Hannibal Lecter, a brilliant psychiatrist who is also a violent psychopath.",18.174804,"[{""name"": ""Studio""}]","[{""name"": ""USA""}]",1991-02-01,272742922,118.0,"[{""name"": ""English""}]",Released,To enter the mind of a killer she must challenge the mind of a madman.,The Silence of the Lambs,8.1,4443
6000000,"[{""id"": 18, ""name"": ""Drama""}, {""id"": 80, ""name"": ""Crime""}]",http://www.thegodfather.com/,238,"[{""id"": 131, ""name"": ""italy""}, {""id"": 699, ""name"": ""mafia""}, {""id"": 156110, ""name"": ""godfather""}]",en,The Godfather,"Spanning the years 1945 to 1955, a chronicle of the fictional Italian-American Corleone crime family. When organized crime family patriarch, Vito Corleone barely survives an attempt on his life, his youngest son steps up.",143.659698,"[{""name"": ""Studio""}]","[{""name"": ""USA""}]",1972-03-14,245066411,175.0,"[{""name"": ""English""}]",Released,An offer you can't refuse.,The Godfather,8.4,5893
140000000,"[{""id"": 28, ""name"": ""Action""}, {""id"": 878, ""name"": ""Science Fiction""}, {""id"": 12, ""name"": ""Adventure""}]",http://www.ironmanmovie.com/,1726,"[{""id"": 9715, ""name"": ""superhero""}, {""id"": 156111, ""name"": ""billionaire""}, {""id"": 156112, ""name"": ""armor""}]",en,Iron Man,"After being held captive in an Afghan cave, billionaire engineer Tony Stark creates a unique weaponized suit of armor to fight evil.",120.725053,"[{""name"": ""Studio""}]","[{""name"": ""USA""}]",2008-04-30,585174222,126.0,"[{""name"": ""English""}]",Released,Heroes aren't born. They're built.,Iron Man,7.4,8776
18000000,"[{""id"": 18, ""name"": ""Drama""}]",,1578,"[{""id"": 156113, ""name"": ""boxing""}, {""id"": 156114, ""name"": ""jealousy""}]",en,Raging Bull,"The life of boxer Jake LaMotta, whose violence and temper that lead him to the top in the ring destroyed his life outside of it.",40.2312,"[{""name"": ""Studio""}]","[{""name"": ""USA""}]",1980-11-14,23383241,129.0,"[{""name"": ""English""}]",Released,"His brutal fury made him a champion, but his jealousy destroyed him.",Raging Bull,8.0,1600
25000000,"[{""id"": 18, ""name"": ""Drama""}, {""id"": 80, ""name"": ""Crime""}]",,769,"[{""id"": 699, ""name"": ""mafia""}, {""id"": 156115, ""name"": ""mobster""}, {""id"": 156116, ""name"": ""heist""}]",en,GoodFellas,"The story of Henry Hill and his life in the mob, covering his relationship with his wife Karen Hill and his mob partners Jimmy Conway and Tommy DeVito in the Italian-American crime syndicate.",63.483206,"[{""name"": ""Studio""}]","[{""name"": ""USA""}]",1990-09-12,46836394,145.0,"[{""name"": ""English""}]",Released,Three Decades of Life in the Mafia.,GoodFellas,8.2,3128
100000000,"[{""id"": 80, ""name"": ""Crime""}, {""id"": 18, ""name"": ""Drama""}, {""id"": 35, ""name"": ""Comedy""}]",http://www.thewolfofwallstreet.com/,106646,"[{""id"": 156117, ""name"": ""stock broker""}, {""id"": 156118, ""name"": ""excess""}, {""id"": 156119, ""name"": ""wall street""}]",en,The Wolf of Wall Street,"A New York stockbroker refuses to cooperate in a large securities fraud case involving corruption on Wall Street, corporate banking world and mob infiltration.",95.007934,"[{""name"": ""Studio""}]","[{""name"": ""USA""}]",2013-12-25,392000694,180.0,"[{""name"": ""English""}]",Released,EARN. SPEND. PARTY.,The Wolf of Wall Street,7.9,6571
103000000,"[{""id"": 28, ""name"": ""Action""}, {""id"": 18, ""name"": ""Drama""}, {""id"": 12, ""name"": ""Adventure""}]",,98,"[{""id"": 156120, ""name"": ""rome""}, {""id"": 156121, ""name"": ""gladiator""}, {""id"": 156122, ""name"": ""revenge""}]",en,Gladiator,"In the year 180, the death of emperor Marcus Aurelius throws the Roman Empire into turmoil. Maximus Decimus Meridius is a loyal general who is betrayed and forced into gladiatorial slavery.",95.301202,"[{""name"": ""Studio""}]","[{""name"": ""USA""}]",2000-05-01,457640427,155.0,"[{""name"": ""English""}]",Released,What we do in life echoes in eternity.,Gladiator,7.9,5439
200000000,"[{""id"": 28, ""name"": ""Action""}, {""id"": 12, ""name"": ""Adventure""}, {""id"": 878, ""name"": ""Science Fiction""}]",http://www.starwars.com/films/rogue-one,330459,"[{""id"": 804, ""name"": ""galaxy""}, {""id"": 156123, ""name"": ""death star""}, {""id"": 156124, ""name"": ""rebel""}]",en,Rogue One: A Star Wars Story,A rogue band of resistance fighters unite for a mission to steal the Death Star plans and bring a new hope to the galaxy.,165.253,"[{""name"": ""Studio""}]","[{""name"": ""USA""}]",2016-12-14,1056057273,133.0,"[{""name"": ""English""}]",Released,A Rebellion Built on Hope.,Rogue One: A Star Wars Story,7.5,8000
108000000,"[{""id"": 18, ""name"": ""Drama""}, {""id"": 12, ""name"": ""Adventure""}, {""id"": 878, ""name"": ""Science Fiction""}]",http://www.foxmovies.com/movies/the-martian,286217,"[{""id"": 818, ""name"": ""mars""}, {""id"": 156125, ""name"": ""astronaut""}, {""id"": 156126, ""name"": ""survival""}]",en,The Martian,"During a manned mission to Mars, Astronaut Mark Watney is presumed dead after a fierce storm and left behind by his crew. But Watney has survived and finds himself stranded and alone on the hostile planet.",167.93287,"[{""name"": ""Studio""}]","[{""name"": ""USA""}]",2015-09-30,630161890,144.0,"[{""name"": ""English""}]",Released,Bring Him Home.,The Martian,7.6,7268
150000000,"[{""id"": 878, ""name"": ""Science Fiction""}, {""id"": 28, ""name"": ""Action""}, {""id"": 12, ""name"": ""Adventure""}]",http://www.startrekmovie.com/,157,"[{""id"": 156127, ""name"": ""starship""}, {""id"": 156128, ""name"": ""vulcan""}, {""id"": 156129, ""name"": ""space voyage""}]",en,Star Trek,"The fate of the galaxy rests in the hands of bitter rivals, James T. Kirk and Spock, aboard the USS Enterprise during their maiden voyage.",73.569481,"[{""name"": ""Studio""}]","[{""name"": ""USA""}]",2009-05-06,385680468,127.0,"[{""name"": ""English""}]",Released,The future begins.,Star Trek,7.4,4518
15000000,"[{""id"": 18, ""name"": ""Drama""}, {""id"": 878, ""name"": ""Science Fiction""}]",http://exmachina-movie.com,264660,"[{""id"": 310, ""name"": ""artificial intelligence""}, {""id"": 156130, ""name"": ""turing test""}, {""id"": 156131, ""name"": ""android""}]",en,Ex Machina,"Caleb, a 26 year old coder at the world's largest internet company, wins a competition to spend a week at a private mountain retreat belonging to Nathan, the reclusive CEO of the company.",95.130074,"[{""name"": ""Studio""}]","[{""name"": ""USA""}]",2015-01-21,36869414,108.0,"[{""name"": ""English""}]",Released,There is nothing more human than the will to survive.,Ex Machina,7.6,4737
40000000,"[{""id"": 18, ""name"": ""Drama""}, {""id"": 9648, ""name"": ""Mystery""}, {""id"": 53, ""name"": ""Thriller""}]",http://touchstone.movies.go.com/prestige/,1124,"[{""id"": 2343, ""name"": ""magic""}, {""id"": 156132, ""name"": ""rivalry""}, {""id"": 156133, ""name"": ""obsession""}]",en,The Prestige,"A mysterious story of two magicians whose intense rivalry leads them on a life-long battle for supremacy -- full of obsession, deceit and jealousy with dangerous and deadly consequences.",74.440708,"[{""name"": ""Studio""}]","[{""name"": ""USA""}]",2006-10-19,109676311,130.0,"[{""name"": ""English""}]",Released,Are You Watching Closely?,The Prestige,8.0,4391
30000000,"[{""id"": 35, ""name"": ""Comedy""}, {""id"": 18, ""name"": ""Drama""}, {""id"": 10749, ""name"": ""Romance""}, {""id"": 10402, ""name"": ""Music""}]",http://www.lalaland.movie,313369,"[{""id"": 156134, ""name"": ""jazz""}, {""id"": 156135, ""name"": ""musical""}, {""id"": 156136, ""name"": ""hollywood""}]",en,La La Land,"Mia, an aspiring actress, and Sebastian, a dedicated jazz musician, are struggling to make ends meet in a city known for crushing hopes and breaking hearts.",145.45,"[{""name"": ""Studio""}]","[{""name"": ""USA""}]",2016-11-29,446486224,128.0,"[{""name"": ""English""}]",Released,Here's to the fools who dream.,La La Land,7.9,8200
3300000,"[{""id"": 18, ""name"": ""Drama""}, {""id"": 10402, ""name"": ""Music""}]",http://sonyclassics.com/whiplash/,244786,"[{""id"": 156134, ""name"": ""jazz""}, {""id"": 156137, ""name"": ""drummer""}, {""id"": 156138, ""name"": ""mentor""}]",en,Whiplash,"Under the direction of a ruthless instructor, a talented young drummer begins to pursue perfection at any cost, pushing his physical and mental limits.",192.528841,"[{""name"": ""Studio""}]","[{""name"": ""USA""}]",2014-10-10,48982041,107.0,"[{""name"": ""English""}]",Released,The road to greatness can take you to the edge.,Whiplash,8.3,4254
150000000,"[{""id"": 16, ""name"": ""Animation""}, {""id"": 12, ""name"": ""Adventure""}, {""id"": 10751, ""name"": ""Family""}, {""id"": 35, ""name"": ""Comedy""}]",http://movies.disney.com/zootopia,269149,"[{""id"": 156139, ""name"": ""anthropomorphic""}, {""id"": 156140, ""name"": ""police""}, {""id"": 156141, ""name"": ""buddy comedy""}]",en,Zootopia,"Determined to prove herself, Officer Judy Hopps, the first bunny on Zootopia's police force, jumps at the chance to crack her first case - even if it means partnering with scam-artist fox Nick Wilde.",110.15,"[{""name"": ""Studio""}]","[{""name"": ""USA""}]",2016-02-11,1023784195,108.0,"[{""name"": ""English""}]",Released,Welcome to the urban jungle.,Zootopia,7.7,4861
200000000,"[{""id"": 16, ""name"": ""Animation""}, {""id"": 10751, ""name"": ""Family""}, {""id"": 35, ""name"": ""Comedy""}]",http://disney.go.com/toystory/,10193,"[{""id"": 156142, ""name"": ""toy""}, {""id"": 156143, ""name"": ""daycare""}, {""id"": 156144, ""name"": ""childhood""}]",en,Toy Story 3,"Woody, Buzz, and the rest of Andy's toys are accidentally donated to a daycare center before Andy leaves for college, and it's up to Woody to convince the other toys that they weren't abandoned.",59.959596,"[{""name"": ""Studio""}]","[{""name"": ""USA""}]",2010-06-16,1066969703,103.0,"[{""name"": ""English""}]",Released,No toy gets left behind.,Toy Story 3,7.6,4597
20000000,"[{""id"": 878, ""name"": ""Science Fiction""}, {""id"": 18, ""name"": ""Drama""}, {""id"": 10749, ""name"": ""Romance""}]",http://www.eternalsunshine.com,38,"[{""id"": 1794, ""name"": ""subconscious""}, {""id"": 156145, ""name"": ""memory erasure""}, {""id"": 156146, ""name"": ""heartbreak""}]",en,Eternal Sunshine of the Spotless Mind,"Joel Barish, heartbroken that his girlfriend Clementine underwent a procedure to erase him from her memory, decides to do the same. However, as he watches his memories of her fade away, he realizes he still loves her.",56.481412,"[{""name"": ""Studio""}]","[{""name"": ""USA""}]",2004-03-19,72258126,108.0,"[{""name"": ""English""}]",Released,You can erase someone from your mind. Getting them out of your heart is another story.,Eternal Sunshine of the Spotless Mind,7.9,3652
30000000,"[{""id"": 1, ""name"": ""Fantasy""}, {""id"": 2, ""name"": ""Sci-Fi""}]",,330460,"[{""id"": 1, ""name"": ""fantasy""}, {""id"": 2, ""name"": ""sci-fi""}]",en,Flaming Ears,"Flaming Ears is a pop sci-fi lesbian fantasy feature set in the year 2700 in the fictive burned-out city of Asche. It follows the tangled lives of three women - Volley, Nun and Spy.",75.0,"[{""name"": ""Cinema Productions""}]","[{""name"": ""USA""}]",1992-01-01,65000000,115.0,"[{""name"": ""English""}]",Released,An extraordinary Fantasy story.,Flaming Ears,6.0,1800
30000000,"[{""id"": 1, ""name"": ""Comedy""}, {""id"": 2, ""name"": ""Drama""}, {""id"": 3, ""name"": ""Romance""}]",,330461,"[{""id"": 1, ""name"": ""comedy""}, {""id"": 2, ""name"": ""drama""}, {""id"": 3, ""name"": ""romance""}]",en,Jeg elsker dig,"Six people - three couples - meet at random at a dance restaurant in the Copenhagen nightlife. A marriage swindler and former actress, an elderly Supreme Court attorney with wife as well as...                See full summary »",72.5,"[{""name"": ""Cinema Productions""}]","[{""name"": ""USA""}]",1957-01-01,65000000,115.0,"[{""name"": ""English""}]",Released,An extraordinary Comedy story.,Jeg elsker dig,5.8,1800
30000000,"[{""id"": 1, ""name"": ""Thriller""}]",,330462,"[{""id"": 1, ""name"": ""thriller""}]",en,Povjerenje,"In a small unnamed town, in year 2025, Krsto works for the Agency which offers hearings for other people's secrets, with warranty that those secrets shall never be spread. At one of the ...                See full summary »",90.0,"[{""name"": ""Cinema Productions""}]","[{""name"": ""USA""}]",2021-01-01,65000000,115.0,"[{""name"": ""English""}]",Released,An extraordinary Thriller story.,Povjerenje,7.2,1800
30000000,"[{""id"": 1, ""name"": ""Animation""}, {""id"": 2, ""name"": ""Adventure""}, {""id"": 3, ""name"": ""Family""}]",,330463,"[{""id"": 1, ""name"": ""animation""}, {""id"": 2, ""name"": ""adventure""}, {""id"": 3, ""name"": ""family""}]",en,Gulliver Returns,"The legendary Gulliver returns to the Kingdom of Lilliput, but he is not the giant they remember.",55.0,"[{""name"": ""Cinema Productions""}]","[{""name"": ""USA""}]",2021-01-01,65000000,115.0,"[{""name"": ""English""}]",Released,An extraordinary Animation story.,Gulliver Returns,4.4,1800
30000000,"[{""id"": 1, ""name"": ""Biography""}, {""id"": 2, ""name"": ""Drama""}, {""id"": 3, ""name"": ""Romance""}]",,330464,"[{""id"": 1, ""name"": ""biography""}, {""id"": 2, ""name"": ""drama""}, {""id"": 3, ""name"": ""romance""}]",en,Prithvi Vallabh,"Seminal silent historical film, the story features King Munja, ruler of Aranti, famed warrior and patron of the arts. Munja (Sandow) falls into the hands of his arch enemy Tailap, who ...                See full summary »",90.0,"[{""name"": ""Cinema Productions""}]","[{""name"": ""USA""}]",1924-01-01,65000000,115.0,"[{""name"": ""English""}]",Released,An extraordinary Biography story.,Prithvi Vallabh,7.2,1800
30000000,"[{""id"": 1, ""name"": ""Biography""}, {""id"": 2, ""name"": ""Drama""}, {""id"": 3, ""name"": ""Romance""}]",,330465,"[{""id"": 1, ""name"": ""biography""}, {""id"": 2, ""name"": ""drama""}, {""id"": 3, ""name"": ""romance""}]",en,Effie Gray,"A look at the scandalous love triangle between Victorian art critic John Ruskin (Greg Wise), his teenage bride Euphemia ""Effie"" Gray (Dakota Fanning), and Pre-Raphaelite painter John Everett Millais (Tom Sturridge).",75.0,"[{""name"": ""Cinema Productions""}]","[{""name"": ""USA""}]",2014-01-01,65000000,115.0,"[{""name"": ""English""}]",Released,An extraordinary Biography story.,Effie Gray,6.0,1800
30000000,"[{""id"": 1, ""name"": ""Action""}, {""id"": 2, ""name"": ""Fantasy""}, {""id"": 3, ""name"": ""Thriller""}]",,330466,"[{""id"": 1, ""name"": ""action""}, {""id"": 2, ""name"": ""fantasy""}, {""id"": 3, ""name"": ""thriller""}]",en,Indigo,"A new generation of kids, called Indigo, who have more mental and spiritual abilities than others. A company of such kids gather together in hidden places.",47.5,"[{""name"": ""Cinema Productions""}]","[{""name"": ""USA""}]",2008-01-01,65000000,115.0,"[{""name"": ""English""}]",Released,An extraordinary Action story.,Indigo,3.8,1800
30000000,"[{""id"": 1, ""name"": ""Horror""}, {""id"": 2, ""name"": ""Mystery""}, {""id"": 3, ""name"": ""Thriller""}]",,330467,"[{""id"": 1, ""name"": ""horror""}, {""id"": 2, ""name"": ""mystery""}, {""id"": 3, ""name"": ""thriller""}]",en,Slasher Night,A Manny Velazquez underground slasher tribute about a number of serial killers on the loose in Chicago and begins a murder spree.,40.0,"[{""name"": ""Cinema Productions""}]","[{""name"": ""USA""}]",2017-01-01,65000000,115.0,"[{""name"": ""English""}]",Released,An extraordinary Horror story.,Slasher Night,3.2,1800
30000000,"[{""id"": 1, ""name"": ""Drama""}, {""id"": 2, ""name"": ""Musical""}, {""id"": 3, ""name"": ""Romance""}]",,330468,"[{""id"": 1, ""name"": ""drama""}, {""id"": 2, ""name"": ""musical""}, {""id"": 3, ""name"": ""romance""}]",en,Our Year,Is it possible for young people to find love in this modern world? Is it always best to be with someone else? Our Year is the story of a year in the life of three young couples. Wake meets ...                See full summary »,90.0,"[{""name"": ""Cinema Productions""}]","[{""name"": ""USA""}]",2016-01-01,65000000,115.0,"[{""name"": ""English""}]",Released,An extraordinary Drama story.,Our Year,7.2,1800
30000000,"[{""id"": 1, ""name"": ""Fantasy""}, {""id"": 2, ""name"": ""Music""}]",,330469,"[{""id"": 1, ""name"": ""fantasy""}, {""id"": 2, ""name"": ""music""}]",en,YMO Propaganda,"The YMO film that combines dramatic cinema with their live 1983 concert at Budokan, Tokyo Japan. Starring Yellow Magic Orchestra and David Brooks Palmer, YMO Propaganda is 1984 Musical film...                See full summary »",103.75,"[{""name"": ""Cinema Productions""}]","[{""name"": ""USA""}]",1984-01-01,65000000,115.0,"[{""name"": ""English""}]",Released,An extraordinary Fantasy story.,YMO Propaganda,8.3,1800
30000000,"[{""id"": 1, ""name"": ""Biography""}, {""id"": 2, ""name"": ""Drama""}, {""id"": 3, ""name"": ""History""}]",,330470,"[{""id"": 1, ""name"": ""biography""}, {""id"": 2, ""name"": ""drama""}, {""id"": 3, ""name"": ""history""}]",en,Colonel Redl,"Set during the fading glory of the Austro-Hungarian empire, the film tells of the rise and fall of Alfred Redl (Brandauer), an ambitious young officer who proceeds up the ladder to become ...                See full summary »",92.5,"[{""name"": ""Cinema Productions""}]","[{""name"": ""USA""}]",1985-01-01,65000000,115.0,"[{""name"": ""English""}]",Released,An extraordinary Biography story.,Colonel Redl,7.4,1800
30000000,"[{""id"": 1, ""name"": ""Drama""}, {""id"": 2, ""name"": ""Romance""}]",,330471,"[{""id"": 1, ""name"": ""drama""}, {""id"": 2, ""name"": ""romance""}]",en,Kaiyethum Doorath,Sachin and Sushma meet at a hill resort. Sachin falls in love immediately but he is hesitated to tell his love to Sushma. Later he founds out that Sushma is engaged and her marriage is ...                See full summary »,43.75,"[{""name"": ""Cinema Productions""}]","[{""name"": ""USA""}]",2002-01-01,65000000,115.0,"[{""name"": ""English""}]",Released,An extraordinary Drama story.,Kaiyethum Doorath,3.5,1800
30000000,"[{""id"": 1, ""name"": ""Comedy""}, {""id"": 2, ""name"": ""Drama""}, {""id"": 3, ""name"": ""Romance""}]",,330472,"[{""id"": 1, ""name"": ""comedy""}, {""id"": 2, ""name"": ""drama""}, {""id"": 3, ""name"": ""romance""}]",en,American Desi,"College freshman Krishna Reddy, who has never cared for his Indian-American cultural heritage, looks forward to a new life on campus but is surprised to find that he has been assigned ...                See full summary »",82.5,"[{""name"": ""Cinema Productions""}]","[{""name"": ""USA""}]",2001-01-01,65000000,115.0,"[{""name"": ""English""}]",Released,An extraordinary Comedy story.,American Desi,6.6,1800
30000000,"[{""id"": 1, ""name"": ""Action""}, {""id"": 2, ""name"": ""Crime""}, {""id"": 3, ""name"": ""Drama""}]",,330473,"[{""id"": 1, ""name"": ""action""}, {""id"": 2, ""name"": ""crime""}, {""id"": 3, ""name"": ""drama""}]",en,Prison on Fire II,"Ching escapes from prison to see his young son, who he has been put in an orphanage. And that puts him in great danger.",83.75,"[{""name"": ""Cinema Productions""}]","[{""name"": ""USA""}]",1991-01-01,65000000,115.0,"[{""name"": ""English""}]",Released,An extraordinary Action story.,Prison on Fire II,6.7,1800
30000000,"[{""id"": 1, ""name"": ""Action""}, {""id"": 2, ""name"": ""Crime""}, {""id"": 3, ""name"": ""Horror""}]",,330474,"[{""id"": 1, ""name"": ""action""}, {""id"": 2, ""name"": ""crime""}, {""id"": 3, ""name"": ""horror""}]",en,Road to Hell,"Three robbers on the run to a new life cross their way with a woman and her son and with the tragic curse they're bringing. On their trail, the mob boss they worked for and a mysterious ...                See full summary »",67.5,"[{""name"": ""Cinema Productions""}]","[{""name"": ""USA""}]",2018-01-01,65000000,115.0,"[{""name"": ""English""}]",Released,An extraordinary Action story.,Road to Hell,5.4,1800
30000000,"[{""id"": 1, ""name"": ""Animation""}, {""id"": 2, ""name"": ""Action""}, {""id"": 3, ""name"": ""Horror""}]",,330475,"[{""id"": 1, ""name"": ""animation""}, {""id"": 2, ""name"": ""action""}, {""id"": 3, ""name"": ""horror""}]",en,Going Nuts,A prestigious fairytale illustrator is hired by the psychiatric hospital director. His job there will be to decorate the hospital walls with his drawings to improve the place's atmosphere. ...                See full summary »,80.0,"[{""name"": ""Cinema Productions""}]","[{""name"": ""USA""}]",2006-01-01,65000000,115.0,"[{""name"": ""English""}]",Released,An extraordinary Animation story.,Going Nuts,6.4,1800
30000000,"[{""id"": 1, ""name"": ""Action""}, {""id"": 2, ""name"": ""Comedy""}, {""id"": 3, ""name"": ""Drama""}]",,330476,"[{""id"": 1, ""name"": ""action""}, {""id"": 2, ""name"": ""comedy""}, {""id"": 3, ""name"": ""drama""}]",en,MLA,An intelligent youngster is faced with a situation to win in the state legislative assembly elections in order to win the approval of his father-in-law.,66.25,"[{""name"": ""Cinema Productions""}]","[{""name"": ""USA""}]",2018-01-01,65000000,115.0,"[{""name"": ""English""}]",Released,An extraordinary Action story.,MLA,5.3,1800
30000000,"[{""id"": 1, ""name"": ""Thriller""}]",,330477,"[{""id"": 1, ""name"": ""thriller""}]",en,Gemma's Tale,Gemma and Connor are two fairly typical university students. Their future together looks certain until a change of plans breaks up the relationship. Both move on and Gemma gets involved ...                See full summary »,90.0,"[{""name"": ""Cinema Productions""}]","[{""name"": ""USA""}]",2015-01-01,65000000,115.0,"[{""name"": ""English""}]",Released,An extraordinary Thriller story.,Gemma's Tale,7.2,1800
30000000,"[{""id"": 1, ""name"": ""Animation""}]",,330478,"[{""id"": 1, ""name"": ""animation""}]",en,Powerless Federal Agent 8,"The U.S. realizes that if the Russians capture Agent Touch, this will mark a dramatic shift in world power. If alien technology falls into Russian hands, it will lead to the destruction of ...                See full summary »",90.0,"[{""name"": ""Cinema Productions""}]","[{""name"": ""USA""}]",2018-01-01,65000000,115.0,"[{""name"": ""English""}]",Released,An extraordinary Animation story.,Powerless Federal Agent 8,7.2,1800
30000000,"[{""id"": 1, ""name"": ""Thriller""}]",,330479,"[{""id"": 1, ""name"": ""thriller""}]",en,Hackathon,"A serial entrepreneur secretly steals code from programmers at her annual Hackathons. However, once they discover her secret, she vows to kill them all.",90.0,"[{""name"": ""Cinema Productions""}]","[{""name"": ""USA""}]",2015-01-01,65000000,115.0,"[{""name"": ""English""}]",Released,An extraordinary Thriller story.,Hackathon,7.2,1800
30000000,"[{""id"": 1, ""name"": ""Adventure""}, {""id"": 2, ""name"": ""Drama""}, {""id"": 3, ""name"": ""Thriller""}]",,330480,"[{""id"": 1, ""name"": ""adventure""}, {""id"": 2, ""name"": ""drama""}, {""id"": 3, ""name"": ""thriller""}]",en,Ranthambore,Arjun struggles to cope with life after serving in the Indian Army for fifteen years as Border Patrol at the LOC (Line of Control) and fights to regain his place in society and within his family.,90.0,"[{""name"": ""Cinema Productions""}]","[{""name"": ""USA""}]",2015-01-01,65000000,115.0,"[{""name"": ""English""}]",Released,An extraordinary Adventure story.,Ranthambore,7.2,1800
30000000,"[{""id"": 1, ""name"": ""Action""}, {""id"": 2, ""name"": ""Drama""}, {""id"": 3, ""name"": ""War""}]",,330481,"[{""id"": 1, ""name"": ""action""}, {""id"": 2, ""name"": ""drama""}, {""id"": 3, ""name"": ""war""}]",en,The Front,"In a world ravaged by war, children are forced to take up arms against ""The Front"".",90.0,"[{""name"": ""Cinema Productions""}]","[{""name"": ""USA""}]",2018-01-01,65000000,115.0,"[{""name"": ""English""}]",Released,An extraordinary Action story.,The Front,7.2,1800
30000000,"[{""id"": 1, ""name"": ""Drama""}, {""id"": 2, ""name"": ""Fantasy""}, {""id"": 3, ""name"": ""Mystery""}]",,330482,"[{""id"": 1, ""name"": ""drama""}, {""id"": 2, ""name"": ""fantasy""}, {""id"": 3, ""name"": ""mystery""}]",en,"Burning, Burning","A Woman walks across the city to the edge of town. She has surreal encounters with real and imaginary characters as she seeks atonement, remembering the unhappy incidents in her life that have brought her to this present state of despair.",45.0,"[{""name"": ""Cinema Productions""}]","[{""name"": ""USA""}]",2015-01-01,65000000,115.0,"[{""name"": ""English""}]",Released,An extraordinary Drama story.,"Burning, Burning",3.6,1800
30000000,"[{""id"": 1, ""name"": ""Crime""}]",,330483,"[{""id"": 1, ""name"": ""crime""}]",en,Kâigun o shu ga kêimushyô,Katsu's only movie at Toei Studio.,90.0,"[{""name"": ""Cinema Productions""}]","[{""name"": ""USA""}]",1973-01-01,65000000,115.0,"[{""name"": ""English""}]",Released,An extraordinary Crime story.,Kâigun o shu ga kêimushyô,7.2,1800
30000000,"[{""id"": 1, ""name"": ""Action""}, {""id"": 2, ""name"": ""Drama""}, {""id"": 3, ""name"": ""Romance""}]",,330484,"[{""id"": 1, ""name"": ""action""}, {""id"": 2, ""name"": ""drama""}, {""id"": 3, ""name"": ""romance""}]",en,Lakeer: Forbidden Lines,Karan's love for Bindiya turns into a deadly obsession after he learns that she is in love with her fellow classmate Saahil.,57.5,"[{""name"": ""Cinema Productions""}]","[{""name"": ""USA""}]",2004-01-01,65000000,115.0,"[{""name"": ""English""}]",Released,An extraordinary Action story.,Lakeer: Forbidden Lines,4.6,1800
30000000,"[{""id"": 1, ""name"": ""Animation""}, {""id"": 2, ""name"": ""Action""}, {""id"": 3, ""name"": ""Drama""}]",,330485,"[{""id"": 1, ""name"": ""animation""}, {""id"": 2, ""name"": ""action""}, {""id"": 3, ""name"": ""drama""}]",en,The Prodigies,Five young prodigies assaulted in New York's Central Park plot the perfect revenge.,73.75,"[{""name"": ""Cinema Productions""}]","[{""name"": ""USA""}]",2011-01-01,65000000,115.0,"[{""name"": ""English""}]",Released,An extraordinary Animation story.,The Prodigies,5.9,1800
30000000,"[{""id"": 1, ""name"": ""Drama""}, {""id"": 2, ""name"": ""Horror""}, {""id"": 3, ""name"": ""Mystery""}]",,330486,"[{""id"": 1, ""name"": ""drama""}, {""id"": 2, ""name"": ""horror""}, {""id"": 3, ""name"": ""mystery""}]",en,Venial,"Haunted by her husband's death in WWII, Claire lives in a dark mansion, where her children begin to see supernatural visions of the undead. Is dad being conjured from the afterlife, or are the ghosts something far more sinister?",45.0,"[{""name"": ""Cinema Productions""}]","[{""name"": ""USA""}]",2014-01-01,65000000,115.0,"[{""name"": ""English""}]",Released,An extraordinary Drama story.,Venial,3.6,1800
30000000,"[{""id"": 1, ""name"": ""Crime""}, {""id"": 2, ""name"": ""Drama""}, {""id"": 3, ""name"": ""Mystery""}]",,330487,"[{""id"": 1, ""name"": ""crime""}, {""id"": 2, ""name"": ""drama""}, {""id"": 3, ""name"": ""mystery""}]",en,Alibi,"Pain, not just war, makes strange bedfellows. In bed, APRIL SANCHEZ and JENNA BRYANT hatch a plan to turn the plot of Hitchcock's ""Strangers on a Train"" into reality. The two women, who met...                See full summary »",86.25,"[{""name"": ""Cinema Productions""}]","[{""name"": ""USA""}]",2007-01-01,65000000,115.0,"[{""name"": ""English""}]",Released,An extraordinary Crime story.,Alibi,6.9,1800
30000000,"[{""id"": 1, ""name"": ""Horror""}, {""id"": 2, ""name"": ""Mystery""}, {""id"": 3, ""name"": ""Thriller""}]",,330488,"[{""id"": 1, ""name"": ""horror""}, {""id"": 2, ""name"": ""mystery""}, {""id"": 3, ""name"": ""thriller""}]",en,Deadly Revisions,"International genre favorite Bill Oberst Jr. plays an amnesiac horror writer who becomes trapped in his own nightmare as terrifying images emerge that may or may not be memories, madness, or both! Remembering can be murder!",55.0,"[{""name"": ""Cinema Productions""}]","[{""name"": ""USA""}]",2013-01-01,65000000,115.0,"[{""name"": ""English""}]",Released,An extraordinary Horror story.,Deadly Revisions,4.4,1800
30000000,"[{""id"": 1, ""name"": ""Drama""}, {""id"": 2, ""name"": ""War""}]",,330489,"[{""id"": 1, ""name"": ""drama""}, {""id"": 2, ""name"": ""war""}]",en,Kingdom of Dust: Beheading of Adam Smith,"In a basement, somewhere in war torn Baghdad, hostage Adam Smith is waiting to die.",62.5,"[{""name"": ""Cinema Productions""}]","[{""name"": ""USA""}]",2011-01-01,65000000,115.0,"[{""name"": ""English""}]",Released,An extraordinary Drama story.,Kingdom of Dust: Beheading of Adam Smith,5.0,1800
30000000,"[{""id"": 1, ""name"": ""Horror""}, {""id"": 2, ""name"": ""Mystery""}, {""id"": 3, ""name"": ""Thriller""}]",,330490,"[{""id"": 1, ""name"": ""horror""}, {""id"": 2, ""name"": ""mystery""}, {""id"": 3, ""name"": ""thriller""}]",en,Voices from Beyond,"When a family man is poisoned to death, it's covered up as a stomach hemorrhage and his spirit returns to aid his daughter in finding his killers.",62.5,"[{""name"": ""Cinema Productions""}]","[{""name"": ""USA""}]",1994-01-01,65000000,115.0,"[{""name"": ""English""}]",Released,An extraordinary Horror story.,Voices from Beyond,5.0,1800
30000000,"[{""id"": 1, ""name"": ""Action""}, {""id"": 2, ""name"": ""Crime""}, {""id"": 3, ""name"": ""Drama""}]",,330491,"[{""id"": 1, ""name"": ""action""}, {""id"": 2, ""name"": ""crime""}, {""id"": 3, ""name"": ""drama""}]",en,The Helpless,"A mother, A hitman, and an undercover police officer are drawn together as they try to rescue girls kidnapped into the sex trade, and bring down the organization responsible.",51.25,"[{""name"": ""Cinema Productions""}]","[{""name"": ""USA""}]",2012-01-01,65000000,115.0,"[{""name"": ""English""}]",Released,An extraordinary Action story.,The Helpless,4.1,1800
30000000,"[{""id"": 1, ""name"": ""Action""}, {""id"": 2, ""name"": ""Crime""}, {""id"": 3, ""name"": ""Thriller""}]",,330492,"[{""id"": 1, ""name"": ""action""}, {""id"": 2, ""name"": ""crime""}, {""id"": 3, ""name"": ""thriller""}]",en,Christopher,"A maverick cop is forced to work outside the limits of law, when the system fails.The story weaves across the past and present while revealing the motives that shape his actions.",92.5,"[{""name"": ""Cinema Productions""}]","[{""name"": ""USA""}]",2023-01-01,65000000,115.0,"[{""name"": ""English""}]",Released,An extraordinary Action story.,Christopher,7.4,1800
30000000,"[{""id"": 1, ""name"": ""Comedy""}, {""id"": 2, ""name"": ""Family""}, {""id"": 3, ""name"": ""Romance""}]",,330493,"[{""id"": 1, ""name"": ""comedy""}, {""id"": 2, ""name"": ""family""}, {""id"": 3, ""name"": ""romance""}]",en,Jia ru wang zi shui zhao le,"Wang Xiaohe is an orphan girl living in Shanghai alone, running a laundry shop. She saves the boy she has a crush on one day, and is mistaken by his family to be his fiancee. While the boy ...                See full summary »",98.75,"[{""name"": ""Cinema Productions""}]","[{""name"": ""USA""}]",2017-01-01,65000000,115.0,"[{""name"": ""English""}]",Released,An extraordinary Comedy story.,Jia ru wang zi shui zhao le,7.9,1800
30000000,"[{""id"": 1, ""name"": ""Adventure""}, {""id"": 2, ""name"": ""Horror""}, {""id"": 3, ""name"": ""Sci-Fi""}]",,330494,"[{""id"": 1, ""name"": ""adventure""}, {""id"": 2, ""name"": ""horror""}, {""id"": 3, ""name"": ""sci-fi""}]",en,The Time That Time Forgot,Astronauts travel back in time to a prehistoric Earth.,90.0,"[{""name"": ""Cinema Productions""}]","[{""name"": ""USA""}]",2015-01-01,65000000,115.0,"[{""name"": ""English""}]",Released,An extraordinary Adventure story.,The Time That Time Forgot,7.2,1800
30000000,"[{""id"": 1, ""name"": ""Biography""}, {""id"": 2, ""name"": ""Comedy""}, {""id"": 3, ""name"": ""Drama""}]",,330495,"[{""id"": 1, ""name"": ""biography""}, {""id"": 2, ""name"": ""comedy""}, {""id"": 3, ""name"": ""drama""}]",en,Fighting with My Family,A former wrestler and his family make a living performing at small venues around the country while his kids dream of joining World Wrestling Entertainment.,88.75,"[{""name"": ""Cinema Productions""}]","[{""name"": ""USA""}]",2019-01-01,65000000,115.0,"[{""name"": ""English""}]",Released,An extraordinary Biography story.,Fighting with My Family,7.1,1800
30000000,"[{""id"": 1, ""name"": ""Family""}]",,330496,"[{""id"": 1, ""name"": ""family""}]",en,Joey and Ella,"When a baby kangaroo gets accidentally swept up in a jewelry heist, she becomes separated from her mother for the first time in her young life.",61.25,"[{""name"": ""Cinema Productions""}]","[{""name"": ""USA""}]",2021-01-01,65000000,115.0,"[{""name"": ""English""}]",Released,An extraordinary Family story.,Joey and Ella,4.9,1800
30000000,"[{""id"": 1, ""name"": ""Horror""}, {""id"": 2, ""name"": ""Thriller""}]",,330497,"[{""id"": 1, ""name"": ""horror""}, {""id"": 2, ""name"": ""thriller""}]",en,All the Fear of the Fair,After a roller-coaster accident kills a large party of school children the fair closes down. The owner vows to make amends by building a non-profit youth club filled with all the ...                See full summary »,82.5,"[{""name"": ""Cinema Productions""}]","[{""name"": ""USA""}]",2012-01-01,65000000,115.0,"[{""name"": ""English""}]",Released,An extraordinary Horror story.,All the Fear of the Fair,6.6,1800
30000000,"[{""id"": 1, ""name"": ""Comedy""}, {""id"": 2, ""name"": ""Romance""}]",,330498,"[{""id"": 1, ""name"": ""comedy""}, {""id"": 2, ""name"": ""romance""}]",en,Milk & Money,"When David drops out of medical school, he finds out what life isn't really like. He meets beautiful women, holds a box, helps make a movie, and takes care of 21 cows.",63.75,"[{""name"": ""Cinema Productions""}]","[{""name"": ""USA""}]",1996-01-01,65000000,115.0,"[{""name"": ""English""}]",Released,An extraordinary Comedy story.,Milk & Money,5.1,1800
30000000,"[{""id"": 1, ""name"": ""Drama""}, {""id"": 2, ""name"": ""Romance""}]",,330499,"[{""id"": 1, ""name"": ""drama""}, {""id"": 2, ""name"": ""romance""}]",en,Jules and Jim,Decades of a love triangle concerning two friends and an impulsive woman.,96.25,"[{""name"": ""Cinema Productions""}]","[{""name"": ""USA""}]",1962-01-01,65000000,115.0,"[{""name"": ""English""}]",Released,An extraordinary Drama story.,Jules and Jim,7.7,1800
30000000,"[{""id"": 1, ""name"": ""Action""}, {""id"": 2, ""name"": ""Adventure""}]",,330500,"[{""id"": 1, ""name"": ""action""}, {""id"": 2, ""name"": ""adventure""}]",en,Lone Wolf and Cub: Sword of Vengeance,"The story of a Ronin (i.e. a masterless samurai) who wanders the countryside of Japan with his small child, having various adventures.",96.25,"[{""name"": ""Cinema Productions""}]","[{""name"": ""USA""}]",1972-01-01,65000000,115.0,"[{""name"": ""English""}]",Released,An extraordinary Action story.,Lone Wolf and Cub: Sword of Vengeance,7.7,1800
30000000,"[{""id"": 1, ""name"": ""Action""}]",,330501,"[{""id"": 1, ""name"": ""action""}]",en,Gypsy,A gypsy girl lands in the big city and becomes a stage star. She then gets involved with gangsters and a love triangle.,90.0,"[{""name"": ""Cinema Productions""}]","[{""name"": ""USA""}]",1957-01-01,65000000,115.0,"[{""name"": ""English""}]",Released,An extraordinary Action story.,Gypsy,7.2,1800
30000000,"[{""id"": 1, ""name"": ""Animation""}, {""id"": 2, ""name"": ""Adventure""}, {""id"": 3, ""name"": ""Sci-Fi""}]",,330502,"[{""id"": 1, ""name"": ""animation""}, {""id"": 2, ""name"": ""adventure""}, {""id"": 3, ""name"": ""sci-fi""}]",en,Axel 2: Adventures of the Spacekids,"The once beautiful Planet Kepler is now dry and near destruction after its precious Callaro plant was exploited to extinction. Three brave space kids - Axel, Jono and Gaga - embark on a daring mission to rebuild their desolate planet",77.5,"[{""name"": ""Cinema Productions""}]","[{""name"": ""USA""}]",2017-01-01,65000000,115.0,"[{""name"": ""English""}]",Released,An extraordinary Animation story.,Axel 2: Adventures of the Spacekids,6.2,1800
30000000,"[{""id"": 1, ""name"": ""Drama""}, {""id"": 2, ""name"": ""History""}, {""id"": 3, ""name"": ""War""}]",,330503,"[{""id"": 1, ""name"": ""drama""}, {""id"": 2, ""name"": ""history""}, {""id"": 3, ""name"": ""war""}]",en,Taiheiyô no washi,"Japanese Admiral Isoroku Yamamoto, a brilliant tactician, is a loyal subject of the emperor, despite his grave misgivings about leading Japan's navy into war with the United States. He ...                See full summary »",95.0,"[{""name"": ""Cinema Productions""}]","[{""name"": ""USA""}]",1953-01-01,65000000,115.0,"[{""name"": ""English""}]",Released,An extraordinary Drama story.,Taiheiyô no washi,7.6,1800
30000000,"[{""id"": 1, ""name"": ""Action""}, {""id"": 2, ""name"": ""Crime""}, {""id"": 3, ""name"": ""Drama""}]",,330504,"[{""id"": 1, ""name"": ""action""}, {""id"": 2, ""name"": ""crime""}, {""id"": 3, ""name"": ""drama""}]",en,Gator,Agents force a former con man to help them nab a corrupt politician.,72.5,"[{""name"": ""Cinema Productions""}]","[{""name"": ""USA""}]",1976-01-01,65000000,115.0,"[{""name"": ""English""}]",Released,An extraordinary Action story.,Gator,5.8,1800
30000000,"[{""id"": 1, ""name"": ""War""}]",,330505,"[{""id"": 1, ""name"": ""war""}]",en,Uncle Zvane,"Uncle Zvane is assigned by the underground People's Committee of a village to deliver a number of oxes to the Partisans in the Gorski Kotar Mountains. The story tells how the old man overcomes the difficulties, and succeeds.",70.0,"[{""name"": ""Cinema Productions""}]","[{""name"": ""USA""}]",1949-01-01,65000000,115.0,"[{""name"": ""English""}]",Released,An extraordinary War story.,Uncle Zvane,5.6,1800
30000000,"[{""id"": 1, ""name"": ""Action""}, {""id"": 2, ""name"": ""Comedy""}, {""id"": 3, ""name"": ""Romance""}]",,330506,"[{""id"": 1, ""name"": ""action""}, {""id"": 2, ""name"": ""comedy""}, {""id"": 3, ""name"": ""romance""}]",en,Bloody Wings,"A mysterious man is sent to protect a woman against her sister's attempts to have her killed. In the process, the man and woman fall in love.",90.0,"[{""name"": ""Cinema Productions""}]","[{""name"": ""USA""}]",2014-01-01,65000000,115.0,"[{""name"": ""English""}]",Released,An extraordinary Action story.,Bloody Wings,7.2,1800
30000000,"[{""id"": 1, ""name"": ""Comedy""}, {""id"": 2, ""name"": ""Drama""}, {""id"": 3, ""name"": ""Romance""}]",,330507,"[{""id"": 1, ""name"": ""comedy""}, {""id"": 2, ""name"": ""drama""}, {""id"": 3, ""name"": ""romance""}]",en,Don't Marry Griff,Lyodell Archer (Steven L.Coard) and best friend Sutton Brown (Chris DeLoatch) friendship is shaken to its very core when Sutton confesses his love to Lyodell on his wedding day. Things get ...                See full summary »,90.0,"[{""name"": ""Cinema Productions""}]","[{""name"": ""USA""}]",2016-01-01,65000000,115.0,"[{""name"": ""English""}]",Released,An extraordinary Comedy story.,Don't Marry Griff,7.2,1800
30000000,"[{""id"": 1, ""name"": ""Crime""}, {""id"": 2, ""name"": ""Drama""}, {""id"": 3, ""name"": ""Film-Noir""}]",,330508,"[{""id"": 1, ""name"": ""crime""}, {""id"": 2, ""name"": ""drama""}, {""id"": 3, ""name"": ""film-noir""}]",en,The Devil Thumbs a Ride,Law-abiding Jimmy Ferguson soon regrets giving a ride to killer Steve Morgan.,85.0,"[{""name"": ""Cinema Productions""}]","[{""name"": ""USA""}]",1947-01-01,65000000,115.0,"[{""name"": ""English""}]",Released,An extraordinary Crime story.,The Devil Thumbs a Ride,6.8,1800
30000000,"[{""id"": 1, ""name"": ""Action""}, {""id"": 2, ""name"": ""Adventure""}, {""id"": 3, ""name"": ""Family""}]",,330509,"[{""id"": 1, ""name"": ""action""}, {""id"": 2, ""name"": ""adventure""}, {""id"": 3, ""name"": ""family""}]",en,Journey to the Center of the Earth,"On a quest to find out what happened to his missing brother, a scientist, his nephew and their mountain guide discover a fantastic and dangerous lost world in the center of the earth.",72.5,"[{""name"": ""Cinema Productions""}]","[{""name"": ""USA""}]",2008-01-01,65000000,115.0,"[{""name"": ""English""}]",Released,An extraordinary Action story.,Journey to the Center of the Earth,5.8,1800
30000000,"[{""id"": 1, ""name"": ""Adventure""}, {""id"": 2, ""name"": ""Family""}, {""id"": 3, ""name"": ""Fantasy""}]",,330510,"[{""id"": 1, ""name"": ""adventure""}, {""id"": 2, ""name"": ""family""}, {""id"": 3, ""name"": ""fantasy""}]",en,Wild Witch,"""Wild Witch"" is a fantasy film for the whole family based on the popular book series by Lene Kaaberbøl.",60.0,"[{""name"": ""Cinema Productions""}]","[{""name"": ""USA""}]",2018-01-01,65000000,115.0,"[{""name"": ""English""}]",Released,An extraordinary Adventure story.,Wild Witch,4.8,1800
30000000,"[{""id"": 1, ""name"": ""Horror""}]",,330511,"[{""id"": 1, ""name"": ""horror""}]",en,With 2 You Get Horror,"Two interwoven horror stories taking place within a 24 hour period as both are investigated by a small town Sheriff of Tacouma County, NY. The first story involves the supernatural elements...                See full summary »",90.0,"[{""name"": ""Cinema Productions""}]","[{""name"": ""USA""}]",2014-01-01,65000000,115.0,"[{""name"": ""English""}]",Released,An extraordinary Horror story.,With 2 You Get Horror,7.2,1800
30000000,"[{""id"": 1, ""name"": ""Drama""}, {""id"": 2, ""name"": ""Comedy""}, {""id"": 3, ""name"": ""Family""}]",,330512,"[{""id"": 1, ""name"": ""drama""}, {""id"": 2, ""name"": ""comedy""}, {""id"": 3, ""name"": ""family""}]",en,Zevar,"Narendra is the owner of a newspaper that faces financial difficulties. His wife comes from a rich family and refuses to assist Narendra with his problems, and complains about his financial...                See full summary »",86.25,"[{""name"": ""Cinema Productions""}]","[{""name"": ""USA""}]",1987-01-01,65000000,115.0,"[{""name"": ""English""}]",Released,An extraordinary Drama story.,Zevar,6.9,1800
30000000,"[{""id"": 1, ""name"": ""Drama""}, {""id"": 2, ""name"": ""Mystery""}, {""id"": 3, ""name"": ""Thriller""}]",,330513,"[{""id"": 1, ""name"": ""drama""}, {""id"": 2, ""name"": ""mystery""}, {""id"": 3, ""name"": ""thriller""}]",en,Landers,"Four years after the death of a young girl, Ivan receives a phone call from the one person he thought he'd never speak to again, her brother Matt. Matt invites Ivan on a hiking trip to the ...                See full summary »",77.5,"[{""name"": ""Cinema Productions""}]","[{""name"": ""USA""}]",2004-01-01,65000000,115.0,"[{""name"": ""English""}]",Released,An extraordinary Drama story.,Landers,6.2,1800
30000000,"[{""id"": 1, ""name"": ""Comedy""}, {""id"": 2, ""name"": ""Drama""}, {""id"": 3, ""name"": ""Romance""}]",,330514,"[{""id"": 1, ""name"": ""comedy""}, {""id"": 2, ""name"": ""drama""}, {""id"": 3, ""name"": ""romance""}]",en,The Naughty Flirt,Rich party girl sets her eyes on a young attorney.,70.0,"[{""name"": ""Cinema Productions""}]","[{""name"": ""USA""}]",1930-01-01,65000000,115.0,"[{""name"": ""English""}]",Released,An extraordinary Comedy story.,The Naughty Flirt,5.6,1800
30000000,"[{""id"": 1, ""name"": ""Crime""}, {""id"": 2, ""name"": ""Drama""}, {""id"": 3, ""name"": ""Romance""}]",,330515,"[{""id"": 1, ""name"": ""crime""}, {""id"": 2, ""name"": ""drama""}, {""id"": 3, ""name"": ""romance""}]",en,Product of My Environment,"A teenage hoodlum sees no other way to live as he struggles with being a young father, a faithful boyfriend and a loyal 'homie dedicated to his gang in South Sacramento, California.",90.0,"[{""name"": ""Cinema Productions""}]","[{""name"": ""USA""}]",2015-01-01,65000000,115.0,"[{""name"": ""English""}]",Released,An extraordinary Crime story.,Product of My Environment,7.2,1800
30000000,"[{""id"": 1, ""name"": ""Thriller""}]",,330516,"[{""id"": 1, ""name"": ""thriller""}]",en,The Tip of the Iceberg,A CEO looking for the truth. An investigation too much dangerous to be concluded.,72.5,"[{""name"": ""Cinema Productions""}]","[{""name"": ""USA""}]",2016-01-01,65000000,115.0,"[{""name"": ""English""}]",Released,An extraordinary Thriller story.,The Tip of the Iceberg,5.8,1800
30000000,"[{""id"": 1, ""name"": ""Adventure""}, {""id"": 2, ""name"": ""Comedy""}, {""id"": 3, ""name"": ""Drama""}]",,330517,"[{""id"": 1, ""name"": ""adventure""}, {""id"": 2, ""name"": ""comedy""}, {""id"": 3, ""name"": ""drama""}]",en,Pippi in the South Seas,"With the help of her friends Tommy and Annika, Pippi Longstocking ventures to the South Pacific island Porto Piluse to rescue her father, who was captured by ruthless pirates.",85.0,"[{""name"": ""Cinema Productions""}]","[{""name"": ""USA""}]",1970-01-01,65000000,115.0,"[{""name"": ""English""}]",Released,An extraordinary Adventure story.,Pippi in the South Seas,6.8,1800
30000000,"[{""id"": 1, ""name"": ""Drama""}, {""id"": 2, ""name"": ""Romance""}]",,330518,"[{""id"": 1, ""name"": ""drama""}, {""id"": 2, ""name"": ""romance""}]",en,Boys on Film 1: Hard Love,"Created by many talented gay directors and actors, 'Boys on Film' features numerous award winning shorts that deal with all aspects of gay life.",72.5,"[{""name"": ""Cinema Productions""}]","[{""name"": ""USA""}]",2009-01-01,65000000,115.0,"[{""name"": ""English""}]",Released,An extraordinary Drama story.,Boys on Film 1: Hard Love,5.8,1800
30000000,"[{""id"": 1, ""name"": ""Drama""}, {""id"": 2, ""name"": ""History""}, {""id"": 3, ""name"": ""Romance""}]",,330519,"[{""id"": 1, ""name"": ""drama""}, {""id"": 2, ""name"": ""history""}, {""id"": 3, ""name"": ""romance""}]",en,Gold Coast,"In 1836 the Danish romantic visionary Wulff travels to Africa to create plantations on the Gold Coast, but his best intentions and belief is soon confronted with a harsh reality dominated by slave trade and unbelievable brutality.",66.25,"[{""name"": ""Cinema Productions""}]","[{""name"": ""USA""}]",2015-01-01,65000000,115.0,"[{""name"": ""English""}]",Released,An extraordinary Drama story.,Gold Coast,5.3,1800
30000000,"[{""id"": 1, ""name"": ""Action""}, {""id"": 2, ""name"": ""Crime""}, {""id"": 3, ""name"": ""Drama""}]",,330520,"[{""id"": 1, ""name"": ""action""}, {""id"": 2, ""name"": ""crime""}, {""id"": 3, ""name"": ""drama""}]",en,The American,An assassin hides out in Italy for one last assignment.,78.75,"[{""name"": ""Cinema Productions""}]","[{""name"": ""USA""}]",2010-01-01,65000000,115.0,"[{""name"": ""English""}]",Released,An extraordinary Action story.,The American,6.3,1800
30000000,"[{""id"": 1, ""name"": ""Animation""}, {""id"": 2, ""name"": ""Family""}, {""id"": 3, ""name"": ""Fantasy""}]",,330521,"[{""id"": 1, ""name"": ""animation""}, {""id"": 2, ""name"": ""family""}, {""id"": 3, ""name"": ""fantasy""}]",en,Ivan Tsarevitch and the Changing Princess: Four Enchanting Tales,"4 tales about princesses and adventurers around the World: The Mistress of Monsters, The Wizard Student, The Ship's Boy and his Female Cat, Ivan Tsarevitch and his changeable princess.",86.25,"[{""name"": ""Cinema Productions""}]","[{""name"": ""USA""}]",2016-01-01,65000000,115.0,"[{""name"": ""English""}]",Released,An extraordinary Animation story.,Ivan Tsarevitch and the Changing Princess: Four Enchanting Tales,6.9,1800
30000000,"[{""id"": 1, ""name"": ""Drama""}, {""id"": 2, ""name"": ""History""}]",,330522,"[{""id"": 1, ""name"": ""drama""}, {""id"": 2, ""name"": ""history""}]",en,Rákóczi nótája,"Krisztinka Oltay, disguised as a gypsy woman, spies, plots and arranges to help Prince Rákóczi and free his lover, Péter Szakmáry, who has been captured by his brother, who is loyal to the ...                See full summary »",76.25,"[{""name"": ""Cinema Productions""}]","[{""name"": ""USA""}]",1943-01-01,65000000,115.0,"[{""name"": ""English""}]",Released,An extraordinary Drama story.,Rákóczi nótája,6.1,1800
30000000,"[{""id"": 1, ""name"": ""Action""}, {""id"": 2, ""name"": ""Crime""}, {""id"": 3, ""name"": ""Fantasy""}]",,330523,"[{""id"": 1, ""name"": ""action""}, {""id"": 2, ""name"": ""crime""}, {""id"": 3, ""name"": ""fantasy""}]",en,The Dawn of Knight,"Haunted by the senseless killing of a spirited young woman, a social worker transforms himself into an assassin and sets out to unleash hell upon the gangs and corrupt officials responsible.",90.0,"[{""name"": ""Cinema Productions""}]","[{""name"": ""USA""}]",2015-01-01,65000000,115.0,"[{""name"": ""English""}]",Released,An extraordinary Action story.,The Dawn of Knight,7.2,1800
30000000,"[{""id"": 1, ""name"": ""Romance""}, {""id"": 2, ""name"": ""Comedy""}]",,330524,"[{""id"": 1, ""name"": ""romance""}, {""id"": 2, ""name"": ""comedy""}]",en,Where Sinners Meet,"Leonard and Anne are taking the lovers road to Dover where they will board the boat and go to Paris. But the car breaks down and Saunders takes them to a nearby hotel. When they get there, ...                See full summary »",71.25,"[{""name"": ""Cinema Productions""}]","[{""name"": ""USA""}]",1934-01-01,65000000,115.0,"[{""name"": ""English""}]",Released,An extraordinary Romance story.,Where Sinners Meet,5.7,1800
30000000,"[{""id"": 1, ""name"": ""Horror""}]",,330525,"[{""id"": 1, ""name"": ""horror""}]",en,Profanía,"Argentina, 2001. The country is in the middle of a state of siege. Bruno leads a rural military patrol of five soldiers into the countryside. They come upon an old farmhouse and inside they...                See full summary »",90.0,"[{""name"": ""Cinema Productions""}]","[{""name"": ""USA""}]",2015-01-01,65000000,115.0,"[{""name"": ""English""}]",Released,An extraordinary Horror story.,Profanía,7.2,1800
30000000,"[{""id"": 1, ""name"": ""Horror""}]",,330526,"[{""id"": 1, ""name"": ""horror""}]",en,Sheep,"On the anniversary of their daughter's death, a couple's home becomes the playground of children wearing actual sheep heads.",90.0,"[{""name"": ""Cinema Productions""}]","[{""name"": ""USA""}]",2015-01-01,65000000,115.0,"[{""name"": ""English""}]",Released,An extraordinary Horror story.,Sheep,7.2,1800
30000000,"[{""id"": 1, ""name"": ""Comedy""}, {""id"": 2, ""name"": ""Drama""}, {""id"": 3, ""name"": ""Romance""}]",,330527,"[{""id"": 1, ""name"": ""comedy""}, {""id"": 2, ""name"": ""drama""}, {""id"": 3, ""name"": ""romance""}]",en,Happenstance,"How, thanks to what's known as the ""Butterfly theory"" (a random series of unlinked events), can a young woman and a young man meet ?",83.75,"[{""name"": ""Cinema Productions""}]","[{""name"": ""USA""}]",2000-01-01,65000000,115.0,"[{""name"": ""English""}]",Released,An extraordinary Comedy story.,Happenstance,6.7,1800
30000000,"[{""id"": 1, ""name"": ""Drama""}, {""id"": 2, ""name"": ""Family""}]",,330528,"[{""id"": 1, ""name"": ""drama""}, {""id"": 2, ""name"": ""family""}]",en,Whale Rider,"A contemporary story of love, rejection and triumph as a young Maori girl fights to fulfill a destiny her grandfather refuses to recognize.",93.75,"[{""name"": ""Cinema Productions""}]","[{""name"": ""USA""}]",2002-01-01,65000000,115.0,"[{""name"": ""English""}]",Released,An extraordinary Drama story.,Whale Rider,7.5,1800
30000000,"[{""id"": 1, ""name"": ""Action""}, {""id"": 2, ""name"": ""Romance""}]",,330529,"[{""id"": 1, ""name"": ""action""}, {""id"": 2, ""name"": ""romance""}]",en,Shivamani,An ex cop goes in search of his lost girlfriend to Kerala and along way meets a news reporter who helps him to find his lover.,76.25,"[{""name"": ""Cinema Productions""}]","[{""name"": ""USA""}]",2003-01-01,65000000,115.0,"[{""name"": ""English""}]",Released,An extraordinary Action story.,Shivamani,6.1,1800
30000000,"[{""id"": 1, ""name"": ""Crime""}]",,330530,"[{""id"": 1, ""name"": ""crime""}]",en,Goodbye Cruel World,"5 people, whose identities are unknown to each other, gather for a one time robbery job. They head to a motel, where a yakuza gang use to launder money. The group succeed in their heist and...                See full summary »",72.5,"[{""name"": ""Cinema Productions""}]","[{""name"": ""USA""}]",2022-01-01,65000000,115.0,"[{""name"": ""English""}]",Released,An extraordinary Crime story.,Goodbye Cruel World,5.8,1800
30000000,"[{""id"": 1, ""name"": ""Animation""}, {""id"": 2, ""name"": ""Family""}]",,330531,"[{""id"": 1, ""name"": ""animation""}, {""id"": 2, ""name"": ""family""}]",en,Short Films by Short People: The Adventures of Sam Digital,"A kid named Sam Digital must stop a virus monster from destroying Internet World. Aired on Noggin during ""Phred on Your Head Show"" and ""Out of Your Mind"" and Nickelodeon.",80.0,"[{""name"": ""Cinema Productions""}]","[{""name"": ""USA""}]",1999-01-01,65000000,115.0,"[{""name"": ""English""}]",Released,An extraordinary Animation story.,Short Films by Short People: The Adventures of Sam Digital,6.4,1800
30000000,"[{""id"": 1, ""name"": ""Comedy""}, {""id"": 2, ""name"": ""Drama""}, {""id"": 3, ""name"": ""Fantasy""}]",,330532,"[{""id"": 1, ""name"": ""comedy""}, {""id"": 2, ""name"": ""drama""}, {""id"": 3, ""name"": ""fantasy""}]",en,Simply Irresistible,"A magical crab works wonders for a terrible chef's culinary skills, leading her towards the man of her dreams.",65.0,"[{""name"": ""Cinema Productions""}]","[{""name"": ""USA""}]",1999-01-01,65000000,115.0,"[{""name"": ""English""}]",Released,An extraordinary Comedy story.,Simply Irresistible,5.2,1800
30000000,"[{""id"": 1, ""name"": ""Horror""}, {""id"": 2, ""name"": ""Sci-Fi""}, {""id"": 3, ""name"": ""Thriller""}]",,330533,"[{""id"": 1, ""name"": ""horror""}, {""id"": 2, ""name"": ""sci-fi""}, {""id"": 3, ""name"": ""thriller""}]",en,The Kirkbride Project,"Cody K. Sundvor and Jerry G. Angelo present ""The Kirkebride Project"", a horror/supernatural thriller/ that tells the haunting tale of five college students who disappeared investigating an ...                See full summary »",90.0,"[{""name"": ""Cinema Productions""}]","[{""name"": ""USA""}]",2015-01-01,65000000,115.0,"[{""name"": ""English""}]",Released,An extraordinary Horror story.,The Kirkbride Project,7.2,1800
30000000,"[{""id"": 1, ""name"": ""Comedy""}, {""id"": 2, ""name"": ""Musical""}, {""id"": 3, ""name"": ""Romance""}]",,330534,"[{""id"": 1, ""name"": ""comedy""}, {""id"": 2, ""name"": ""musical""}, {""id"": 3, ""name"": ""romance""}]",en,Damn Yankees,A frustrated fan of the hopeless Washington Senators makes a pact with the Devil to help the baseball team win the league pennant.,87.5,"[{""name"": ""Cinema Productions""}]","[{""name"": ""USA""}]",1958-01-01,65000000,115.0,"[{""name"": ""English""}]",Released,An extraordinary Comedy story.,Damn Yankees,7.0,1800
30000000,"[{""id"": 1, ""name"": ""Action""}]",,330535,"[{""id"": 1, ""name"": ""action""}]",en,Pistoleros famosos II,"LucÃÂa convalece de la herida en la pierna que sufriÃ³ en la pieza de cine anterior. Su amigo Ceferino y el indocumentado Coyote chico, que no puede integrarse a Estados Unidos, la ayudan ...                See full summary »",73.75,"[{""name"": ""Cinema Productions""}]","[{""name"": ""USA""}]",1986-01-01,65000000,115.0,"[{""name"": ""English""}]",Released,An extraordinary Action story.,Pistoleros famosos II,5.9,1800
30000000,"[{""id"": 1, ""name"": ""Drama""}, {""id"": 2, ""name"": ""Horror""}, {""id"": 3, ""name"": ""Thriller""}]",,330536,"[{""id"": 1, ""name"": ""drama""}, {""id"": 2, ""name"": ""horror""}, {""id"": 3, ""name"": ""thriller""}]",en,Urban Ghost Story,"After a car accident, Lizzie lies dead on the roadside - slowly she is taken into the light - but is pulled back to earth when she is revived by the doctors. Lizzie feels sure that during ...                See full summary »",67.5,"[{""name"": ""Cinema Productions""}]","[{""name"": ""USA""}]",1998-01-01,65000000,115.0,"[{""name"": ""English""}]",Released,An extraordinary Drama story.,Urban Ghost Story,5.4,1800
30000000,"[{""id"": 1, ""name"": ""Biography""}, {""id"": 2, ""name"": ""Drama""}, {""id"": 3, ""name"": ""Mystery""}]",,330537,"[{""id"": 1, ""name"": ""biography""}, {""id"": 2, ""name"": ""drama""}, {""id"": 3, ""name"": ""mystery""}]",en,Memories of a Teenager,"After the suicide of his best friend and the fire of a local dance called Cromañón, including recitals, illegal parties in an abandoned warehouse and high school, a year passes by in the ...                See full summary »",81.25,"[{""name"": ""Cinema Productions""}]","[{""name"": ""USA""}]",2019-01-01,65000000,115.0,"[{""name"": ""English""}]",Released,An extraordinary Biography story.,Memories of a Teenager,6.5,1800
30000000,"[{""id"": 1, ""name"": ""Adventure""}, {""id"": 2, ""name"": ""Drama""}, {""id"": 3, ""name"": ""Fantasy""}]",,330538,"[{""id"": 1, ""name"": ""adventure""}, {""id"": 2, ""name"": ""drama""}, {""id"": 3, ""name"": ""fantasy""}]",en,Os Dez Mandamentos - O Filme,Follows Moses leading and conducting the Hebrew people from the slavery of Egypt to the freedom towards the Promised Land according to the Ancient Testament Bible book of the Exodus. The ...                See full summary »,37.5,"[{""name"": ""Cinema Productions""}]","[{""name"": ""USA""}]",2016-01-01,65000000,115.0,"[{""name"": ""English""}]",Released,An extraordinary Adventure story.,Os Dez Mandamentos - O Filme,3.0,1800
30000000,"[{""id"": 1, ""name"": ""Drama""}, {""id"": 2, ""name"": ""Horror""}, {""id"": 3, ""name"": ""Thriller""}]",,330539,"[{""id"": 1, ""name"": ""drama""}, {""id"": 2, ""name"": ""horror""}, {""id"": 3, ""name"": ""thriller""}]",en,Combat Shock,"A dangerously disturbed Vietnam veteran struggles with life 15 years after his return home, and slowly falls into insanity from his gritty urban lifestyle.",78.75,"[{""name"": ""Cinema Productions""}]","[{""name"": ""USA""}]",1984-01-01,65000000,115.0,"[{""name"": ""English""}]",Released,An extraordinary Drama story.,Combat Shock,6.3,1800
30000000,"[{""id"": 1, ""name"": ""Action""}, {""id"": 2, ""name"": ""Crime""}, {""id"": 3, ""name"": ""Drama""}]",,330540,"[{""id"": 1, ""name"": ""action""}, {""id"": 2, ""name"": ""crime""}, {""id"": 3, ""name"": ""drama""}]",en,Standalone,"'The system is simple: Word, Rap, Fall.' Word Step 1: A Wrongman, once in the system, puts the 'word' out on the street, spreading false rumors about his (so-called) criminal activities, ...                See full summary »",91.25,"[{""name"": ""Cinema Productions""}]","[{""name"": ""USA""}]",2005-01-01,65000000,115.0,"[{""name"": ""English""}]",Released,An extraordinary Action story.,Standalone,7.3,1800
30000000,"[{""id"": 1, ""name"": ""Comedy""}, {""id"": 2, ""name"": ""Drama""}, {""id"": 3, ""name"": ""Romance""}]",,330541,"[{""id"": 1, ""name"": ""comedy""}, {""id"": 2, ""name"": ""drama""}, {""id"": 3, ""name"": ""romance""}]",en,Blume in Love,"Lawyer Stephen Blume, specialized in divorces, lives a paradoxical situation when, having his own marriage break up, is still in love with his ex-wife.",77.5,"[{""name"": ""Cinema Productions""}]","[{""name"": ""USA""}]",1973-01-01,65000000,115.0,"[{""name"": ""English""}]",Released,An extraordinary Comedy story.,Blume in Love,6.2,1800
30000000,"[{""id"": 1, ""name"": ""Crime""}, {""id"": 2, ""name"": ""Drama""}, {""id"": 3, ""name"": ""Film-Noir""}]",,330542,"[{""id"": 1, ""name"": ""crime""}, {""id"": 2, ""name"": ""drama""}, {""id"": 3, ""name"": ""film-noir""}]",en,They Made Me a Killer,A young girl tries to prove a man innocent of robbery and murder charges.,73.75,"[{""name"": ""Cinema Productions""}]","[{""name"": ""USA""}]",1946-01-01,65000000,115.0,"[{""name"": ""English""}]",Released,An extraordinary Crime story.,They Made Me a Killer,5.9,1800
30000000,"[{""id"": 1, ""name"": ""Drama""}, {""id"": 2, ""name"": ""Romance""}]",,330543,"[{""id"": 1, ""name"": ""drama""}, {""id"": 2, ""name"": ""romance""}]",en,Olet mennyt minun vereeni,"Innocent girl gets lead astray by Lothario, not only into adultery, because he's already married, but devilish drink, too. Lothario's good friend, the fine upstanding seaman takes a fancy ...                See full summary »",85.0,"[{""name"": ""Cinema Productions""}]","[{""name"": ""USA""}]",1956-01-01,65000000,115.0,"[{""name"": ""English""}]",Released,An extraordinary Drama story.,Olet mennyt minun vereeni,6.8,1800
30000000,"[{""id"": 1, ""name"": ""Action""}]",,330544,"[{""id"": 1, ""name"": ""action""}]",en,Neruppuda,"Vikram Prabhu stars as a firefighter, who is also a hardcore Rajinikanth fan, in this film directed by B. Ashok Kumar.",56.25,"[{""name"": ""Cinema Productions""}]","[{""name"": ""USA""}]",2017-01-01,65000000,115.0,"[{""name"": ""English""}]",Released,An extraordinary Action story.,Neruppuda,4.5,1800
30000000,"[{""id"": 1, ""name"": ""Comedy""}, {""id"": 2, ""name"": ""Family""}, {""id"": 3, ""name"": ""Musical""}]",,330545,"[{""id"": 1, ""name"": ""comedy""}, {""id"": 2, ""name"": ""family""}, {""id"": 3, ""name"": ""musical""}]",en,The Emperor's New Clothes,"In Europe several several centuries ago, a group of prisoners about to be executed are freed as part of the celebration of the upcoming marriage of the emperor's daughter, Princess Gilda, ...                See full summary »",57.5,"[{""name"": ""Cinema Productions""}]","[{""name"": ""USA""}]",1987-01-01,65000000,115.0,"[{""name"": ""English""}]",Released,An extraordinary Comedy story.,The Emperor's New Clothes,4.6,1800
30000000,"[{""id"": 1, ""name"": ""Romance""}]",,330546,"[{""id"": 1, ""name"": ""romance""}]",en,The Element of Hope,"The husband sets up the breakfast table that his wife won't even at that day, cleans it, and does the laundry.",90.0,"[{""name"": ""Cinema Productions""}]","[{""name"": ""USA""}]",2022-01-01,65000000,115.0,"[{""name"": ""English""}]",Released,An extraordinary Romance story.,The Element of Hope,7.2,1800
30000000,"[{""id"": 1, ""name"": ""Comedy""}, {""id"": 2, ""name"": ""Drama""}, {""id"": 3, ""name"": ""Family""}]",,330547,"[{""id"": 1, ""name"": ""comedy""}, {""id"": 2, ""name"": ""drama""}, {""id"": 3, ""name"": ""family""}]",en,Nang maghalo ang balat sa tinalupan,"THE HAPPY, HARMONIOUS LIFE OF A LOVING COUPLE IS THREATENED WHEN A BOY - THE HUSBAND'S LOVE CHILD WITH A PREVIOUS LOVER - ENTERS INTO THEIR LIVES.",90.0,"[{""name"": ""Cinema Productions""}]","[{""name"": ""USA""}]",1984-01-01,65000000,115.0,"[{""name"": ""English""}]",Released,An extraordinary Comedy story.,Nang maghalo ang balat sa tinalupan,7.2,1800
30000000,"[{""id"": 1, ""name"": ""Crime""}, {""id"": 2, ""name"": ""Drama""}, {""id"": 3, ""name"": ""Film-Noir""}]",,330548,"[{""id"": 1, ""name"": ""crime""}, {""id"": 2, ""name"": ""drama""}, {""id"": 3, ""name"": ""film-noir""}]",en,Thunderbolt,"A criminal known as Thunderbolt is imprisoned and facing execution. Into the next cell is placed Bob Moran, an innocent man who has been framed and who is in love with Thunderbolt's girl. ...                See full summary »",81.25,"[{""name"": ""Cinema Productions""}]","[{""name"": ""USA""}]",1929-01-01,65000000,115.0,"[{""name"": ""English""}]",Released,An extraordinary Crime story.,Thunderbolt,6.5,1800
30000000,"[{""id"": 1, ""name"": ""Biography""}, {""id"": 2, ""name"": ""Drama""}, {""id"": 3, ""name"": ""History""}]",,330549,"[{""id"": 1, ""name"": ""biography""}, {""id"": 2, ""name"": ""drama""}, {""id"": 3, ""name"": ""history""}]",en,Le Battement D'ailes D'un Papillon,"""Three butterflies. Suddenly two butterflies and nobody has realized how the souls disappear..."" Twenty-five years ago, in Kiev, his mother gave to the author a camcorder 16 mm. His friends...                See full summary »",86.25,"[{""name"": ""Cinema Productions""}]","[{""name"": ""USA""}]",2008-01-01,65000000,115.0,"[{""name"": ""English""}]",Released,An extraordinary Biography story.,Le Battement D'ailes D'un Papillon,6.9,1800
30000000,"[{""id"": 1, ""name"": ""Western""}, {""id"": 2, ""name"": ""Action""}]",,330550,"[{""id"": 1, ""name"": ""western""}, {""id"": 2, ""name"": ""action""}]",en,Uccidi o muori,A wandering gunfighter joins the good side in a conflict between two rival rancher families,70.0,"[{""name"": ""Cinema Productions""}]","[{""name"": ""USA""}]",1966-01-01,65000000,115.0,"[{""name"": ""English""}]",Released,An extraordinary Western story.,Uccidi o muori,5.6,1800
30000000,"[{""id"": 1, ""name"": ""Animation""}, {""id"": 2, ""name"": ""Adventure""}, {""id"": 3, ""name"": ""Comedy""}]",,330551,"[{""id"": 1, ""name"": ""animation""}, {""id"": 2, ""name"": ""adventure""}, {""id"": 3, ""name"": ""comedy""}]",en,Doraemon: Nobita and the Haunts of Evil,A sense of responsibility will arise in a boy through one's way of life.,85.0,"[{""name"": ""Cinema Productions""}]","[{""name"": ""USA""}]",1982-01-01,65000000,115.0,"[{""name"": ""English""}]",Released,An extraordinary Animation story.,Doraemon: Nobita and the Haunts of Evil,6.8,1800
30000000,"[{""id"": 1, ""name"": ""Adventure""}]",,330552,"[{""id"": 1, ""name"": ""adventure""}]",en,Riya Maalik & the Inner World,Riya Maalik and her team must embark on an adventure to prevent a cataclysmic disaster.,90.0,"[{""name"": ""Cinema Productions""}]","[{""name"": ""USA""}]",2015-01-01,65000000,115.0,"[{""name"": ""English""}]",Released,An extraordinary Adventure story.,Riya Maalik & the Inner World,7.2,1800
30000000,"[{""id"": 1, ""name"": ""Drama""}, {""id"": 2, ""name"": ""War""}]",,330553,"[{""id"": 1, ""name"": ""drama""}, {""id"": 2, ""name"": ""war""}]",en,First to Fight,"In WW2, highly decorated Marine Sgt. Jack Connell comes home to the USA from the Pacific War and trains recruits for the army until his fighting spirit prods him to request a return to active duty on the front lines.",71.25,"[{""name"": ""Cinema Productions""}]","[{""name"": ""USA""}]",1967-01-01,65000000,115.0,"[{""name"": ""English""}]",Released,An extraordinary Drama story.,First to Fight,5.7,1800
30000000,"[{""id"": 1, ""name"": ""Comedy""}, {""id"": 2, ""name"": ""Drama""}, {""id"": 3, ""name"": ""Romance""}]",,330554,"[{""id"": 1, ""name"": ""comedy""}, {""id"": 2, ""name"": ""drama""}, {""id"": 3, ""name"": ""romance""}]",en,Love in the Rain,"A romantic comedy story between Daisy, Nara, Khung, and a mysterious girl that happens during a rainy season.",70.0,"[{""name"": ""Cinema Productions""}]","[{""name"": ""USA""}]",2013-01-01,65000000,115.0,"[{""name"": ""English""}]",Released,An extraordinary Comedy story.,Love in the Rain,5.6,1800
30000000,"[{""id"": 1, ""name"": ""Animation""}, {""id"": 2, ""name"": ""Adventure""}, {""id"": 3, ""name"": ""Comedy""}]",,330555,"[{""id"": 1, ""name"": ""animation""}, {""id"": 2, ""name"": ""adventure""}, {""id"": 3, ""name"": ""comedy""}]",en,Speckles: The Tarbosaurus,A lonely Tarbosaurus named Spekles grows up into a world surrounded by dangers and must fight the One-eye'd monster that once orphaned him.,67.5,"[{""name"": ""Cinema Productions""}]","[{""name"": ""USA""}]",2012-01-01,65000000,115.0,"[{""name"": ""English""}]",Released,An extraordinary Animation story.,Speckles: The Tarbosaurus,5.4,1800
30000000,"[{""id"": 1, ""name"": ""Horror""}, {""id"": 2, ""name"": ""Thriller""}]",,330556,"[{""id"": 1, ""name"": ""horror""}, {""id"": 2, ""name"": ""thriller""}]",en,Nightworld: Door of Hell,"When former LAPD officer Brett Anderson takes a job as head of security at an old apartment building in Bulgaria's capital, Sofia, he soon begins to experience a series of bizarre and ...                See full summary »",55.0,"[{""name"": ""Cinema Productions""}]","[{""name"": ""USA""}]",2017-01-01,65000000,115.0,"[{""name"": ""English""}]",Released,An extraordinary Horror story.,Nightworld: Door of Hell,4.4,1800
30000000,"[{""id"": 1, ""name"": ""Adventure""}, {""id"": 2, ""name"": ""Family""}, {""id"": 3, ""name"": ""Fantasy""}]",,330557,"[{""id"": 1, ""name"": ""adventure""}, {""id"": 2, ""name"": ""family""}, {""id"": 3, ""name"": ""fantasy""}]",en,The Secret of Taran Desert,A young boy influenced by the stories of a kind nurse and his imagination hurry to the rescue of a little girl who has cancer.,55.0,"[{""name"": ""Cinema Productions""}]","[{""name"": ""USA""}]",2010-01-01,65000000,115.0,"[{""name"": ""English""}]",Released,An extraordinary Adventure story.,The Secret of Taran Desert,4.4,1800
30000000,"[{""id"": 1, ""name"": ""Adventure""}, {""id"": 2, ""name"": ""Horror""}, {""id"": 3, ""name"": ""Romance""}]",,330558,"[{""id"": 1, ""name"": ""adventure""}, {""id"": 2, ""name"": ""horror""}, {""id"": 3, ""name"": ""romance""}]",en,SOS Coast Guard,A mad scientist tries to sell his formula for a dist integrating gas to foreign powers.,73.75,"[{""name"": ""Cinema Productions""}]","[{""name"": ""USA""}]",1937-01-01,65000000,115.0,"[{""name"": ""English""}]",Released,An extraordinary Adventure story.,SOS Coast Guard,5.9,1800
30000000,"[{""id"": 1, ""name"": ""Drama""}, {""id"": 2, ""name"": ""Mystery""}, {""id"": 3, ""name"": ""Sci-Fi""}]",,330559,"[{""id"": 1, ""name"": ""drama""}, {""id"": 2, ""name"": ""mystery""}, {""id"": 3, ""name"": ""sci-fi""}]",en,Atlas Shrugged: Who Is John Galt?,"In a post-apocalyptic America, the iron fist of the totalitarian government seeks to crush one mysterious man named John Galt, who has the power and influence to change everything..",53.75,"[{""name"": ""Cinema Productions""}]","[{""name"": ""USA""}]",2014-01-01,65000000,115.0,"[{""name"": ""English""}]",Released,An extraordinary Drama story.,Atlas Shrugged: Who Is John Galt?,4.3,1800
30000000,"[{""id"": 1, ""name"": ""Animation""}, {""id"": 2, ""name"": ""Action""}, {""id"": 3, ""name"": ""Adventure""}]",,330560,"[{""id"": 1, ""name"": ""animation""}, {""id"": 2, ""name"": ""action""}, {""id"": 3, ""name"": ""adventure""}]",en,Beyblade: The Movie - Fierce Battle,Tyson and the Bladebreakers must stop an unleashed dark shadow group called the Shadow-Bladers and save the world in the ultimate Beyblade showdown battle!,68.75,"[{""name"": ""Cinema Productions""}]","[{""name"": ""USA""}]",2002-01-01,65000000,115.0,"[{""name"": ""English""}]",Released,An extraordinary Animation story.,Beyblade: The Movie - Fierce Battle,5.5,1800
30000000,"[{""id"": 1, ""name"": ""Drama""}, {""id"": 2, ""name"": ""Mystery""}, {""id"": 3, ""name"": ""Sci-Fi""}]",,330561,"[{""id"": 1, ""name"": ""drama""}, {""id"": 2, ""name"": ""mystery""}, {""id"": 3, ""name"": ""sci-fi""}]",en,Repeat,A zealous cognitive psychologist dedicates his life to university lecturing. While tinkering with one of his many experiments he stumbles across an unbelievable discovery-a way of ...                See full summary »,63.75,"[{""name"": ""Cinema Productions""}]","[{""name"": ""USA""}]",2021-01-01,65000000,115.0,"[{""name"": ""English""}]",Released,An extraordinary Drama story.,Repeat,5.1,1800
30000000,"[{""id"": 1, ""name"": ""Crime""}, {""id"": 2, ""name"": ""Drama""}, {""id"": 3, ""name"": ""Thriller""}]",,330562,"[{""id"": 1, ""name"": ""crime""}, {""id"": 2, ""name"": ""drama""}, {""id"": 3, ""name"": ""thriller""}]",en,The Shooting Order,"Four friends Zia, Morteza , Mohsen and Bagher steal from some place. Two of them escape with a bike and the other two with a car but Bagher betrays them shooting Mohsen and telling the ...                See full summary »",57.5,"[{""name"": ""Cinema Productions""}]","[{""name"": ""USA""}]",1977-01-01,65000000,115.0,"[{""name"": ""English""}]",Released,An extraordinary Crime story.,The Shooting Order,4.6,1800
30000000,"[{""id"": 1, ""name"": ""Horror""}]",,330563,"[{""id"": 1, ""name"": ""horror""}]",en,"Die, Maniacs, Die!","Amelia, an ambitious young reporter investigating a local legend, discovers the horrifying truth behind the myth, and her town, through an abandoned insane asylum filled with homicidal, less than human maniacs.",90.0,"[{""name"": ""Cinema Productions""}]","[{""name"": ""USA""}]",2015-01-01,65000000,115.0,"[{""name"": ""English""}]",Released,An extraordinary Horror story.,"Die, Maniacs, Die!",7.2,1800
30000000,"[{""id"": 1, ""name"": ""Musical""}, {""id"": 2, ""name"": ""Romance""}]",,330564,"[{""id"": 1, ""name"": ""musical""}, {""id"": 2, ""name"": ""romance""}]",en,Gudgudee,"Happy go-lucky Ajay Prasad lives with his wife, Sunita and a small son, Raju, in Jaipur, India. The family receives an invitation to attend a wedding in Mumbai; as Sunita & Raju are unable ...                See full summary »",46.25,"[{""name"": ""Cinema Productions""}]","[{""name"": ""USA""}]",1997-01-01,65000000,115.0,"[{""name"": ""English""}]",Released,An extraordinary Musical story.,Gudgudee,3.7,1800
30000000,"[{""id"": 1, ""name"": ""Adventure""}, {""id"": 2, ""name"": ""Drama""}, {""id"": 3, ""name"": ""Family""}]",,330565,"[{""id"": 1, ""name"": ""adventure""}, {""id"": 2, ""name"": ""drama""}, {""id"": 3, ""name"": ""family""}]",en,Black Beauty,"The fates of horses, and the people who own and command them, are revealed as Black Beauty narrates the circle of his life.",82.5,"[{""name"": ""Cinema Productions""}]","[{""name"": ""USA""}]",1994-01-01,65000000,115.0,"[{""name"": ""English""}]",Released,An extraordinary Adventure story.,Black Beauty,6.6,1800
30000000,"[{""id"": 1, ""name"": ""Action""}, {""id"": 2, ""name"": ""Crime""}, {""id"": 3, ""name"": ""Drama""}]",,330566,"[{""id"": 1, ""name"": ""action""}, {""id"": 2, ""name"": ""crime""}, {""id"": 3, ""name"": ""drama""}]",en,Eastern Citrus,"Before the ER there's the call to 911 for the cardiac, the medical need, the EDP, the crime scene. Welcome to the bowels of urban America and the lives of the Emergency Medical Services.",90.0,"[{""name"": ""Cinema Productions""}]","[{""name"": ""USA""}]",2015-01-01,65000000,115.0,"[{""name"": ""English""}]",Released,An extraordinary Action story.,Eastern Citrus,7.2,1800
30000000,"[{""id"": 1, ""name"": ""Drama""}, {""id"": 2, ""name"": ""Romance""}, {""id"": 3, ""name"": ""Sci-Fi""}]",,330567,"[{""id"": 1, ""name"": ""drama""}, {""id"": 2, ""name"": ""romance""}, {""id"": 3, ""name"": ""sci-fi""}]",en,The Beast,"In the near future where emotions have become a threat, Gabrielle finally decides to purify her DNA in a machine that will immerse her in her previous lives and rid her of any strong ...                See full summary »",90.0,"[{""name"": ""Cinema Productions""}]","[{""name"": ""USA""}]",2015-01-01,65000000,115.0,"[{""name"": ""English""}]",Released,An extraordinary Drama story.,The Beast,7.2,1800
30000000,"[{""id"": 1, ""name"": ""Crime""}, {""id"": 2, ""name"": ""Mystery""}, {""id"": 3, ""name"": ""Thriller""}]",,330568,"[{""id"": 1, ""name"": ""crime""}, {""id"": 2, ""name"": ""mystery""}, {""id"": 3, ""name"": ""thriller""}]",en,Halav,"'Milk' is a psychological thriller telling the story of Rafi - a scientist working in a pharmaceutical company, called one day to take his spouse Adi back home from hospital, after she was ...                See full summary »",90.0,"[{""name"": ""Cinema Productions""}]","[{""name"": ""USA""}]",2021-01-01,65000000,115.0,"[{""name"": ""English""}]",Released,An extraordinary Crime story.,Halav,7.2,1800
30000000,"[{""id"": 1, ""name"": ""Crime""}, {""id"": 2, ""name"": ""Horror""}, {""id"": 3, ""name"": ""Mystery""}]",,330569,"[{""id"": 1, ""name"": ""crime""}, {""id"": 2, ""name"": ""horror""}, {""id"": 3, ""name"": ""mystery""}]",en,Head Cases: Serial Killers in the Delaware Valley,"Serial killer Wayne Montgomery committed 41 murders between 1979 and 2007, leaving behind an extensive library of his life's work. Now, a new generation carries on Wayne's legacy in a ...                See full summary »",53.75,"[{""name"": ""Cinema Productions""}]","[{""name"": ""USA""}]",2013-01-01,65000000,115.0,"[{""name"": ""English""}]",Released,An extraordinary Crime story.,Head Cases: Serial Killers in the Delaware Valley,4.3,1800
30000000,"[{""id"": 1, ""name"": ""Action""}, {""id"": 2, ""name"": ""History""}, {""id"": 3, ""name"": ""Mystery""}]",,330570,"[{""id"": 1, ""name"": ""action""}, {""id"": 2, ""name"": ""history""}, {""id"": 3, ""name"": ""mystery""}]",en,THE ARRIVAL OF DAJJAL,"Dajjal is the one eyed Antichrist, he will claim to.be a prophet or God. He will perform miracles and lure many disbelievers with him. People will start worshiping him. Imam Mahdi will pray...                See full summary »",90.0,"[{""name"": ""Cinema Productions""}]","[{""name"": ""USA""}]",2015-01-01,65000000,115.0,"[{""name"": ""English""}]",Released,An extraordinary Action story.,THE ARRIVAL OF DAJJAL,7.2,1800
30000000,"[{""id"": 1, ""name"": ""Horror""}, {""id"": 2, ""name"": ""Thriller""}]",,330571,"[{""id"": 1, ""name"": ""horror""}, {""id"": 2, ""name"": ""thriller""}]",en,Write About Me,"Six College Students are awarded with the opportunity to spend a few days with award winning horror author William Moore, their college professor. When they arrive at his quiet, country ...                See full summary »",90.0,"[{""name"": ""Cinema Productions""}]","[{""name"": ""USA""}]",2015-01-01,65000000,115.0,"[{""name"": ""English""}]",Released,An extraordinary Horror story.,Write About Me,7.2,1800
30000000,"[{""id"": 1, ""name"": ""Action""}, {""id"": 2, ""name"": ""Comedy""}, {""id"": 3, ""name"": ""Romance""}]",,330572,"[{""id"": 1, ""name"": ""action""}, {""id"": 2, ""name"": ""comedy""}, {""id"": 3, ""name"": ""romance""}]",en,Hero Hitler in Love,Movie revolves around main character Hitler who loves his village and tries to help everyone. He believes in true love and helps the lovers to unite and often stand with them against the ...                See full summary »,45.0,"[{""name"": ""Cinema Productions""}]","[{""name"": ""USA""}]",2011-01-01,65000000,115.0,"[{""name"": ""English""}]",Released,An extraordinary Action story.,Hero Hitler in Love,3.6,1800
30000000,"[{""id"": 1, ""name"": ""Drama""}, {""id"": 2, ""name"": ""Thriller""}]",,330573,"[{""id"": 1, ""name"": ""drama""}, {""id"": 2, ""name"": ""thriller""}]",en,Los enemigos del dolor,"A German actor lands in Montevideo. After his arrival, he gets lost and runs into a group of young men who try to rob him. He meets Pedro, an ex-addict in his forties and Nelson, a laconic ...                See full summary »",77.5,"[{""name"": ""Cinema Productions""}]","[{""name"": ""USA""}]",2014-01-01,65000000,115.0,"[{""name"": ""English""}]",Released,An extraordinary Drama story.,Los enemigos del dolor,6.2,1800
30000000,"[{""id"": 1, ""name"": ""Horror""}]",,330574,"[{""id"": 1, ""name"": ""horror""}]",en,Tom Holland's Twisted Tales,"From Master of Horror Tom Holland, comes a brand new horror anthology, TOM HOLLAND'S TWISTED TALES.",50.0,"[{""name"": ""Cinema Productions""}]","[{""name"": ""USA""}]",2014-01-01,65000000,115.0,"[{""name"": ""English""}]",Released,An extraordinary Horror story.,Tom Holland's Twisted Tales,4.0,1800
30000000,"[{""id"": 1, ""name"": ""Action""}, {""id"": 2, ""name"": ""Crime""}, {""id"": 3, ""name"": ""Drama""}]",,330575,"[{""id"": 1, ""name"": ""action""}, {""id"": 2, ""name"": ""crime""}, {""id"": 3, ""name"": ""drama""}]",en,The Creed of Violence,"Story takes place in 1910, as two men - an assassin and a government agent with a hidden connection to him - try to stop an organization behind an arms smuggling ring.",90.0,"[{""name"": ""Cinema Productions""}]","[{""name"": ""USA""}]",2015-01-01,65000000,115.0,"[{""name"": ""English""}]",Released,An extraordinary Action story.,The Creed of Violence,7.2,1800
30000000,"[{""id"": 1, ""name"": ""Horror""}, {""id"": 2, ""name"": ""Thriller""}]",,330576,"[{""id"": 1, ""name"": ""horror""}, {""id"": 2, ""name"": ""thriller""}]",en,Sad in the Walls,"When a concerned father seeks the help of a trusted friend and psychologist in a desperate attempt to help his son being haunted by an unrelenting ghost, an unspeakable truth surfaces ...                See full summary »",90.0,"[{""name"": ""Cinema Productions""}]","[{""name"": ""USA""}]",2022-01-01,65000000,115.0,"[{""name"": ""English""}]",Released,An extraordinary Horror story.,Sad in the Walls,7.2,1800
30000000,"[{""id"": 1, ""name"": ""Drama""}, {""id"": 2, ""name"": ""Sci-Fi""}, {""id"": 3, ""name"": ""Thriller""}]",,330577,"[{""id"": 1, ""name"": ""drama""}, {""id"": 2, ""name"": ""sci-fi""}, {""id"": 3, ""name"": ""thriller""}]",en,Risen,"Disaster unfolds when a meteor strikes a small town, turning the environment uninhabitable and killing everything in the surrounding area.",42.5,"[{""name"": ""Cinema Productions""}]","[{""name"": ""USA""}]",2021-01-01,65000000,115.0,"[{""name"": ""English""}]",Released,An extraordinary Drama story.,Risen,3.4,1800
30000000,"[{""id"": 1, ""name"": ""Action""}, {""id"": 2, ""name"": ""Drama""}, {""id"": 3, ""name"": ""Mystery""}]",,330578,"[{""id"": 1, ""name"": ""action""}, {""id"": 2, ""name"": ""drama""}, {""id"": 3, ""name"": ""mystery""}]",en,The Matarese Circle,Two secret agents -- and longtime rivals -- are paired up to find a shadowy group of killers known as the Matarese.,90.0,"[{""name"": ""Cinema Productions""}]","[{""name"": ""USA""}]",2015-01-01,65000000,115.0,"[{""name"": ""English""}]",Released,An extraordinary Action story.,The Matarese Circle,7.2,1800
30000000,"[{""id"": 1, ""name"": ""Mystery""}, {""id"": 2, ""name"": ""Thriller""}]",,330579,"[{""id"": 1, ""name"": ""mystery""}, {""id"": 2, ""name"": ""thriller""}]",en,Brutus,A grieving father must help a mysterious stranger commit a devastating terror attack for the identity of his daughter's killer.,90.0,"[{""name"": ""Cinema Productions""}]","[{""name"": ""USA""}]",2015-01-01,65000000,115.0,"[{""name"": ""English""}]",Released,An extraordinary Mystery story.,Brutus,7.2,1800
30000000,"[{""id"": 1, ""name"": ""Drama""}, {""id"": 2, ""name"": ""Romance""}, {""id"": 3, ""name"": ""Sport""}]",,330580,"[{""id"": 1, ""name"": ""drama""}, {""id"": 2, ""name"": ""romance""}, {""id"": 3, ""name"": ""sport""}]",en,The Homestretch,"A film that qualifies as a Travelogue Documentary in that it contains footage of world-famous race tracks such as England's Ascot, Palermo in South America, and Churchill Downs, Jamaica, ...                See full summary »",81.25,"[{""name"": ""Cinema Productions""}]","[{""name"": ""USA""}]",1947-01-01,65000000,115.0,"[{""name"": ""English""}]",Released,An extraordinary Drama story.,The Homestretch,6.5,1800
30000000,"[{""id"": 1, ""name"": ""Adventure""}, {""id"": 2, ""name"": ""Comedy""}, {""id"": 3, ""name"": ""Drama""}]",,330581,"[{""id"": 1, ""name"": ""adventure""}, {""id"": 2, ""name"": ""comedy""}, {""id"": 3, ""name"": ""drama""}]",en,Én és a nagyapám,"Berci wins a bicycle race at the school, beating the older boys. Berci lives with his grandfather, who is a kind of ""factory peregrine"" and his only passion is drinking. Berci finds it ...                See full summary »",87.5,"[{""name"": ""Cinema Productions""}]","[{""name"": ""USA""}]",1954-01-01,65000000,115.0,"[{""name"": ""English""}]",Released,An extraordinary Adventure story.,Én és a nagyapám,7.0,1800
30000000,"[{""id"": 1, ""name"": ""Action""}, {""id"": 2, ""name"": ""Adventure""}, {""id"": 3, ""name"": ""Drama""}]",,330582,"[{""id"": 1, ""name"": ""action""}, {""id"": 2, ""name"": ""adventure""}, {""id"": 3, ""name"": ""drama""}]",en,Treasure of the Yankee Zephyr,"A drunken deer hunter, his pilot colleague and his daughter compete with a villainous treasure hunter to reach a lake nestled among the mountains of New Zealand, where a WWII-era plane wreck carrying a fortune in gold is submerged.",70.0,"[{""name"": ""Cinema Productions""}]","[{""name"": ""USA""}]",1981-01-01,65000000,115.0,"[{""name"": ""English""}]",Released,An extraordinary Action story.,Treasure of the Yankee Zephyr,5.6,1800
30000000,"[{""id"": 1, ""name"": ""Romance""}]",,330583,"[{""id"": 1, ""name"": ""romance""}]",en,Tip,"While working as a prostitute to help her poor parents, Young-ja meets and falls in love with a Japanese man who asks her to join him in his country. Knowing that her parents would be ...                See full summary »",86.25,"[{""name"": ""Cinema Productions""}]","[{""name"": ""USA""}]",1988-01-01,65000000,115.0,"[{""name"": ""English""}]",Released,An extraordinary Romance story.,Tip,6.9,1800
30000000,"[{""id"": 1, ""name"": ""Action""}, {""id"": 2, ""name"": ""Drama""}, {""id"": 3, ""name"": ""Mystery""}]",,330584,"[{""id"": 1, ""name"": ""action""}, {""id"": 2, ""name"": ""drama""}, {""id"": 3, ""name"": ""mystery""}]",en,The Last Operative,"After a sniper's bullet kills his son, retired CIA Agent Michael Sabado goes back into the New York City, clandestine underground he once worked, evading those trying to kill him while ...                See full summary »",90.0,"[{""name"": ""Cinema Productions""}]","[{""name"": ""USA""}]",2019-01-01,65000000,115.0,"[{""name"": ""English""}]",Released,An extraordinary Action story.,The Last Operative,7.2,1800
30000000,"[{""id"": 1, ""name"": ""Drama""}, {""id"": 2, ""name"": ""Adventure""}, {""id"": 3, ""name"": ""Family""}]",,330585,"[{""id"": 1, ""name"": ""drama""}, {""id"": 2, ""name"": ""adventure""}, {""id"": 3, ""name"": ""family""}]",en,Courage of Lassie,Academy Award-winner Elizabeth Taylor stars in this touching family drama about a young girl who rehabilitates an Army's shell-shocked collie.,77.5,"[{""name"": ""Cinema Productions""}]","[{""name"": ""USA""}]",1946-01-01,65000000,115.0,"[{""name"": ""English""}]",Released,An extraordinary Drama story.,Courage of Lassie,6.2,1800
30000000,"[{""id"": 1, ""name"": ""Action""}, {""id"": 2, ""name"": ""Adventure""}, {""id"": 3, ""name"": ""Western""}]",,330586,"[{""id"": 1, ""name"": ""action""}, {""id"": 2, ""name"": ""adventure""}, {""id"": 3, ""name"": ""western""}]",en,El Paletero,"After the tragic death of his mother, Carlos, ""El Paletero"" goes into an epic journey to recover her ashes in a far away town.",90.0,"[{""name"": ""Cinema Productions""}]","[{""name"": ""USA""}]",2016-01-01,65000000,115.0,"[{""name"": ""English""}]",Released,An extraordinary Action story.,El Paletero,7.2,1800
30000000,"[{""id"": 1, ""name"": ""Thriller""}]",,330587,"[{""id"": 1, ""name"": ""thriller""}]",en,The Turing Enigma,A missing message from rogue mathematician Alan Turing surfaces as part of the celebrations for his 100th birthday... in code it provides the key to a century old puzzle that if solved will...                See full summary »,80.0,"[{""name"": ""Cinema Productions""}]","[{""name"": ""USA""}]",2011-01-01,65000000,115.0,"[{""name"": ""English""}]",Released,An extraordinary Thriller story.,The Turing Enigma,6.4,1800
30000000,"[{""id"": 1, ""name"": ""History""}]",,330588,"[{""id"": 1, ""name"": ""history""}]",en,Daygo,"Fact and fiction blur in these historical folktales set in the sleepy beach town of San Diego, California.",90.0,"[{""name"": ""Cinema Productions""}]","[{""name"": ""USA""}]",2015-01-01,65000000,115.0,"[{""name"": ""English""}]",Released,An extraordinary History story.,Daygo,7.2,1800
30000000,"[{""id"": 1, ""name"": ""Drama""}, {""id"": 2, ""name"": ""History""}]",,330589,"[{""id"": 1, ""name"": ""drama""}, {""id"": 2, ""name"": ""history""}]",en,Rome '78,"In a mock Rome (shot in neo-classic buildings), characters dressed in makeshift costumes, live a Roman life, with political intrigue, flirting and dyonisiac dances.",77.5,"[{""name"": ""Cinema Productions""}]","[{""name"": ""USA""}]",1978-01-01,65000000,115.0,"[{""name"": ""English""}]",Released,An extraordinary Drama story.,Rome '78,6.2,1800
30000000,"[{""id"": 1, ""name"": ""Drama""}, {""id"": 2, ""name"": ""Romance""}, {""id"": 3, ""name"": ""Thriller""}]",,330590,"[{""id"": 1, ""name"": ""drama""}, {""id"": 2, ""name"": ""romance""}, {""id"": 3, ""name"": ""thriller""}]",en,The Lost Woman,"When a woman disappears, her husband and best friend are suspected of foul play.",93.75,"[{""name"": ""Cinema Productions""}]","[{""name"": ""USA""}]",2009-01-01,65000000,115.0,"[{""name"": ""English""}]",Released,An extraordinary Drama story.,The Lost Woman,7.5,1800
30000000,"[{""id"": 1, ""name"": ""Action""}, {""id"": 2, ""name"": ""Adventure""}, {""id"": 3, ""name"": ""Drama""}]",,330591,"[{""id"": 1, ""name"": ""action""}, {""id"": 2, ""name"": ""adventure""}, {""id"": 3, ""name"": ""drama""}]",en,Young Detective Dee: Rise of the Sea Dragon,From legendary action director Tsui Hark and the creators of international smash hit Detective Dee - Mystery Of The Phantom Flame comes the captivating tale of Dee Renjie's beginnings in ...                See full summary »,80.0,"[{""name"": ""Cinema Productions""}]","[{""name"": ""USA""}]",2013-01-01,65000000,115.0,"[{""name"": ""English""}]",Released,An extraordinary Action story.,Young Detective Dee: Rise of the Sea Dragon,6.4,1800
30000000,"[{""id"": 1, ""name"": ""Drama""}, {""id"": 2, ""name"": ""Family""}]",,330592,"[{""id"": 1, ""name"": ""drama""}, {""id"": 2, ""name"": ""family""}]",en,"A Tiny Home, A Lead-safe Home",Hongkongers are finding the way of life or the way of living? The city of sadness : Hong Kong.,90.0,"[{""name"": ""Cinema Productions""}]","[{""name"": ""USA""}]",2018-01-01,65000000,115.0,"[{""name"": ""English""}]",Released,An extraordinary Drama story.,"A Tiny Home, A Lead-safe Home",7.2,1800
30000000,"[{""id"": 1, ""name"": ""Animation""}, {""id"": 2, ""name"": ""Family""}]",,330593,"[{""id"": 1, ""name"": ""animation""}, {""id"": 2, ""name"": ""family""}]",en,Alvin and the Chipmunks: Halloween Collection,"Join Alvin and his brothers Simon and Theodore for this hilarious Halloween adventure. There are plenty of laughs and surprises -- and music, including Mash -- to make this a monstrously fun video any time of the year!",75.0,"[{""name"": ""Cinema Productions""}]","[{""name"": ""USA""}]",2012-01-01,65000000,115.0,"[{""name"": ""English""}]",Released,An extraordinary Animation story.,Alvin and the Chipmunks: Halloween Collection,6.0,1800
30000000,"[{""id"": 1, ""name"": ""Drama""}, {""id"": 2, ""name"": ""Romance""}]",,330594,"[{""id"": 1, ""name"": ""drama""}, {""id"": 2, ""name"": ""romance""}]",en,Sammohanam,"A cartoonist, who detests films and movie stars, finds himself in an awkward situation when he falls in love with a film actress.",93.75,"[{""name"": ""Cinema Productions""}]","[{""name"": ""USA""}]",2018-01-01,65000000,115.0,"[{""name"": ""English""}]",Released,An extraordinary Drama story.,Sammohanam,7.5,1800
30000000,"[{""id"": 1, ""name"": ""Adventure""}, {""id"": 2, ""name"": ""Drama""}]",,330595,"[{""id"": 1, ""name"": ""adventure""}, {""id"": 2, ""name"": ""drama""}]",en,El-Kanz,"After his bankruptcy, the old Turkish man, Ogli, discovers the existence of a map indicating a hidden treasure in Upper Egypt. He goes to it with his granddaughter Inji, and goes through ...                See full summary »",90.0,"[{""name"": ""Cinema Productions""}]","[{""name"": ""USA""}]",1993-01-01,65000000,115.0,"[{""name"": ""English""}]",Released,An extraordinary Adventure story.,El-Kanz,7.2,1800
30000000,"[{""id"": 1, ""name"": ""Biography""}, {""id"": 2, ""name"": ""Crime""}, {""id"": 3, ""name"": ""Drama""}]",,330596,"[{""id"": 1, ""name"": ""biography""}, {""id"": 2, ""name"": ""crime""}, {""id"": 3, ""name"": ""drama""}]",en,Maze,"Inspired by the true events of the infamous 1983 prison breakout of 38 IRA prisoners from HMP, which was to become the biggest prison escape in Europe since World War II.",73.75,"[{""name"": ""Cinema Productions""}]","[{""name"": ""USA""}]",2017-01-01,65000000,115.0,"[{""name"": ""English""}]",Released,An extraordinary Biography story.,Maze,5.9,1800
30000000,"[{""id"": 1, ""name"": ""Crime""}, {""id"": 2, ""name"": ""Drama""}]",,330597,"[{""id"": 1, ""name"": ""crime""}, {""id"": 2, ""name"": ""drama""}]",en,A.W.O.L.,"In Sweden, young US soldier, Willy, goes a.w.o.l and teams up with other deserters in Stockholm. There, he meets leftist radical beauty, Inga, who tries to seduce him into joining her extremist group's cause.",61.25,"[{""name"": ""Cinema Productions""}]","[{""name"": ""USA""}]",1972-01-01,65000000,115.0,"[{""name"": ""English""}]",Released,An extraordinary Crime story.,A.W.O.L.,4.9,1800
30000000,"[{""id"": 1, ""name"": ""Drama""}, {""id"": 2, ""name"": ""Thriller""}]",,330598,"[{""id"": 1, ""name"": ""drama""}, {""id"": 2, ""name"": ""thriller""}]",en,We Take the Low Road,"After his father loses the battle with cancer, Mason, along with Thompson and Bobbi, seek murderous justice against the Pharmaceutical CEOs that denied him medical treatment, and they hope for riches along the way.",61.25,"[{""name"": ""Cinema Productions""}]","[{""name"": ""USA""}]",2019-01-01,65000000,115.0,"[{""name"": ""English""}]",Released,An extraordinary Drama story.,We Take the Low Road,4.9,1800
30000000,"[{""id"": 1, ""name"": ""Comedy""}, {""id"": 2, ""name"": ""Romance""}]",,330599,"[{""id"": 1, ""name"": ""comedy""}, {""id"": 2, ""name"": ""romance""}]",en,"The Fun, the Luck & the Tycoon","A remake of the 1988 American comedy film, Coming to America.",77.5,"[{""name"": ""Cinema Productions""}]","[{""name"": ""USA""}]",1990-01-01,65000000,115.0,"[{""name"": ""English""}]",Released,An extraordinary Comedy story.,"The Fun, the Luck & the Tycoon",6.2,1800
30000000,"[{""id"": 1, ""name"": ""Action""}, {""id"": 2, ""name"": ""Adventure""}]",,330600,"[{""id"": 1, ""name"": ""action""}, {""id"": 2, ""name"": ""adventure""}]",en,The White Stone of Mecca,"John Jack, an American agent working for the French Foreign Legion during World War II, is sent on a dangerous mission to stop Adolf Hitler from stealing the White Stone of Mecca.",90.0,"[{""name"": ""Cinema Productions""}]","[{""name"": ""USA""}]",2015-01-01,65000000,115.0,"[{""name"": ""English""}]",Released,An extraordinary Action story.,The White Stone of Mecca,7.2,1800
30000000,"[{""id"": 1, ""name"": ""Comedy""}, {""id"": 2, ""name"": ""Horror""}, {""id"": 3, ""name"": ""Mystery""}]",,330601,"[{""id"": 1, ""name"": ""comedy""}, {""id"": 2, ""name"": ""horror""}, {""id"": 3, ""name"": ""mystery""}]",en,Camp Wedding,Members of a bridal party working to transform a dilapidated summer camp into a beautiful wedding venue are killed off one by one.,41.25,"[{""name"": ""Cinema Productions""}]","[{""name"": ""USA""}]",2019-01-01,65000000,115.0,"[{""name"": ""English""}]",Released,An extraordinary Comedy story.,Camp Wedding,3.3,1800
30000000,"[{""id"": 1, ""name"": ""Action""}, {""id"": 2, ""name"": ""Horror""}, {""id"": 3, ""name"": ""Mystery""}]",,330602,"[{""id"": 1, ""name"": ""action""}, {""id"": 2, ""name"": ""horror""}, {""id"": 3, ""name"": ""mystery""}]",en,Toxica,"An injured stunt woman is infected by an ancient biological compound, when a side job as a PI goes wrong.",98.75,"[{""name"": ""Cinema Productions""}]","[{""name"": ""USA""}]",2022-01-01,65000000,115.0,"[{""name"": ""English""}]",Released,An extraordinary Action story.,Toxica,7.9,1800
30000000,"[{""id"": 1, ""name"": ""Comedy""}, {""id"": 2, ""name"": ""Drama""}, {""id"": 3, ""name"": ""Romance""}]",,330603,"[{""id"": 1, ""name"": ""comedy""}, {""id"": 2, ""name"": ""drama""}, {""id"": 3, ""name"": ""romance""}]",en,Insomniacs After School,Two insomniac students meet and start to spend their nights in an observatory together.,90.0,"[{""name"": ""Cinema Productions""}]","[{""name"": ""USA""}]",2023-01-01,65000000,115.0,"[{""name"": ""English""}]",Released,An extraordinary Comedy story.,Insomniacs After School,7.2,1800
30000000,"[{""id"": 1, ""name"": ""Action""}, {""id"": 2, ""name"": ""Sci-Fi""}]",,330604,"[{""id"": 1, ""name"": ""action""}, {""id"": 2, ""name"": ""sci-fi""}]",en,Thor: End of Days,The mighty Thor battles an army of invading extraterrestrials that want to take over Earth.,28.75,"[{""name"": ""Cinema Productions""}]","[{""name"": ""USA""}]",2020-01-01,65000000,115.0,"[{""name"": ""English""}]",Released,An extraordinary Action story.,Thor: End of Days,2.3,1800
30000000,"[{""id"": 1, ""name"": ""Drama""}, {""id"": 2, ""name"": ""Family""}, {""id"": 3, ""name"": ""Comedy""}]",,330605,"[{""id"": 1, ""name"": ""drama""}, {""id"": 2, ""name"": ""family""}, {""id"": 3, ""name"": ""comedy""}]",en,House of Luk,House of Luk is a quirky drama following the lives of three loveable losers who frequent a Chinese restaurant and discover the true meaning in their lives when they each decipher a cryptic message in a fortune cookie.,68.75,"[{""name"": ""Cinema Productions""}]","[{""name"": ""USA""}]",2001-01-01,65000000,115.0,"[{""name"": ""English""}]",Released,An extraordinary Drama story.,House of Luk,5.5,1800
30000000,"[{""id"": 1, ""name"": ""Action""}]",,330606,"[{""id"": 1, ""name"": ""action""}]",en,The Video,Mystery involving a videotape.,90.0,"[{""name"": ""Cinema Productions""}]","[{""name"": ""USA""}]",1997-01-01,65000000,115.0,"[{""name"": ""English""}]",Released,An extraordinary Action story.,The Video,7.2,1800
30000000,"[{""id"": 1, ""name"": ""Animation""}, {""id"": 2, ""name"": ""Action""}, {""id"": 3, ""name"": ""Music""}]",,330607,"[{""id"": 1, ""name"": ""animation""}, {""id"": 2, ""name"": ""action""}, {""id"": 3, ""name"": ""music""}]",en,Robotech: The Movie,"Re-edited version of a Japanese TV serial combined with a direct-to-video anime, released in the U.S. as a feature.",77.5,"[{""name"": ""Cinema Productions""}]","[{""name"": ""USA""}]",1986-01-01,65000000,115.0,"[{""name"": ""English""}]",Released,An extraordinary Animation story.,Robotech: The Movie,6.2,1800
30000000,"[{""id"": 1, ""name"": ""Action""}, {""id"": 2, ""name"": ""Thriller""}, {""id"": 3, ""name"": ""Western""}]",,330608,"[{""id"": 1, ""name"": ""action""}, {""id"": 2, ""name"": ""thriller""}, {""id"": 3, ""name"": ""western""}]",en,The Silencer,"When a block of flats is sold to developers, several families including refuges are refusing to leave. One of the residents asks for divine intervention, they are sent The Silencer, a mystery man, with guns in hand.",90.0,"[{""name"": ""Cinema Productions""}]","[{""name"": ""USA""}]",2015-01-01,65000000,115.0,"[{""name"": ""English""}]",Released,An extraordinary Action story.,The Silencer,7.2,1800
30000000,"[{""id"": 1, ""name"": ""Animation""}, {""id"": 2, ""name"": ""Family""}, {""id"": 3, ""name"": ""Fantasy""}]",,330609,"[{""id"": 1, ""name"": ""animation""}, {""id"": 2, ""name"": ""family""}, {""id"": 3, ""name"": ""fantasy""}]",en,Happily Ever After,Snow White and her new friends must rescue the Prince when he is captured by the Wicked Queen's vengeful brother.,68.75,"[{""name"": ""Cinema Productions""}]","[{""name"": ""USA""}]",1989-01-01,65000000,115.0,"[{""name"": ""English""}]",Released,An extraordinary Animation story.,Happily Ever After,5.5,1800
30000000,"[{""id"": 1, ""name"": ""Action""}, {""id"": 2, ""name"": ""Adventure""}, {""id"": 3, ""name"": ""Comedy""}]",,330610,"[{""id"": 1, ""name"": ""action""}, {""id"": 2, ""name"": ""adventure""}, {""id"": 3, ""name"": ""comedy""}]",en,Geoff and the Ninja,A down on his luck stupid nobody gets his world thrown in a loop thanks to his new room mate......a ninja!,90.0,"[{""name"": ""Cinema Productions""}]","[{""name"": ""USA""}]",2018-01-01,65000000,115.0,"[{""name"": ""English""}]",Released,An extraordinary Action story.,Geoff and the Ninja,7.2,1800
30000000,"[{""id"": 1, ""name"": ""Romance""}]",,330611,"[{""id"": 1, ""name"": ""romance""}]",en,Confessions of a Producer,"A producer afflicted with a debilitating curse can only be cured by the reporter who despises him. Ths story is a modern day Beauty and the Beast or ""When Harry Met Sally"" watching ""The X Files"" in jail.",90.0,"[{""name"": ""Cinema Productions""}]","[{""name"": ""USA""}]",2020-01-01,65000000,115.0,"[{""name"": ""English""}]",Released,An extraordinary Romance story.,Confessions of a Producer,7.2,1800
30000000,"[{""id"": 1, ""name"": ""Comedy""}, {""id"": 2, ""name"": ""Crime""}, {""id"": 3, ""name"": ""Mystery""}]",,330612,"[{""id"": 1, ""name"": ""comedy""}, {""id"": 2, ""name"": ""crime""}, {""id"": 3, ""name"": ""mystery""}]",en,Without a Clue,"A drunken Sherlock Holmes is really just a cover for the real detective, Dr. Watson.",86.25,"[{""name"": ""Cinema Productions""}]","[{""name"": ""USA""}]",1988-01-01,65000000,115.0,"[{""name"": ""English""}]",Released,An extraordinary Comedy story.,Without a Clue,6.9,1800
30000000,"[{""id"": 1, ""name"": ""Action""}, {""id"": 2, ""name"": ""Crime""}, {""id"": 3, ""name"": ""Drama""}]",,330613,"[{""id"": 1, ""name"": ""action""}, {""id"": 2, ""name"": ""crime""}, {""id"": 3, ""name"": ""drama""}]",en,Saani Kaayidham,"A generational curse, comes true in a senseless act of injustice to Ponni and her family. Driven to seek vengeance by Sangaiya, with whom she shares a bitter past.",93.75,"[{""name"": ""Cinema Productions""}]","[{""name"": ""USA""}]",2022-01-01,65000000,115.0,"[{""name"": ""English""}]",Released,An extraordinary Action story.,Saani Kaayidham,7.5,1800
30000000,"[{""id"": 1, ""name"": ""Comedy""}, {""id"": 2, ""name"": ""Music""}, {""id"": 3, ""name"": ""Romance""}]",,330614,"[{""id"": 1, ""name"": ""comedy""}, {""id"": 2, ""name"": ""music""}, {""id"": 3, ""name"": ""romance""}]",en,Modern Love,"In order to keep her job, a young dress designer must keep her recent marriage a secret from her boss. An important client arrives from Paris and her boss decides to hold a dinner party for...                See full summary »",88.75,"[{""name"": ""Cinema Productions""}]","[{""name"": ""USA""}]",1929-01-01,65000000,115.0,"[{""name"": ""English""}]",Released,An extraordinary Comedy story.,Modern Love,7.1,1800
30000000,"[{""id"": 1, ""name"": ""Comedy""}, {""id"": 2, ""name"": ""Crime""}, {""id"": 3, ""name"": ""Romance""}]",,330615,"[{""id"": 1, ""name"": ""comedy""}, {""id"": 2, ""name"": ""crime""}, {""id"": 3, ""name"": ""romance""}]",en,You Kill Me,"While drying out on the West Coast, an alcoholic hitman befriends a tart-tongued woman who might just come in handy when it's time for him to return to Buffalo and settle some old scores.",80.0,"[{""name"": ""Cinema Productions""}]","[{""name"": ""USA""}]",2007-01-01,65000000,115.0,"[{""name"": ""English""}]",Released,An extraordinary Comedy story.,You Kill Me,6.4,1800
30000000,"[{""id"": 1, ""name"": ""Thriller""}]",,330616,"[{""id"": 1, ""name"": ""thriller""}]",en,The Head Hunter,In 1972 the tranquility of a coastal town in California is broken as hitch-hiking girls begin to go missing and corpses start showing up. Welcome to Murder City.,71.25,"[{""name"": ""Cinema Productions""}]","[{""name"": ""USA""}]",2016-01-01,65000000,115.0,"[{""name"": ""English""}]",Released,An extraordinary Thriller story.,The Head Hunter,5.7,1800
30000000,"[{""id"": 1, ""name"": ""Drama""}, {""id"": 2, ""name"": ""Fantasy""}, {""id"": 3, ""name"": ""Horror""}]",,330617,"[{""id"": 1, ""name"": ""drama""}, {""id"": 2, ""name"": ""fantasy""}, {""id"": 3, ""name"": ""horror""}]",en,Taste the Blood of Dracula,"Three distinguished English gentlemen accidentally resurrect Count Dracula, killing a disciple of his in process. The Count seeks to avenge his dead servant, by making the trio die in the hands of their own children.",78.75,"[{""name"": ""Cinema Productions""}]","[{""name"": ""USA""}]",1970-01-01,65000000,115.0,"[{""name"": ""English""}]",Released,An extraordinary Drama story.,Taste the Blood of Dracula,6.3,1800
30000000,"[{""id"": 1, ""name"": ""Drama""}, {""id"": 2, ""name"": ""Thriller""}]",,330618,"[{""id"": 1, ""name"": ""drama""}, {""id"": 2, ""name"": ""thriller""}]",en,Call Me,"A single mother of a lower class family gets abducted and strapped with an explosive device, because of old habits and friends of her eldest son. Her children now face a series of sequences...                See full summary »",81.25,"[{""name"": ""Cinema Productions""}]","[{""name"": ""USA""}]",2018-01-01,65000000,115.0,"[{""name"": ""English""}]",Released,An extraordinary Drama story.,Call Me,6.5,1800
30000000,"[{""id"": 1, ""name"": ""Adventure""}, {""id"": 2, ""name"": ""Family""}]",,330619,"[{""id"": 1, ""name"": ""adventure""}, {""id"": 2, ""name"": ""family""}]",en,"Nikki, Wild Dog of the North",The rugged Canadian wilderness is the backdrop to this story of a dog separated from his owner.,83.75,"[{""name"": ""Cinema Productions""}]","[{""name"": ""USA""}]",1961-01-01,65000000,115.0,"[{""name"": ""English""}]",Released,An extraordinary Adventure story.,"Nikki, Wild Dog of the North",6.7,1800
30000000,"[{""id"": 1, ""name"": ""Action""}]",,330620,"[{""id"": 1, ""name"": ""action""}]",en,First Draw,"When veteran James Raven is drifting through a small town on the outskirts of Kentucky, he is confronted by and egotistical police chief looking for trouble. Using his wits and training, ...                See full summary »",90.0,"[{""name"": ""Cinema Productions""}]","[{""name"": ""USA""}]",2019-01-01,65000000,115.0,"[{""name"": ""English""}]",Released,An extraordinary Action story.,First Draw,7.2,1800
30000000,"[{""id"": 1, ""name"": ""Action""}, {""id"": 2, ""name"": ""Adventure""}, {""id"": 3, ""name"": ""Crime""}]",,330621,"[{""id"": 1, ""name"": ""action""}, {""id"": 2, ""name"": ""adventure""}, {""id"": 3, ""name"": ""crime""}]",en,Electra One,"A criminal organization led by a man named Elektra has found a serum capable of unleashing aggressive to anyone who furnishes. Aware of the news, the Soviet and American governments decide to join forces to stop the dangerous threat.",65.0,"[{""name"": ""Cinema Productions""}]","[{""name"": ""USA""}]",1967-01-01,65000000,115.0,"[{""name"": ""English""}]",Released,An extraordinary Action story.,Electra One,5.2,1800
30000000,"[{""id"": 1, ""name"": ""Crime""}, {""id"": 2, ""name"": ""Mystery""}, {""id"": 3, ""name"": ""Thriller""}]",,330622,"[{""id"": 1, ""name"": ""crime""}, {""id"": 2, ""name"": ""mystery""}, {""id"": 3, ""name"": ""thriller""}]",en,Hollywould,"Award winning writer, celebrity Mark Travis seeks inspiration by returning to his hometown. What he finds is not what he expected. Her name is Holly. What Holly would do, is like nothing Mark has ever experienced before.",47.5,"[{""name"": ""Cinema Productions""}]","[{""name"": ""USA""}]",2019-01-01,65000000,115.0,"[{""name"": ""English""}]",Released,An extraordinary Crime story.,Hollywould,3.8,1800
30000000,"[{""id"": 1, ""name"": ""Biography""}]",,330623,"[{""id"": 1, ""name"": ""biography""}]",en,The Marcus Garvey Story,Story based on the life and death of Marcus Garvey.,90.0,"[{""name"": ""Cinema Productions""}]","[{""name"": ""USA""}]",2019-01-01,65000000,115.0,"[{""name"": ""English""}]",Released,An extraordinary Biography story.,The Marcus Garvey Story,7.2,1800
30000000,"[{""id"": 1, ""name"": ""Adventure""}, {""id"": 2, ""name"": ""Fantasy""}, {""id"": 3, ""name"": ""Horror""}]",,330624,"[{""id"": 1, ""name"": ""adventure""}, {""id"": 2, ""name"": ""fantasy""}, {""id"": 3, ""name"": ""horror""}]",en,Hercules in the Haunted World,Hercules must journey into Hades itself to retrieve the magic stone that will free his love from the powers of darkness.,77.5,"[{""name"": ""Cinema Productions""}]","[{""name"": ""USA""}]",1961-01-01,65000000,115.0,"[{""name"": ""English""}]",Released,An extraordinary Adventure story.,Hercules in the Haunted World,6.2,1800
30000000,"[{""id"": 1, ""name"": ""Biography""}]",,330625,"[{""id"": 1, ""name"": ""biography""}]",en,Kinky Gazpacho,"Lori Tharps was born and raised in the comfortable but mostly White suburbs of Milwaukee, Wisconsin, where she was often the only person of color in her school and neighborhood, travels to Spain for a study abroad year.",90.0,"[{""name"": ""Cinema Productions""}]","[{""name"": ""USA""}]",2015-01-01,65000000,115.0,"[{""name"": ""English""}]",Released,An extraordinary Biography story.,Kinky Gazpacho,7.2,1800
30000000,"[{""id"": 1, ""name"": ""Action""}, {""id"": 2, ""name"": ""Adventure""}, {""id"": 3, ""name"": ""Sci-Fi""}]",,330626,"[{""id"": 1, ""name"": ""action""}, {""id"": 2, ""name"": ""adventure""}, {""id"": 3, ""name"": ""sci-fi""}]",en,Battle Los Angeles,A squad of U.S. Marines becomes the last line of defense against a global invasion.,71.25,"[{""name"": ""Cinema Productions""}]","[{""name"": ""USA""}]",2011-01-01,65000000,115.0,"[{""name"": ""English""}]",Released,An extraordinary Action story.,Battle Los Angeles,5.7,1800
30000000,"[{""id"": 1, ""name"": ""Adventure""}, {""id"": 2, ""name"": ""Comedy""}, {""id"": 3, ""name"": ""Crime""}]",,330627,"[{""id"": 1, ""name"": ""adventure""}, {""id"": 2, ""name"": ""comedy""}, {""id"": 3, ""name"": ""crime""}]",en,Crackers,"Reduced to minding the counter at a crusty pawn shop, Weslake tumbles onto a scheme by some disgruntled misfit clients to rob the place. Rather than blow the whistle, however, he insinuates himself as the heist's mastermind.",65.0,"[{""name"": ""Cinema Productions""}]","[{""name"": ""USA""}]",1984-01-01,65000000,115.0,"[{""name"": ""English""}]",Released,An extraordinary Adventure story.,Crackers,5.2,1800
30000000,"[{""id"": 1, ""name"": ""Thriller""}]",,330628,"[{""id"": 1, ""name"": ""thriller""}]",en,Kto tam?,"Everyone knows the feeling of anxiety when a stranger knocks on the door. Is it worth it to open? Who's there? A billionaire, an airplane pilot, a police trainee, a young mother and her ...                See full summary »",73.75,"[{""name"": ""Cinema Productions""}]","[{""name"": ""USA""}]",2022-01-01,65000000,115.0,"[{""name"": ""English""}]",Released,An extraordinary Thriller story.,Kto tam?,5.9,1800
30000000,"[{""id"": 1, ""name"": ""Crime""}, {""id"": 2, ""name"": ""Mystery""}]",,330629,"[{""id"": 1, ""name"": ""crime""}, {""id"": 2, ""name"": ""mystery""}]",en,Code Name: K.O.Z.,"A look at the 17-25 December 2013 corruption scandal in Turkey, from the viewpoint of the Erdogan government.",21.25,"[{""name"": ""Cinema Productions""}]","[{""name"": ""USA""}]",2015-01-01,65000000,115.0,"[{""name"": ""English""}]",Released,An extraordinary Crime story.,Code Name: K.O.Z.,1.7,1800
30000000,"[{""id"": 1, ""name"": ""Animation""}, {""id"": 2, ""name"": ""Adventure""}, {""id"": 3, ""name"": ""Comedy""}]",,330630,"[{""id"": 1, ""name"": ""animation""}, {""id"": 2, ""name"": ""adventure""}, {""id"": 3, ""name"": ""comedy""}]",en,The Sunny Night,The storytelling chest is stolen by the Jackals and the city is in turmoil. Few kids join each other to help find the missing chest and save the situation.,90.0,"[{""name"": ""Cinema Productions""}]","[{""name"": ""USA""}]",2019-01-01,65000000,115.0,"[{""name"": ""English""}]",Released,An extraordinary Animation story.,The Sunny Night,7.2,1800
30000000,"[{""id"": 1, ""name"": ""Drama""}, {""id"": 2, ""name"": ""History""}]",,330631,"[{""id"": 1, ""name"": ""drama""}, {""id"": 2, ""name"": ""history""}]",en,First Fruits,"In 1732, two young Moravians leave their comfortable community of Hernhut, Germany, to bring the Gospel to the slaves in the West Indies.",92.5,"[{""name"": ""Cinema Productions""}]","[{""name"": ""USA""}]",1982-01-01,65000000,115.0,"[{""name"": ""English""}]",Released,An extraordinary Drama story.,First Fruits,7.4,1800
30000000,"[{""id"": 1, ""name"": ""Action""}, {""id"": 2, ""name"": ""Drama""}]",,330632,"[{""id"": 1, ""name"": ""action""}, {""id"": 2, ""name"": ""drama""}]",en,Meri Jung,Two top lawyers battle against each other while the whole city witnesses the battle.,90.0,"[{""name"": ""Cinema Productions""}]","[{""name"": ""USA""}]",1985-01-01,65000000,115.0,"[{""name"": ""English""}]",Released,An extraordinary Action story.,Meri Jung,7.2,1800
30000000,"[{""id"": 1, ""name"": ""Comedy""}, {""id"": 2, ""name"": ""Drama""}, {""id"": 3, ""name"": ""Family""}]",,330633,"[{""id"": 1, ""name"": ""comedy""}, {""id"": 2, ""name"": ""drama""}, {""id"": 3, ""name"": ""family""}]",en,The Family Outing,"It is the morning after a big family wedding, and everyone seems to be unloading their problems at Kelly's door. Except for Jamie. He wants his problems safely locked away, but his wife has...                See full summary »",106.25,"[{""name"": ""Cinema Productions""}]","[{""name"": ""USA""}]",2015-01-01,65000000,115.0,"[{""name"": ""English""}]",Released,An extraordinary Comedy story.,The Family Outing,8.5,1800
30000000,"[{""id"": 1, ""name"": ""Crime""}, {""id"": 2, ""name"": ""Drama""}, {""id"": 3, ""name"": ""Film-Noir""}]",,330634,"[{""id"": 1, ""name"": ""crime""}, {""id"": 2, ""name"": ""drama""}, {""id"": 3, ""name"": ""film-noir""}]",en,Female Jungle,"Several persons, including an off duty policeman and a weird rich guy, are suspects in the murder of a beautiful actress.",68.75,"[{""name"": ""Cinema Productions""}]","[{""name"": ""USA""}]",1955-01-01,65000000,115.0,"[{""name"": ""English""}]",Released,An extraordinary Crime story.,Female Jungle,5.5,1800
30000000,"[{""id"": 1, ""name"": ""Action""}, {""id"": 2, ""name"": ""Drama""}, {""id"": 3, ""name"": ""War""}]",,330635,"[{""id"": 1, ""name"": ""action""}, {""id"": 2, ""name"": ""drama""}, {""id"": 3, ""name"": ""war""}]",en,Kumander Elpidio Paclibar,The struggle for genuine freedom of a powerful guerilla leader protracts beyond the war against the Japanese.,90.0,"[{""name"": ""Cinema Productions""}]","[{""name"": ""USA""}]",1982-01-01,65000000,115.0,"[{""name"": ""English""}]",Released,An extraordinary Action story.,Kumander Elpidio Paclibar,7.2,1800
30000000,"[{""id"": 1, ""name"": ""Romance""}]",,330636,"[{""id"": 1, ""name"": ""romance""}]",en,The Ghost Train,"A railroad engineer investigates a robbery spree, and falls for the stationmaster's daughter.",77.5,"[{""name"": ""Cinema Productions""}]","[{""name"": ""USA""}]",1927-01-01,65000000,115.0,"[{""name"": ""English""}]",Released,An extraordinary Romance story.,The Ghost Train,6.2,1800
30000000,"[{""id"": 1, ""name"": ""Biography""}, {""id"": 2, ""name"": ""Comedy""}, {""id"": 3, ""name"": ""Crime""}]",,330637,"[{""id"": 1, ""name"": ""biography""}, {""id"": 2, ""name"": ""comedy""}, {""id"": 3, ""name"": ""crime""}]",en,7 Deadly Sins: Inside the Ecomm Cult,"Cults are real...this 'mockumentary' isn't. Godfather of Gore movies Herschell Gordon Lewis plays a detective who tells the story of the Ecomm Cult, operated by the polygamist Doctor Smoke.",80.0,"[{""name"": ""Cinema Productions""}]","[{""name"": ""USA""}]",2009-01-01,65000000,115.0,"[{""name"": ""English""}]",Released,An extraordinary Biography story.,7 Deadly Sins: Inside the Ecomm Cult,6.4,1800
30000000,"[{""id"": 1, ""name"": ""Biography""}]",,330638,"[{""id"": 1, ""name"": ""biography""}]",en,American Warlord,"Inspired by Charles ""Chucky"" Taylor, the first American to be convicted of war crimes on American soil.",90.0,"[{""name"": ""Cinema Productions""}]","[{""name"": ""USA""}]",2015-01-01,65000000,115.0,"[{""name"": ""English""}]",Released,An extraordinary Biography story.,American Warlord,7.2,1800
30000000,"[{""id"": 1, ""name"": ""Crime""}, {""id"": 2, ""name"": ""Drama""}]",,330639,"[{""id"": 1, ""name"": ""crime""}, {""id"": 2, ""name"": ""drama""}]",en,Teaser,"A pretty female student working as a go-go girl is raped by a psycho for being a ""tease."" A rich Beverly Hills couple takes her in and helps her recover. The wife lovingly seduces the girl, but the husband plans to use her as a sex slave.",66.25,"[{""name"": ""Cinema Productions""}]","[{""name"": ""USA""}]",1974-01-01,65000000,115.0,"[{""name"": ""English""}]",Released,An extraordinary Crime story.,Teaser,5.3,1800
30000000,"[{""id"": 1, ""name"": ""Drama""}, {""id"": 2, ""name"": ""Fantasy""}, {""id"": 3, ""name"": ""Horror""}]",,330640,"[{""id"": 1, ""name"": ""drama""}, {""id"": 2, ""name"": ""fantasy""}, {""id"": 3, ""name"": ""horror""}]",en,Besat,"A man is found in an airport, dead of a mysterious disease. A race begins to save humanity from what could be a global plague.",76.25,"[{""name"": ""Cinema Productions""}]","[{""name"": ""USA""}]",1999-01-01,65000000,115.0,"[{""name"": ""English""}]",Released,An extraordinary Drama story.,Besat,6.1,1800
30000000,"[{""id"": 1, ""name"": ""Comedy""}, {""id"": 2, ""name"": ""Fantasy""}, {""id"": 3, ""name"": ""Romance""}]",,330641,"[{""id"": 1, ""name"": ""comedy""}, {""id"": 2, ""name"": ""fantasy""}, {""id"": 3, ""name"": ""romance""}]",en,Woman on Top,"Brazilian chef Isabella Oliveira moves to San Francisco when her husband, frustrated by her motion sickness, cheats on her.",66.25,"[{""name"": ""Cinema Productions""}]","[{""name"": ""USA""}]",2000-01-01,65000000,115.0,"[{""name"": ""English""}]",Released,An extraordinary Comedy story.,Woman on Top,5.3,1800
30000000,"[{""id"": 1, ""name"": ""Mystery""}]",,330642,"[{""id"": 1, ""name"": ""mystery""}]",en,Crowley,"Everybody has always wanted the real Alistair Crowley heritage, but nobody knows how to get it.",90.0,"[{""name"": ""Cinema Productions""}]","[{""name"": ""USA""}]",2015-01-01,65000000,115.0,"[{""name"": ""English""}]",Released,An extraordinary Mystery story.,Crowley,7.2,1800
30000000,"[{""id"": 1, ""name"": ""Adventure""}, {""id"": 2, ""name"": ""Comedy""}, {""id"": 3, ""name"": ""Family""}]",,330643,"[{""id"": 1, ""name"": ""adventure""}, {""id"": 2, ""name"": ""comedy""}, {""id"": 3, ""name"": ""family""}]",en,Popeye,The adventures of the famous sailor man and his friends in the seaside town of Sweethaven.,66.25,"[{""name"": ""Cinema Productions""}]","[{""name"": ""USA""}]",1980-01-01,65000000,115.0,"[{""name"": ""English""}]",Released,An extraordinary Adventure story.,Popeye,5.3,1800
30000000,"[{""id"": 1, ""name"": ""Action""}, {""id"": 2, ""name"": ""Comedy""}]",,330644,"[{""id"": 1, ""name"": ""action""}, {""id"": 2, ""name"": ""comedy""}]",en,Good Time Gang,"Two party-happy mercenaries decide to take on a serious case involving a terrorist, only to find their mission complicated when they discover one of them is related to the target",90.0,"[{""name"": ""Cinema Productions""}]","[{""name"": ""USA""}]",2015-01-01,65000000,115.0,"[{""name"": ""English""}]",Released,An extraordinary Action story.,Good Time Gang,7.2,1800
30000000,"[{""id"": 1, ""name"": ""Crime""}, {""id"": 2, ""name"": ""Drama""}]",,330645,"[{""id"": 1, ""name"": ""crime""}, {""id"": 2, ""name"": ""drama""}]",en,Boys Cry,"Mirko and Manolo are best friends and live in the suburbs of Rome. They both live in poor conditions with their single parents, are still in school and struggle with occasional odd jobs to ...                See full summary »",85.0,"[{""name"": ""Cinema Productions""}]","[{""name"": ""USA""}]",2018-01-01,65000000,115.0,"[{""name"": ""English""}]",Released,An extraordinary Crime story.,Boys Cry,6.8,1800
30000000,"[{""id"": 1, ""name"": ""Mystery""}]",,330646,"[{""id"": 1, ""name"": ""mystery""}]",en,The Impersonator,"In a small English town a schoolmistress meets a sergeant from the nearby U.S. airforce base and they decide on a date. When they miss each other at a cafe as arranged, a train of events is...                See full summary »",78.75,"[{""name"": ""Cinema Productions""}]","[{""name"": ""USA""}]",1961-01-01,65000000,115.0,"[{""name"": ""English""}]",Released,An extraordinary Mystery story.,The Impersonator,6.3,1800
30000000,"[{""id"": 1, ""name"": ""Crime""}, {""id"": 2, ""name"": ""Drama""}, {""id"": 3, ""name"": ""Thriller""}]",,330647,"[{""id"": 1, ""name"": ""crime""}, {""id"": 2, ""name"": ""drama""}, {""id"": 3, ""name"": ""thriller""}]",en,Wildland,"Ida moves in with her aunt and cousins after the tragic death of her mother in a car accident. The home is filled with love, but outside of the home, the family leads a violent and criminal life.",72.5,"[{""name"": ""Cinema Productions""}]","[{""name"": ""USA""}]",2020-01-01,65000000,115.0,"[{""name"": ""English""}]",Released,An extraordinary Crime story.,Wildland,5.8,1800
30000000,"[{""id"": 1, ""name"": ""Adventure""}, {""id"": 2, ""name"": ""Romance""}, {""id"": 3, ""name"": ""Thriller""}]",,330648,"[{""id"": 1, ""name"": ""adventure""}, {""id"": 2, ""name"": ""romance""}, {""id"": 3, ""name"": ""thriller""}]",en,Cuba,A British mercenary arrives in pre-Revolution Cuba to help train General Batista's Army against Castro's guerrillas while he also romances a former lover now married to an unscrupulous plantation owner.,70.0,"[{""name"": ""Cinema Productions""}]","[{""name"": ""USA""}]",1979-01-01,65000000,115.0,"[{""name"": ""English""}]",Released,An extraordinary Adventure story.,Cuba,5.6,1800
30000000,"[{""id"": 1, ""name"": ""Romance""}, {""id"": 2, ""name"": ""Western""}]",,330649,"[{""id"": 1, ""name"": ""romance""}, {""id"": 2, ""name"": ""western""}]",en,Western Courage,Wealthy Henry Hanley takes his family to a dude ranch. But his daughter Gloria's boyfriend Eric is waiting and he is after Hanley's money. Ken overhears Eric's plan and abducts Gloria to ...                See full summary »,70.0,"[{""name"": ""Cinema Productions""}]","[{""name"": ""USA""}]",1935-01-01,65000000,115.0,"[{""name"": ""English""}]",Released,An extraordinary Romance story.,Western Courage,5.6,1800
30000000,"[{""id"": 1, ""name"": ""Romance""}]",,330650,"[{""id"": 1, ""name"": ""romance""}]",en,Eternal Watch,A pure love story during world war one.,90.0,"[{""name"": ""Cinema Productions""}]","[{""name"": ""USA""}]",2011-01-01,65000000,115.0,"[{""name"": ""English""}]",Released,An extraordinary Romance story.,Eternal Watch,7.2,1800
30000000,"[{""id"": 1, ""name"": ""Action""}, {""id"": 2, ""name"": ""Crime""}, {""id"": 3, ""name"": ""Romance""}]",,330651,"[{""id"": 1, ""name"": ""action""}, {""id"": 2, ""name"": ""crime""}, {""id"": 3, ""name"": ""romance""}]",en,El Contrato,"Peter McShade is a hitman, whose contract involves killing the major mobster of the Iberian Peninsula, but nothing is what it seems.",53.75,"[{""name"": ""Cinema Productions""}]","[{""name"": ""USA""}]",2009-01-01,65000000,115.0,"[{""name"": ""English""}]",Released,An extraordinary Action story.,El Contrato,4.3,1800
30000000,"[{""id"": 1, ""name"": ""Drama""}, {""id"": 2, ""name"": ""Thriller""}]",,330652,"[{""id"": 1, ""name"": ""drama""}, {""id"": 2, ""name"": ""thriller""}]",en,Son,The son of an infamous American serial killer begins to question his identity as he finds himself compelled to follow in his father's footsteps.,90.0,"[{""name"": ""Cinema Productions""}]","[{""name"": ""USA""}]",2015-01-01,65000000,115.0,"[{""name"": ""English""}]",Released,An extraordinary Drama story.,Son,7.2,1800
30000000,"[{""id"": 1, ""name"": ""Thriller""}]",,330653,"[{""id"": 1, ""name"": ""thriller""}]",en,Beneath The Cottage,On the west coast of Ireland sits an ancient evil in the form of a 360 year old cottage. The new inhabitants move in imaging a dream home but instead unravel a nightmare.,90.0,"[{""name"": ""Cinema Productions""}]","[{""name"": ""USA""}]",2015-01-01,65000000,115.0,"[{""name"": ""English""}]",Released,An extraordinary Thriller story.,Beneath The Cottage,7.2,1800
30000000,"[{""id"": 1, ""name"": ""Action""}, {""id"": 2, ""name"": ""Crime""}, {""id"": 3, ""name"": ""Horror""}]",,330654,"[{""id"": 1, ""name"": ""action""}, {""id"": 2, ""name"": ""crime""}, {""id"": 3, ""name"": ""horror""}]",en,Dismembered,"A chilling tale of a city being tormented by a mysterious killer. Everywhere the citizens turn, they uncover more body parts. The only ones who can possibly capture the demented madman are ...                See full summary »",96.25,"[{""name"": ""Cinema Productions""}]","[{""name"": ""USA""}]",2003-01-01,65000000,115.0,"[{""name"": ""English""}]",Released,An extraordinary Action story.,Dismembered,7.7,1800
30000000,"[{""id"": 1, ""name"": ""Action""}, {""id"": 2, ""name"": ""Drama""}, {""id"": 3, ""name"": ""Sci-Fi""}]",,330655,"[{""id"": 1, ""name"": ""action""}, {""id"": 2, ""name"": ""drama""}, {""id"": 3, ""name"": ""sci-fi""}]",en,2030,"A revenge drama, in which the female lead's parents are killed in 2021. And the revenge takes place 10 years later.",90.0,"[{""name"": ""Cinema Productions""}]","[{""name"": ""USA""}]",2015-01-01,65000000,115.0,"[{""name"": ""English""}]",Released,An extraordinary Action story.,2030,7.2,1800
30000000,"[{""id"": 1, ""name"": ""Action""}, {""id"": 2, ""name"": ""Adventure""}, {""id"": 3, ""name"": ""Mystery""}]",,330656,"[{""id"": 1, ""name"": ""action""}, {""id"": 2, ""name"": ""adventure""}, {""id"": 3, ""name"": ""mystery""}]",en,Gold Fever,"John Bonar grub-stakes Nugget Jack who has a secret gold mine. Bill Johnson is out to get the mine and he has his henchmen try to kill Bonar and Jack. They are saved by a pretty, backwoods ...                See full summary »",63.75,"[{""name"": ""Cinema Productions""}]","[{""name"": ""USA""}]",1952-01-01,65000000,115.0,"[{""name"": ""English""}]",Released,An extraordinary Action story.,Gold Fever,5.1,1800
30000000,"[{""id"": 1, ""name"": ""Horror""}, {""id"": 2, ""name"": ""Mystery""}, {""id"": 3, ""name"": ""Thriller""}]",,330657,"[{""id"": 1, ""name"": ""horror""}, {""id"": 2, ""name"": ""mystery""}, {""id"": 3, ""name"": ""thriller""}]",en,The Dorm That Dripped Blood,Four college students are stalked by an unknown assailant while staying on campus over the Christmas holidays to help clear out a dormitory which is to be demolished.,61.25,"[{""name"": ""Cinema Productions""}]","[{""name"": ""USA""}]",1982-01-01,65000000,115.0,"[{""name"": ""English""}]",Released,An extraordinary Horror story.,The Dorm That Dripped Blood,4.9,1800
30000000,"[{""id"": 1, ""name"": ""Action""}]",,330658,"[{""id"": 1, ""name"": ""action""}]",en,Gangs Of Madras,A woman who loses her husband in a police encounter plots to take revenge on the gangsters who had framed him.,67.5,"[{""name"": ""Cinema Productions""}]","[{""name"": ""USA""}]",2019-01-01,65000000,115.0,"[{""name"": ""English""}]",Released,An extraordinary Action story.,Gangs Of Madras,5.4,1800
30000000,"[{""id"": 1, ""name"": ""Adventure""}, {""id"": 2, ""name"": ""Drama""}, {""id"": 3, ""name"": ""Family""}]",,330659,"[{""id"": 1, ""name"": ""adventure""}, {""id"": 2, ""name"": ""drama""}, {""id"": 3, ""name"": ""family""}]",en,Three Grams of a Dream,"In China, Ben & his friend watch a ping-pong competition on a communal village TV, and Ben's dreams begin. Ping-pong is in Ben's heart, but he can't ask his mum for money to buy the balls & paddles.",90.0,"[{""name"": ""Cinema Productions""}]","[{""name"": ""USA""}]",2012-01-01,65000000,115.0,"[{""name"": ""English""}]",Released,An extraordinary Adventure story.,Three Grams of a Dream,7.2,1800
30000000,"[{""id"": 1, ""name"": ""Crime""}, {""id"": 2, ""name"": ""Drama""}, {""id"": 3, ""name"": ""Film-Noir""}]",,330660,"[{""id"": 1, ""name"": ""crime""}, {""id"": 2, ""name"": ""drama""}, {""id"": 3, ""name"": ""film-noir""}]",en,The Big Clock,"A magazine tycoon commits a murder and pins it on an innocent man, who then tries to solve the murder himself.",95.0,"[{""name"": ""Cinema Productions""}]","[{""name"": ""USA""}]",1948-01-01,65000000,115.0,"[{""name"": ""English""}]",Released,An extraordinary Crime story.,The Big Clock,7.6,1800
30000000,"[{""id"": 1, ""name"": ""Crime""}, {""id"": 2, ""name"": ""Drama""}, {""id"": 3, ""name"": ""Horror""}]",,330661,"[{""id"": 1, ""name"": ""crime""}, {""id"": 2, ""name"": ""drama""}, {""id"": 3, ""name"": ""horror""}]",en,Dead West,A charismatic serial killer embarks on a murderous cross-country road trip in search of true love.,46.25,"[{""name"": ""Cinema Productions""}]","[{""name"": ""USA""}]",2016-01-01,65000000,115.0,"[{""name"": ""English""}]",Released,An extraordinary Crime story.,Dead West,3.7,1800
30000000,"[{""id"": 1, ""name"": ""Crime""}, {""id"": 2, ""name"": ""Drama""}, {""id"": 3, ""name"": ""Romance""}]",,330662,"[{""id"": 1, ""name"": ""crime""}, {""id"": 2, ""name"": ""drama""}, {""id"": 3, ""name"": ""romance""}]",en,Fiza,In 1993 Fiza's brother Aman disappears during the riots in Mumbai. In 1999 Fiza is tired of waiting and goes looking for him.,75.0,"[{""name"": ""Cinema Productions""}]","[{""name"": ""USA""}]",2000-01-01,65000000,115.0,"[{""name"": ""English""}]",Released,An extraordinary Crime story.,Fiza,6.0,1800
30000000,"[{""id"": 1, ""name"": ""Action""}, {""id"": 2, ""name"": ""Drama""}]",,330663,"[{""id"": 1, ""name"": ""action""}, {""id"": 2, ""name"": ""drama""}]",en,My Quick Way Out,"Biopic of Spain's Juan Carlos Delgado ""El Pera"", a young delinquent in the 1980s, who is now a car driver and a sport journalist.",78.75,"[{""name"": ""Cinema Productions""}]","[{""name"": ""USA""}]",2006-01-01,65000000,115.0,"[{""name"": ""English""}]",Released,An extraordinary Action story.,My Quick Way Out,6.3,1800
30000000,"[{""id"": 1, ""name"": ""Drama""}, {""id"": 2, ""name"": ""Family""}]",,330664,"[{""id"": 1, ""name"": ""drama""}, {""id"": 2, ""name"": ""family""}]",en,Pet Pyaar Aur Paap,"A girl is struggling with extreme poverty and the responsibility of taking care of her siblings. She falls in love, which would cause even more tragedy to her family and to herself.",83.75,"[{""name"": ""Cinema Productions""}]","[{""name"": ""USA""}]",1984-01-01,65000000,115.0,"[{""name"": ""English""}]",Released,An extraordinary Drama story.,Pet Pyaar Aur Paap,6.7,1800
30000000,"[{""id"": 1, ""name"": ""Action""}, {""id"": 2, ""name"": ""Sci-Fi""}]",,330665,"[{""id"": 1, ""name"": ""action""}, {""id"": 2, ""name"": ""sci-fi""}]",en,The Final Test,"An ambitious young executive is happy when he lands a job managing a busy, modern factory. He is determined to keep productivity high and earn advancement, but the workers start to walk out faster than they can be replaced.",73.75,"[{""name"": ""Cinema Productions""}]","[{""name"": ""USA""}]",1987-01-01,65000000,115.0,"[{""name"": ""English""}]",Released,An extraordinary Action story.,The Final Test,5.9,1800
30000000,"[{""id"": 1, ""name"": ""Comedy""}, {""id"": 2, ""name"": ""Family""}, {""id"": 3, ""name"": ""Fantasy""}]",,330666,"[{""id"": 1, ""name"": ""comedy""}, {""id"": 2, ""name"": ""family""}, {""id"": 3, ""name"": ""fantasy""}]",en,Ella Enchanted,"Ella is under a spell to be constantly obedient, a fact she must hide from her new stepfamily in order to protect the prince of the land, her friend for whom she's falling.",78.75,"[{""name"": ""Cinema Productions""}]","[{""name"": ""USA""}]",2004-01-01,65000000,115.0,"[{""name"": ""English""}]",Released,An extraordinary Comedy story.,Ella Enchanted,6.3,1800
30000000,"[{""id"": 1, ""name"": ""Horror""}, {""id"": 2, ""name"": ""Sci-Fi""}]",,330667,"[{""id"": 1, ""name"": ""horror""}, {""id"": 2, ""name"": ""sci-fi""}]",en,Homunculus,"A group of scientists, led by a Professor Ortmann, produce a living human child using scientific processes - a ""homunculus."" This creature is human in every way, except that he cannot experience love.",83.75,"[{""name"": ""Cinema Productions""}]","[{""name"": ""USA""}]",1916-01-01,65000000,115.0,"[{""name"": ""English""}]",Released,An extraordinary Horror story.,Homunculus,6.7,1800
30000000,"[{""id"": 1, ""name"": ""Drama""}, {""id"": 2, ""name"": ""Horror""}]",,330668,"[{""id"": 1, ""name"": ""drama""}, {""id"": 2, ""name"": ""horror""}]",en,Room 203,Two best friends and roommates are terrified by the vengeful spirits dwelling in their apartment. Based on the novel published by Kobunsha and written by Nanami Kamon.,53.75,"[{""name"": ""Cinema Productions""}]","[{""name"": ""USA""}]",2022-01-01,65000000,115.0,"[{""name"": ""English""}]",Released,An extraordinary Drama story.,Room 203,4.3,1800
30000000,"[{""id"": 1, ""name"": ""Drama""}, {""id"": 2, ""name"": ""Fantasy""}, {""id"": 3, ""name"": ""Mystery""}]",,330669,"[{""id"": 1, ""name"": ""drama""}, {""id"": 2, ""name"": ""fantasy""}, {""id"": 3, ""name"": ""mystery""}]",en,Error 113,"Four strangers meet up at apartment 113 invited by Annie Annie, an artificial intelligence app that helps people with their everyday problems. Annie Annie has told them that the app is ...                See full summary »",90.0,"[{""name"": ""Cinema Productions""}]","[{""name"": ""USA""}]",2015-01-01,65000000,115.0,"[{""name"": ""English""}]",Released,An extraordinary Drama story.,Error 113,7.2,1800
30000000,"[{""id"": 1, ""name"": ""Crime""}, {""id"": 2, ""name"": ""Drama""}, {""id"": 3, ""name"": ""Thriller""}]",,330670,"[{""id"": 1, ""name"": ""crime""}, {""id"": 2, ""name"": ""drama""}, {""id"": 3, ""name"": ""thriller""}]",en,Tunnel Vision,"When a jury fails to convict the serial killer who savagely murdered his family, one man must rise above his desire for revenge and descend into the deranged world of a sadistic predator to...                See full summary »",52.5,"[{""name"": ""Cinema Productions""}]","[{""name"": ""USA""}]",2013-01-01,65000000,115.0,"[{""name"": ""English""}]",Released,An extraordinary Crime story.,Tunnel Vision,4.2,1800
30000000,"[{""id"": 1, ""name"": ""Action""}, {""id"": 2, ""name"": ""Drama""}]",,330671,"[{""id"": 1, ""name"": ""action""}, {""id"": 2, ""name"": ""drama""}]",en,Life Gamble,"LIFE GAMBLE is the tale of a simple blacksmith (Kuo Chue) with extraordinary martial-arts skills who is entangled in a life-and-death struggle among swordsmen, thieves, con artists, a ...                See full summary »",83.75,"[{""name"": ""Cinema Productions""}]","[{""name"": ""USA""}]",1978-01-01,65000000,115.0,"[{""name"": ""English""}]",Released,An extraordinary Action story.,Life Gamble,6.7,1800
30000000,"[{""id"": 1, ""name"": ""Adventure""}]",,330672,"[{""id"": 1, ""name"": ""adventure""}]",en,De zwarte tulp,In Holland a Royalist jails the ruler's son to obtain the secret of black tulips.,70.0,"[{""name"": ""Cinema Productions""}]","[{""name"": ""USA""}]",1921-01-01,65000000,115.0,"[{""name"": ""English""}]",Released,An extraordinary Adventure story.,De zwarte tulp,5.6,1800
30000000,"[{""id"": 1, ""name"": ""Drama""}, {""id"": 2, ""name"": ""Mystery""}, {""id"": 3, ""name"": ""Romance""}]",,330673,"[{""id"": 1, ""name"": ""drama""}, {""id"": 2, ""name"": ""mystery""}, {""id"": 3, ""name"": ""romance""}]",en,The Princess and the Warrior,Two enamoured strangers look for a warm place in a cold world.,92.5,"[{""name"": ""Cinema Productions""}]","[{""name"": ""USA""}]",2000-01-01,65000000,115.0,"[{""name"": ""English""}]",Released,An extraordinary Drama story.,The Princess and the Warrior,7.4,1800
30000000,"[{""id"": 1, ""name"": ""Comedy""}, {""id"": 2, ""name"": ""Crime""}, {""id"": 3, ""name"": ""Romance""}]",,330674,"[{""id"": 1, ""name"": ""comedy""}, {""id"": 2, ""name"": ""crime""}, {""id"": 3, ""name"": ""romance""}]",en,Kidnap Me,"A couple book a role play kidnap experience, only to get nabbed by a pair of dimwitted gangsters.",75.0,"[{""name"": ""Cinema Productions""}]","[{""name"": ""USA""}]",2017-01-01,65000000,115.0,"[{""name"": ""English""}]",Released,An extraordinary Comedy story.,Kidnap Me,6.0,1800
30000000,"[{""id"": 1, ""name"": ""Comedy""}, {""id"": 2, ""name"": ""Drama""}, {""id"": 3, ""name"": ""Horror""}]",,330675,"[{""id"": 1, ""name"": ""comedy""}, {""id"": 2, ""name"": ""drama""}, {""id"": 3, ""name"": ""horror""}]",en,Appendage,A young fashion designer's life spirals as her darkest inner thoughts manifest into something gruesome- that won't stop growing.,90.0,"[{""name"": ""Cinema Productions""}]","[{""name"": ""USA""}]",2023-01-01,65000000,115.0,"[{""name"": ""English""}]",Released,An extraordinary Comedy story.,Appendage,7.2,1800
30000000,"[{""id"": 1, ""name"": ""Drama""}, {""id"": 2, ""name"": ""Horror""}, {""id"": 3, ""name"": ""Thriller""}]",,330676,"[{""id"": 1, ""name"": ""drama""}, {""id"": 2, ""name"": ""horror""}, {""id"": 3, ""name"": ""thriller""}]",en,Ghost Keeper,Three friends on a New Year's Eve snowmobiling excursion find themselves stranded at an abandoned lodge where the elderly female innkeeper is concealing a sinister secret.,63.75,"[{""name"": ""Cinema Productions""}]","[{""name"": ""USA""}]",1981-01-01,65000000,115.0,"[{""name"": ""English""}]",Released,An extraordinary Drama story.,Ghost Keeper,5.1,1800
30000000,"[{""id"": 1, ""name"": ""Biography""}, {""id"": 2, ""name"": ""Comedy""}, {""id"": 3, ""name"": ""Drama""}]",,330677,"[{""id"": 1, ""name"": ""biography""}, {""id"": 2, ""name"": ""comedy""}, {""id"": 3, ""name"": ""drama""}]",en,Pride,U.K. gay activists work to help miners during their lengthy strike of the National Union of Mineworkers in the summer of 1984.,97.5,"[{""name"": ""Cinema Productions""}]","[{""name"": ""USA""}]",2014-01-01,65000000,115.0,"[{""name"": ""English""}]",Released,An extraordinary Biography story.,Pride,7.8,1800
30000000,"[{""id"": 1, ""name"": ""Comedy""}, {""id"": 2, ""name"": ""Fantasy""}, {""id"": 3, ""name"": ""Romance""}]",,330678,"[{""id"": 1, ""name"": ""comedy""}, {""id"": 2, ""name"": ""fantasy""}, {""id"": 3, ""name"": ""romance""}]",en,The Secret Life of Walter Mitty,A clumsy daydreamer gets caught up in a sinister conspiracy.,86.25,"[{""name"": ""Cinema Productions""}]","[{""name"": ""USA""}]",1947-01-01,65000000,115.0,"[{""name"": ""English""}]",Released,An extraordinary Comedy story.,The Secret Life of Walter Mitty,6.9,1800
30000000,"[{""id"": 1, ""name"": ""Comedy""}, {""id"": 2, ""name"": ""Drama""}, {""id"": 3, ""name"": ""Musical""}]",,330679,"[{""id"": 1, ""name"": ""comedy""}, {""id"": 2, ""name"": ""drama""}, {""id"": 3, ""name"": ""musical""}]",en,Dizzy Dames,"Lillian Bennett runs a theatrical boarding house in New York City. She doesn't want her débutante daughter Helen Bennett, reared in finishing schools away from New York, to know of her own ...                See full summary »",80.0,"[{""name"": ""Cinema Productions""}]","[{""name"": ""USA""}]",1935-01-01,65000000,115.0,"[{""name"": ""English""}]",Released,An extraordinary Comedy story.,Dizzy Dames,6.4,1800
30000000,"[{""id"": 1, ""name"": ""Action""}, {""id"": 2, ""name"": ""Mystery""}, {""id"": 3, ""name"": ""Romance""}]",,330680,"[{""id"": 1, ""name"": ""action""}, {""id"": 2, ""name"": ""mystery""}, {""id"": 3, ""name"": ""romance""}]",en,Ming Ming,"Two virtually look alike women Ming Ming and Nana; one flies bead with invincible force like warrior, the other just as ordinary and hysterical; they don't know each other yet fall for the ...                See full summary »",55.0,"[{""name"": ""Cinema Productions""}]","[{""name"": ""USA""}]",2006-01-01,65000000,115.0,"[{""name"": ""English""}]",Released,An extraordinary Action story.,Ming Ming,4.4,1800
30000000,"[{""id"": 1, ""name"": ""Action""}, {""id"": 2, ""name"": ""Crime""}, {""id"": 3, ""name"": ""Drama""}]",,330681,"[{""id"": 1, ""name"": ""action""}, {""id"": 2, ""name"": ""crime""}, {""id"": 3, ""name"": ""drama""}]",en,Zorawar,"A soldier travels to Durban in order to search for his father, who settled there.",47.5,"[{""name"": ""Cinema Productions""}]","[{""name"": ""USA""}]",2016-01-01,65000000,115.0,"[{""name"": ""English""}]",Released,An extraordinary Action story.,Zorawar,3.8,1800
30000000,"[{""id"": 1, ""name"": ""Action""}, {""id"": 2, ""name"": ""Biography""}, {""id"": 3, ""name"": ""History""}]",,330682,"[{""id"": 1, ""name"": ""action""}, {""id"": 2, ""name"": ""biography""}, {""id"": 3, ""name"": ""history""}]",en,Futures Past,"A move of past evidence to a new location seems to pass without hitch - but has it? Items are missing and who are the sinister men in black, housed in the white building with no windows. ...                See full summary »",15.0,"[{""name"": ""Cinema Productions""}]","[{""name"": ""USA""}]",2012-01-01,65000000,115.0,"[{""name"": ""English""}]",Released,An extraordinary Action story.,Futures Past,1.2,1800
30000000,"[{""id"": 1, ""name"": ""Fantasy""}]",,330683,"[{""id"": 1, ""name"": ""fantasy""}]",en,Maledicta Electronica,"Maledicta Electronica is a mesmerizing journey into a video world of performance, S&M, politics and poetry. Maybury mixes exquisite image-making with an acutely urbane politic that never lets the viewer drift too long in pleasure fields.",90.0,"[{""name"": ""Cinema Productions""}]","[{""name"": ""USA""}]",1996-01-01,65000000,115.0,"[{""name"": ""English""}]",Released,An extraordinary Fantasy story.,Maledicta Electronica,7.2,1800
30000000,"[{""id"": 1, ""name"": ""Drama""}, {""id"": 2, ""name"": ""Romance""}]",,330684,"[{""id"": 1, ""name"": ""drama""}, {""id"": 2, ""name"": ""romance""}]",en,My Beloved One,"Two egyptians live in lebanon meets,the doubts and theories of the painter about his girlfriend when he failed To make her pose revealed to his paintings,is she virtuous or pretend to be?...                See full summary »",85.0,"[{""name"": ""Cinema Productions""}]","[{""name"": ""USA""}]",1974-01-01,65000000,115.0,"[{""name"": ""English""}]",Released,An extraordinary Drama story.,My Beloved One,6.8,1800
30000000,"[{""id"": 1, ""name"": ""Drama""}, {""id"": 2, ""name"": ""Fantasy""}]",,330685,"[{""id"": 1, ""name"": ""drama""}, {""id"": 2, ""name"": ""fantasy""}]",en,Kalevala - uusi aika,"The Kalevala lives on. Sampo Väinölä works as a IT key player. The company where he works is launching a type of brain install, a smart phone that allows the human mind to directly link to the virtual world.",48.75,"[{""name"": ""Cinema Productions""}]","[{""name"": ""USA""}]",2013-01-01,65000000,115.0,"[{""name"": ""English""}]",Released,An extraordinary Drama story.,Kalevala - uusi aika,3.9,1800
30000000,"[{""id"": 1, ""name"": ""Horror""}]",,330686,"[{""id"": 1, ""name"": ""horror""}]",en,A Tribe Called Home,Brunson Miller actor and soap opera star gets stranded out in the mountains after going on a retreat for addiction. After getting his truck and gear weged on a back power line road he takes...                See full summary »,90.0,"[{""name"": ""Cinema Productions""}]","[{""name"": ""USA""}]",2022-01-01,65000000,115.0,"[{""name"": ""English""}]",Released,An extraordinary Horror story.,A Tribe Called Home,7.2,1800
30000000,"[{""id"": 1, ""name"": ""Drama""}, {""id"": 2, ""name"": ""War""}]",,330687,"[{""id"": 1, ""name"": ""drama""}, {""id"": 2, ""name"": ""war""}]",en,The Mountain Road,A US Army Major stationed in East China in 1944 is ordered to blow up military installations in order to slow down the advancing Japanese Army.,77.5,"[{""name"": ""Cinema Productions""}]","[{""name"": ""USA""}]",1960-01-01,65000000,115.0,"[{""name"": ""English""}]",Released,An extraordinary Drama story.,The Mountain Road,6.2,1800
30000000,"[{""id"": 1, ""name"": ""Comedy""}, {""id"": 2, ""name"": ""Drama""}, {""id"": 3, ""name"": ""Fantasy""}]",,330688,"[{""id"": 1, ""name"": ""comedy""}, {""id"": 2, ""name"": ""drama""}, {""id"": 3, ""name"": ""fantasy""}]",en,Roast Pork,"Nicolai has seen a lot. Wars, famine, the goddamn Easter Bunny. What he wasn't expecting was to stumble across a child with the ability to wish for anything he wants. Sometimes being Santa turned hitman can be surprising.",90.0,"[{""name"": ""Cinema Productions""}]","[{""name"": ""USA""}]",2015-01-01,65000000,115.0,"[{""name"": ""English""}]",Released,An extraordinary Comedy story.,Roast Pork,7.2,1800
30000000,"[{""id"": 1, ""name"": ""Thriller""}]",,330689,"[{""id"": 1, ""name"": ""thriller""}]",en,Sense,A blind woman is targeted by the board of directors after she inherits a controlling stake in her father's company. She must find a way to survive with the help of the demented spirit of her sister and an unassuming psychiatrist.,90.0,"[{""name"": ""Cinema Productions""}]","[{""name"": ""USA""}]",2015-01-01,65000000,115.0,"[{""name"": ""English""}]",Released,An extraordinary Thriller story.,Sense,7.2,1800
30000000,"[{""id"": 1, ""name"": ""Action""}, {""id"": 2, ""name"": ""Comedy""}, {""id"": 3, ""name"": ""Western""}]",,330690,"[{""id"": 1, ""name"": ""action""}, {""id"": 2, ""name"": ""comedy""}, {""id"": 3, ""name"": ""western""}]",en,Millionaires' Express,"In early twentieth century China, various criminals with different goals are connected to a Shanghai train, with many rich people on-board.",87.5,"[{""name"": ""Cinema Productions""}]","[{""name"": ""USA""}]",1986-01-01,65000000,115.0,"[{""name"": ""English""}]",Released,An extraordinary Action story.,Millionaires' Express,7.0,1800
30000000,"[{""id"": 1, ""name"": ""Action""}, {""id"": 2, ""name"": ""Horror""}, {""id"": 3, ""name"": ""Sci-Fi""}]",,330691,"[{""id"": 1, ""name"": ""action""}, {""id"": 2, ""name"": ""horror""}, {""id"": 3, ""name"": ""sci-fi""}]",en,D4,"A team of special ops mercenaries is sent on a mission to rescue a kidnapped kid, believed to be held in an abandoned government facility but this simple search and rescue turns into a fight for survival.",42.5,"[{""name"": ""Cinema Productions""}]","[{""name"": ""USA""}]",2011-01-01,65000000,115.0,"[{""name"": ""English""}]",Released,An extraordinary Action story.,D4,3.4,1800
30000000,"[{""id"": 1, ""name"": ""Action""}, {""id"": 2, ""name"": ""Crime""}, {""id"": 3, ""name"": ""Drama""}]",,330692,"[{""id"": 1, ""name"": ""action""}, {""id"": 2, ""name"": ""crime""}, {""id"": 3, ""name"": ""drama""}]",en,The Power of Few,Religious conspiracy collides with urban crime in a story told from multiple perspectives.,63.75,"[{""name"": ""Cinema Productions""}]","[{""name"": ""USA""}]",2013-01-01,65000000,115.0,"[{""name"": ""English""}]",Released,An extraordinary Action story.,The Power of Few,5.1,1800
30000000,"[{""id"": 1, ""name"": ""Musical""}, {""id"": 2, ""name"": ""Romance""}, {""id"": 3, ""name"": ""Drama""}]",,330693,"[{""id"": 1, ""name"": ""musical""}, {""id"": 2, ""name"": ""romance""}, {""id"": 3, ""name"": ""drama""}]",en,Heer Raanjha,"Tragic love story. Punjabi ""Romeo and Juliet"".",90.0,"[{""name"": ""Cinema Productions""}]","[{""name"": ""USA""}]",1970-01-01,65000000,115.0,"[{""name"": ""English""}]",Released,An extraordinary Musical story.,Heer Raanjha,7.2,1800
30000000,"[{""id"": 1, ""name"": ""Crime""}, {""id"": 2, ""name"": ""Drama""}, {""id"": 3, ""name"": ""War""}]",,330694,"[{""id"": 1, ""name"": ""crime""}, {""id"": 2, ""name"": ""drama""}, {""id"": 3, ""name"": ""war""}]",en,Battle Scars,"After his best friend is drafted to fight in Vietnam, a young man must grapple with the reality of life before and after war.",48.75,"[{""name"": ""Cinema Productions""}]","[{""name"": ""USA""}]",2020-01-01,65000000,115.0,"[{""name"": ""English""}]",Released,An extraordinary Crime story.,Battle Scars,3.9,1800
30000000,"[{""id"": 1, ""name"": ""Crime""}, {""id"": 2, ""name"": ""Drama""}]",,330695,"[{""id"": 1, ""name"": ""crime""}, {""id"": 2, ""name"": ""drama""}]",en,Prowokator,"At the beginning of the 20th century, there's no Poland. Russia occupies Warsaw. Herling, a fearless provocateur, is captured when a bomb he sets off kills two children. Although he's ...                See full summary »",75.0,"[{""name"": ""Cinema Productions""}]","[{""name"": ""USA""}]",1995-01-01,65000000,115.0,"[{""name"": ""English""}]",Released,An extraordinary Crime story.,Prowokator,6.0,1800
30000000,"[{""id"": 1, ""name"": ""Action""}, {""id"": 2, ""name"": ""Adventure""}, {""id"": 3, ""name"": ""Drama""}]",,330696,"[{""id"": 1, ""name"": ""action""}, {""id"": 2, ""name"": ""adventure""}, {""id"": 3, ""name"": ""drama""}]",en,Animal,"When plans for a weekend vacation hit a dead end, a group of close-knit friends find themselves stranded in unfamiliar territory, pursued by a menacing, blood thirsty predator.",57.5,"[{""name"": ""Cinema Productions""}]","[{""name"": ""USA""}]",2014-01-01,65000000,115.0,"[{""name"": ""English""}]",Released,An extraordinary Action story.,Animal,4.6,1800
30000000,"[{""id"": 1, ""name"": ""Drama""}, {""id"": 2, ""name"": ""Thriller""}]",,330697,"[{""id"": 1, ""name"": ""drama""}, {""id"": 2, ""name"": ""thriller""}]",en,Trooper,"Everyone has secrets. Do you know what secrets your neighbors keep? One determined young girl will do whatever it takes to beat her rival, until she discovers the dark secrets down the ...                See full summary »",90.0,"[{""name"": ""Cinema Productions""}]","[{""name"": ""USA""}]",2021-01-01,65000000,115.0,"[{""name"": ""English""}]",Released,An extraordinary Drama story.,Trooper,7.2,1800
30000000,"[{""id"": 1, ""name"": ""Action""}, {""id"": 2, ""name"": ""Crime""}, {""id"": 3, ""name"": ""Drama""}]",,330698,"[{""id"": 1, ""name"": ""action""}, {""id"": 2, ""name"": ""crime""}, {""id"": 3, ""name"": ""drama""}]",en,Waqt Ki Deewar,"Cruel and lustful Thakur Dayal Singh (Amjad Singh) brutally rapes Sarla (Nazneen), forcing her to commit suicide, leaving her young children, Vikram and Munna, homeless. Vikram and Munna ...                See full summary »",71.25,"[{""name"": ""Cinema Productions""}]","[{""name"": ""USA""}]",1981-01-01,65000000,115.0,"[{""name"": ""English""}]",Released,An extraordinary Action story.,Waqt Ki Deewar,5.7,1800
30000000,"[{""id"": 1, ""name"": ""Adventure""}, {""id"": 2, ""name"": ""Crime""}, {""id"": 3, ""name"": ""Drama""}]",,330699,"[{""id"": 1, ""name"": ""adventure""}, {""id"": 2, ""name"": ""crime""}, {""id"": 3, ""name"": ""drama""}]",en,Danger on the Air,"Caesar Kluck, soft-drink magnate, is found dead in the office of a big radio-broadcasting company. Benjamin Franklin Butts, a sound engineer, discovers that Kluck met his death from ...                See full summary »",80.0,"[{""name"": ""Cinema Productions""}]","[{""name"": ""USA""}]",1938-01-01,65000000,115.0,"[{""name"": ""English""}]",Released,An extraordinary Adventure story.,Danger on the Air,6.4,1800
30000000,"[{""id"": 1, ""name"": ""Biography""}, {""id"": 2, ""name"": ""Drama""}, {""id"": 3, ""name"": ""History""}]",,330700,"[{""id"": 1, ""name"": ""biography""}, {""id"": 2, ""name"": ""drama""}, {""id"": 3, ""name"": ""history""}]",en,Kennedy/Reagan,Join Senator Ted Kennedy and President Ronald Reagan in the greatest debate in history! A must see movie for lovers of politics and history! Don't miss this opportunity to experience ...                See full summary »,90.0,"[{""name"": ""Cinema Productions""}]","[{""name"": ""USA""}]",2012-01-01,65000000,115.0,"[{""name"": ""English""}]",Released,An extraordinary Biography story.,Kennedy/Reagan,7.2,1800
30000000,"[{""id"": 1, ""name"": ""Drama""}, {""id"": 2, ""name"": ""Fantasy""}, {""id"": 3, ""name"": ""Romance""}]",,330701,"[{""id"": 1, ""name"": ""drama""}, {""id"": 2, ""name"": ""fantasy""}, {""id"": 3, ""name"": ""romance""}]",en,Beladingala Baale,"An anonymous, mysterious caller who claims to be a huge fan of Revanth, the Chess Grandmaster from India, challenges him in many ways. It results in an inner quest for him as he literally sets out to track down the elusive caller.",107.5,"[{""name"": ""Cinema Productions""}]","[{""name"": ""USA""}]",1995-01-01,65000000,115.0,"[{""name"": ""English""}]",Released,An extraordinary Drama story.,Beladingala Baale,8.6,1800
30000000,"[{""id"": 1, ""name"": ""Action""}, {""id"": 2, ""name"": ""Adventure""}, {""id"": 3, ""name"": ""Drama""}]",,330702,"[{""id"": 1, ""name"": ""action""}, {""id"": 2, ""name"": ""adventure""}, {""id"": 3, ""name"": ""drama""}]",en,Code Name Vengeance,The wife and daughter of the president of an African state were kidnapped by terrorists. The American embassador tries to liberate them and reactivates therefore an agent who is in prison at that moment.,55.0,"[{""name"": ""Cinema Productions""}]","[{""name"": ""USA""}]",1987-01-01,65000000,115.0,"[{""name"": ""English""}]",Released,An extraordinary Action story.,Code Name Vengeance,4.4,1800
30000000,"[{""id"": 1, ""name"": ""Action""}, {""id"": 2, ""name"": ""Crime""}, {""id"": 3, ""name"": ""Drama""}]",,330703,"[{""id"": 1, ""name"": ""action""}, {""id"": 2, ""name"": ""crime""}, {""id"": 3, ""name"": ""drama""}]",en,The Trough,An undercover police officer's identity is exposed when he takes on a child abduction case.,57.5,"[{""name"": ""Cinema Productions""}]","[{""name"": ""USA""}]",2018-01-01,65000000,115.0,"[{""name"": ""English""}]",Released,An extraordinary Action story.,The Trough,4.6,1800
30000000,"[{""id"": 1, ""name"": ""Drama""}, {""id"": 2, ""name"": ""Romance""}, {""id"": 3, ""name"": ""Thriller""}]",,330704,"[{""id"": 1, ""name"": ""drama""}, {""id"": 2, ""name"": ""romance""}, {""id"": 3, ""name"": ""thriller""}]",en,Varisi,"A story of 4 techies, a social media addict, and a CBI officer, whose lives are blessed with happy-go-lucky moments until they are heavily struck with a terrorizing incident.",90.0,"[{""name"": ""Cinema Productions""}]","[{""name"": ""USA""}]",2021-01-01,65000000,115.0,"[{""name"": ""English""}]",Released,An extraordinary Drama story.,Varisi,7.2,1800
30000000,"[{""id"": 1, ""name"": ""Drama""}, {""id"": 2, ""name"": ""Romance""}]",,330705,"[{""id"": 1, ""name"": ""drama""}, {""id"": 2, ""name"": ""romance""}]",en,Three Sisters,"Nearly a thousand miles away from their beloved Moscow, Chekhov's Three Sisters live in virtual exile. Olga, a schoolmistress, attempts to support her siblings and the home that is the sole legacy of their late father.",77.5,"[{""name"": ""Cinema Productions""}]","[{""name"": ""USA""}]",1970-01-01,65000000,115.0,"[{""name"": ""English""}]",Released,An extraordinary Drama story.,Three Sisters,6.2,1800
30000000,"[{""id"": 1, ""name"": ""Crime""}, {""id"": 2, ""name"": ""Mystery""}, {""id"": 3, ""name"": ""Thriller""}]",,330706,"[{""id"": 1, ""name"": ""crime""}, {""id"": 2, ""name"": ""mystery""}, {""id"": 3, ""name"": ""thriller""}]",en,Countdown,An FBI agent works with a Tokyo policeman in Seattle to stop a criminal obsessed with a student.,48.75,"[{""name"": ""Cinema Productions""}]","[{""name"": ""USA""}]",1996-01-01,65000000,115.0,"[{""name"": ""English""}]",Released,An extraordinary Crime story.,Countdown,3.9,1800
30000000,"[{""id"": 1, ""name"": ""Horror""}, {""id"": 2, ""name"": ""Mystery""}, {""id"": 3, ""name"": ""Thriller""}]",,330707,"[{""id"": 1, ""name"": ""horror""}, {""id"": 2, ""name"": ""mystery""}, {""id"": 3, ""name"": ""thriller""}]",en,Blair Witch,"After discovering a video showing what he believes to be his vanished sister Heather, James and a group of friends head to the forest believed to be inhabited by the Blair Witch.",62.5,"[{""name"": ""Cinema Productions""}]","[{""name"": ""USA""}]",2016-01-01,65000000,115.0,"[{""name"": ""English""}]",Released,An extraordinary Horror story.,Blair Witch,5.0,1800
30000000,"[{""id"": 1, ""name"": ""Crime""}, {""id"": 2, ""name"": ""Drama""}, {""id"": 3, ""name"": ""Romance""}]",,330708,"[{""id"": 1, ""name"": ""crime""}, {""id"": 2, ""name"": ""drama""}, {""id"": 3, ""name"": ""romance""}]",en,The Guilty Generation,"A Romeo and Juliet love story between the son of a brutal Italian bootlegger and the daughter of his bitter ex-partner, who is engaged in a blood feud with his one-time friend.",83.75,"[{""name"": ""Cinema Productions""}]","[{""name"": ""USA""}]",1931-01-01,65000000,115.0,"[{""name"": ""English""}]",Released,An extraordinary Crime story.,The Guilty Generation,6.7,1800
30000000,"[{""id"": 1, ""name"": ""Animation""}, {""id"": 2, ""name"": ""Adventure""}, {""id"": 3, ""name"": ""Comedy""}]",,330709,"[{""id"": 1, ""name"": ""animation""}, {""id"": 2, ""name"": ""adventure""}, {""id"": 3, ""name"": ""comedy""}]",en,Space Dogs,Schoolbooks say that Belka and Strelka were first space dogs. But the dogs say that people dissemble a lot.,62.5,"[{""name"": ""Cinema Productions""}]","[{""name"": ""USA""}]",2010-01-01,65000000,115.0,"[{""name"": ""English""}]",Released,An extraordinary Animation story.,Space Dogs,5.0,1800
30000000,"[{""id"": 1, ""name"": ""Adventure""}, {""id"": 2, ""name"": ""Sport""}]",,330710,"[{""id"": 1, ""name"": ""adventure""}, {""id"": 2, ""name"": ""sport""}]",en,Proximity,The film follows eight of the world's best surfers - four legends and four rising stars - as they search for new waves and deeper understanding in exotic destinations.,91.25,"[{""name"": ""Cinema Productions""}]","[{""name"": ""USA""}]",2016-01-01,65000000,115.0,"[{""name"": ""English""}]",Released,An extraordinary Adventure story.,Proximity,7.3,1800
30000000,"[{""id"": 1, ""name"": ""Comedy""}, {""id"": 2, ""name"": ""Drama""}, {""id"": 3, ""name"": ""Romance""}]",,330711,"[{""id"": 1, ""name"": ""comedy""}, {""id"": 2, ""name"": ""drama""}, {""id"": 3, ""name"": ""romance""}]",en,Kismet Christmas,A ride-share leads to unexpected adventures and love for passengers Samantha and Alex after their paths cross again and again in this Kismet Christmas.,90.0,"[{""name"": ""Cinema Productions""}]","[{""name"": ""USA""}]",2015-01-01,65000000,115.0,"[{""name"": ""English""}]",Released,An extraordinary Comedy story.,Kismet Christmas,7.2,1800
30000000,"[{""id"": 1, ""name"": ""Drama""}, {""id"": 2, ""name"": ""Family""}]",,330712,"[{""id"": 1, ""name"": ""drama""}, {""id"": 2, ""name"": ""family""}]",en,"Dos y dos, cinco","Juanjo is an eight-year-old boy whose father tries to separate and protect him from reality by isolating him on a farm. But during the summer he will meet a very special person: Tomás, an ...                See full summary »",60.0,"[{""name"": ""Cinema Productions""}]","[{""name"": ""USA""}]",1981-01-01,65000000,115.0,"[{""name"": ""English""}]",Released,An extraordinary Drama story.,"Dos y dos, cinco",4.8,1800
30000000,"[{""id"": 1, ""name"": ""Comedy""}, {""id"": 2, ""name"": ""Crime""}, {""id"": 3, ""name"": ""Drama""}]",,330713,"[{""id"": 1, ""name"": ""comedy""}, {""id"": 2, ""name"": ""crime""}, {""id"": 3, ""name"": ""drama""}]",en,Judy & Punch,"Seaside (nowhere near the sea), puppeteers Judy and Punch are trying to resurrect their marionette show in an an anarchic town on the brink of mob rule.",76.25,"[{""name"": ""Cinema Productions""}]","[{""name"": ""USA""}]",2019-01-01,65000000,115.0,"[{""name"": ""English""}]",Released,An extraordinary Comedy story.,Judy & Punch,6.1,1800
30000000,"[{""id"": 1, ""name"": ""Fantasy""}]",,330714,"[{""id"": 1, ""name"": ""fantasy""}]",en,Transformers Big Motion Movie,"A Big Star, A Big Revenge and A Big Motion Picture to Save the day. TRANS, Zoomer and Wheels are Inviting All Characters to the party Meanwhile SHRANS Is Planning to Get Revenge on TRANS ...                See full summary »",90.0,"[{""name"": ""Cinema Productions""}]","[{""name"": ""USA""}]",2021-01-01,65000000,115.0,"[{""name"": ""English""}]",Released,An extraordinary Fantasy story.,Transformers Big Motion Movie,7.2,1800
30000000,"[{""id"": 1, ""name"": ""Adventure""}, {""id"": 2, ""name"": ""Horror""}]",,330715,"[{""id"": 1, ""name"": ""adventure""}, {""id"": 2, ""name"": ""horror""}]",en,Slave of the Cannibal God,"A girl and her brother fly to New Guinea to look for a lost expedition, led by her husband, which has vanished in the great jungle.",65.0,"[{""name"": ""Cinema Productions""}]","[{""name"": ""USA""}]",1978-01-01,65000000,115.0,"[{""name"": ""English""}]",Released,An extraordinary Adventure story.,Slave of the Cannibal God,5.2,1800
30000000,"[{""id"": 1, ""name"": ""Animation""}, {""id"": 2, ""name"": ""Adventure""}, {""id"": 3, ""name"": ""Family""}]",,330716,"[{""id"": 1, ""name"": ""animation""}, {""id"": 2, ""name"": ""adventure""}, {""id"": 3, ""name"": ""family""}]",en,The Everlasting Story,"Long ago, there was peace between all. Until the White Ghost wreaked havoc and threatened to destroy all. Only one man can stop him, he's brave, strong, and handsome and he rides a bike, his name is Koschey.",71.25,"[{""name"": ""Cinema Productions""}]","[{""name"": ""USA""}]",2021-01-01,65000000,115.0,"[{""name"": ""English""}]",Released,An extraordinary Animation story.,The Everlasting Story,5.7,1800
30000000,"[{""id"": 1, ""name"": ""Comedy""}, {""id"": 2, ""name"": ""Music""}, {""id"": 3, ""name"": ""Romance""}]",,330717,"[{""id"": 1, ""name"": ""comedy""}, {""id"": 2, ""name"": ""music""}, {""id"": 3, ""name"": ""romance""}]",en,Young and Beautiful,"Superba Pictures' press agent, Bob Preston, convinces his boss, Herman Cline, to sign his girl friend, June Dale, an aspiring actress, to a studio contract. Although June is hurled into ...                See full summary »",67.5,"[{""name"": ""Cinema Productions""}]","[{""name"": ""USA""}]",1934-01-01,65000000,115.0,"[{""name"": ""English""}]",Released,An extraordinary Comedy story.,Young and Beautiful,5.4,1800
30000000,"[{""id"": 1, ""name"": ""Action""}, {""id"": 2, ""name"": ""Mystery""}, {""id"": 3, ""name"": ""Thriller""}]",,330718,"[{""id"": 1, ""name"": ""action""}, {""id"": 2, ""name"": ""mystery""}, {""id"": 3, ""name"": ""thriller""}]",en,Caravan to Vaccares,American Neil Bowman is traveling through France when he meets British photographer Lila. They are hired by French land owner Duc de Croyter to escort a Hungarian scientist to New York. But...                See full summary »,56.25,"[{""name"": ""Cinema Productions""}]","[{""name"": ""USA""}]",1974-01-01,65000000,115.0,"[{""name"": ""English""}]",Released,An extraordinary Action story.,Caravan to Vaccares,4.5,1800
30000000,"[{""id"": 1, ""name"": ""Adventure""}, {""id"": 2, ""name"": ""Comedy""}, {""id"": 3, ""name"": ""Drama""}]",,330719,"[{""id"": 1, ""name"": ""adventure""}, {""id"": 2, ""name"": ""comedy""}, {""id"": 3, ""name"": ""drama""}]",en,The Fourth Dimension,"""Fawns"" is a Polish chapter of the feature-length anthology film titled ""The Fourth Dimension."" The other two chapters of the movie were directed by Harmony Korine and Aleksei Fedorchenko.",75.0,"[{""name"": ""Cinema Productions""}]","[{""name"": ""USA""}]",2012-01-01,65000000,115.0,"[{""name"": ""English""}]",Released,An extraordinary Adventure story.,The Fourth Dimension,6.0,1800
30000000,"[{""id"": 1, ""name"": ""Action""}, {""id"": 2, ""name"": ""Adventure""}, {""id"": 3, ""name"": ""Crime""}]",,330720,"[{""id"": 1, ""name"": ""action""}, {""id"": 2, ""name"": ""adventure""}, {""id"": 3, ""name"": ""crime""}]",en,Radar Patrol vs. Spy King,"Government agent Chris Calvert and lady sidekick Joan battle the evil spy Baroda, despite a regular barrage of shootouts, car crashes, and cliffhangers, in this routine Republic serial.",65.0,"[{""name"": ""Cinema Productions""}]","[{""name"": ""USA""}]",1949-01-01,65000000,115.0,"[{""name"": ""English""}]",Released,An extraordinary Action story.,Radar Patrol vs. Spy King,5.2,1800
30000000,"[{""id"": 1, ""name"": ""Adventure""}, {""id"": 2, ""name"": ""Comedy""}]",,330721,"[{""id"": 1, ""name"": ""adventure""}, {""id"": 2, ""name"": ""comedy""}]",en,Don Cesare di Bazan,"In Barcelona, in 1650, Count Don Cesare di Bazan tries to foil, with the help of an actress, a plot hatched against the king by the French ambassador.",70.0,"[{""name"": ""Cinema Productions""}]","[{""name"": ""USA""}]",1942-01-01,65000000,115.0,"[{""name"": ""English""}]",Released,An extraordinary Adventure story.,Don Cesare di Bazan,5.6,1800
30000000,"[{""id"": 1, ""name"": ""Mystery""}, {""id"": 2, ""name"": ""Sci-Fi""}, {""id"": 3, ""name"": ""Thriller""}]",,330722,"[{""id"": 1, ""name"": ""mystery""}, {""id"": 2, ""name"": ""sci-fi""}, {""id"": 3, ""name"": ""thriller""}]",en,The Whisperer in Darkness,"Based on the H. P. Lovecraft story of the same name, a folklorist investigates reports of unusual creatures in Vermont only to uncover more than he bargained for",82.5,"[{""name"": ""Cinema Productions""}]","[{""name"": ""USA""}]",2011-01-01,65000000,115.0,"[{""name"": ""English""}]",Released,An extraordinary Mystery story.,The Whisperer in Darkness,6.6,1800
30000000,"[{""id"": 1, ""name"": ""Action""}, {""id"": 2, ""name"": ""Adventure""}, {""id"": 3, ""name"": ""Drama""}]",,330723,"[{""id"": 1, ""name"": ""action""}, {""id"": 2, ""name"": ""adventure""}, {""id"": 3, ""name"": ""drama""}]",en,The Neptune Factor,"When an underwater ocean lab is lost in a earthquake, an advanced submarine is sent down to find it and encounters terrible danger.",53.75,"[{""name"": ""Cinema Productions""}]","[{""name"": ""USA""}]",1973-01-01,65000000,115.0,"[{""name"": ""English""}]",Released,An extraordinary Action story.,The Neptune Factor,4.3,1800
30000000,"[{""id"": 1, ""name"": ""Action""}, {""id"": 2, ""name"": ""Comedy""}, {""id"": 3, ""name"": ""Romance""}]",,330724,"[{""id"": 1, ""name"": ""action""}, {""id"": 2, ""name"": ""comedy""}, {""id"": 3, ""name"": ""romance""}]",en,The Bounty Hunter,"A bounty hunter learns that his next target is his ex-wife, a reporter working on a murder cover-up. Soon after their reunion, the always-at-odds duo find themselves on a run-for-their-lives adventure.",68.75,"[{""name"": ""Cinema Productions""}]","[{""name"": ""USA""}]",2010-01-01,65000000,115.0,"[{""name"": ""English""}]",Released,An extraordinary Action story.,The Bounty Hunter,5.5,1800
30000000,"[{""id"": 1, ""name"": ""Comedy""}, {""id"": 2, ""name"": ""Romance""}]",,330725,"[{""id"": 1, ""name"": ""comedy""}, {""id"": 2, ""name"": ""romance""}]",en,Straight-Jacket,"In 1950's Hollywood, movie star Guy Stone must marry a studio secretary in order to conceal his homosexuality. Sally has no idea her marriage is a sham, though, and turns Guy's life upside-down. Then he falls in love.",81.25,"[{""name"": ""Cinema Productions""}]","[{""name"": ""USA""}]",2004-01-01,65000000,115.0,"[{""name"": ""English""}]",Released,An extraordinary Comedy story.,Straight-Jacket,6.5,1800
30000000,"[{""id"": 1, ""name"": ""Drama""}, {""id"": 2, ""name"": ""Romance""}]",,330726,"[{""id"": 1, ""name"": ""drama""}, {""id"": 2, ""name"": ""romance""}]",en,Love and Duty,A decades-spanning romantic drama about a woman who pays dearly for following her heart.,88.75,"[{""name"": ""Cinema Productions""}]","[{""name"": ""USA""}]",1931-01-01,65000000,115.0,"[{""name"": ""English""}]",Released,An extraordinary Drama story.,Love and Duty,7.1,1800
30000000,"[{""id"": 1, ""name"": ""Action""}, {""id"": 2, ""name"": ""Mystery""}, {""id"": 3, ""name"": ""Thriller""}]",,330727,"[{""id"": 1, ""name"": ""action""}, {""id"": 2, ""name"": ""mystery""}, {""id"": 3, ""name"": ""thriller""}]",en,"Pretty, Baby, Machine","PBM explores a pocket in time during the long, hot summer of 1933 provides the backdrop for a story that easily could have been. Prohibition is in full swing and Capone is king. Joseph ...                See full summary »",90.0,"[{""name"": ""Cinema Productions""}]","[{""name"": ""USA""}]",2015-01-01,65000000,115.0,"[{""name"": ""English""}]",Released,An extraordinary Action story.,"Pretty, Baby, Machine",7.2,1800
30000000,"[{""id"": 1, ""name"": ""Drama""}, {""id"": 2, ""name"": ""Sport""}]",,330728,"[{""id"": 1, ""name"": ""drama""}, {""id"": 2, ""name"": ""sport""}]",en,Kai po che!,Three friends growing up in India at the turn of the millennium set out to open a training academy to produce the country's next cricket stars.,97.5,"[{""name"": ""Cinema Productions""}]","[{""name"": ""USA""}]",2013-01-01,65000000,115.0,"[{""name"": ""English""}]",Released,An extraordinary Drama story.,Kai po che!,7.8,1800
30000000,"[{""id"": 1, ""name"": ""Biography""}]",,330729,"[{""id"": 1, ""name"": ""biography""}]",en,NG Filming Project,Three years with an anti-bullying/anti-abuse theme.,90.0,"[{""name"": ""Cinema Productions""}]","[{""name"": ""USA""}]",2015-01-01,65000000,115.0,"[{""name"": ""English""}]",Released,An extraordinary Biography story.,NG Filming Project,7.2,1800
30000000,"[{""id"": 1, ""name"": ""Drama""}, {""id"": 2, ""name"": ""Mystery""}, {""id"": 3, ""name"": ""Thriller""}]",,330730,"[{""id"": 1, ""name"": ""drama""}, {""id"": 2, ""name"": ""mystery""}, {""id"": 3, ""name"": ""thriller""}]",en,A Day,"A mystery drama revolving around a father who commits an unethical act in an attempt to save his daughter's life. Three years later, his actions return to haunt him, trapping him in an endless time loop.",85.0,"[{""name"": ""Cinema Productions""}]","[{""name"": ""USA""}]",2017-01-01,65000000,115.0,"[{""name"": ""English""}]",Released,An extraordinary Drama story.,A Day,6.8,1800
30000000,"[{""id"": 1, ""name"": ""Adventure""}, {""id"": 2, ""name"": ""Mystery""}, {""id"": 3, ""name"": ""Action""}]",,330731,"[{""id"": 1, ""name"": ""adventure""}, {""id"": 2, ""name"": ""mystery""}, {""id"": 3, ""name"": ""action""}]",en,Hanged Man's Soul Against the Black Whip,"El Látigo Negro, an enigmatic cowboy hero, must fight against the ghost of a man who was executed.",46.25,"[{""name"": ""Cinema Productions""}]","[{""name"": ""USA""}]",1959-01-01,65000000,115.0,"[{""name"": ""English""}]",Released,An extraordinary Adventure story.,Hanged Man's Soul Against the Black Whip,3.7,1800
30000000,"[{""id"": 1, ""name"": ""Romance""}]",,330732,"[{""id"": 1, ""name"": ""romance""}]",en,Marino y Esmeralda,"Marino, 18, a young foreign film student, meets Esmeralda, 20, a student and a painter, in whom he finds the muse he always wanted for his camera. Soon he sees himself wanting to be what she is to him: her muse.",96.25,"[{""name"": ""Cinema Productions""}]","[{""name"": ""USA""}]",2020-01-01,65000000,115.0,"[{""name"": ""English""}]",Released,An extraordinary Romance story.,Marino y Esmeralda,7.7,1800
30000000,"[{""id"": 1, ""name"": ""Action""}, {""id"": 2, ""name"": ""Crime""}, {""id"": 3, ""name"": ""Drama""}]",,330733,"[{""id"": 1, ""name"": ""action""}, {""id"": 2, ""name"": ""crime""}, {""id"": 3, ""name"": ""drama""}]",en,Female Fight Squad,A former fighter reluctantly returns to the life she abandoned in order to help her sister survive the sadistic world of illegal fighting and the maniac who runs it.,53.75,"[{""name"": ""Cinema Productions""}]","[{""name"": ""USA""}]",2016-01-01,65000000,115.0,"[{""name"": ""English""}]",Released,An extraordinary Action story.,Female Fight Squad,4.3,1800
30000000,"[{""id"": 1, ""name"": ""Action""}, {""id"": 2, ""name"": ""Sci-Fi""}]",,330734,"[{""id"": 1, ""name"": ""action""}, {""id"": 2, ""name"": ""sci-fi""}]",en,Mondocane,"Taranto is a ghost town that no one dares to enter. The poorest are left fighting for survival, while gangs are competing for territory. Two thirteen-year-old orphans, who grew up together, dream of joining one of the gangs.",77.5,"[{""name"": ""Cinema Productions""}]","[{""name"": ""USA""}]",2021-01-01,65000000,115.0,"[{""name"": ""English""}]",Released,An extraordinary Action story.,Mondocane,6.2,1800
30000000,"[{""id"": 1, ""name"": ""Adventure""}]",,330735,"[{""id"": 1, ""name"": ""adventure""}]",en,Les amazones du temple d'or,"A woman, raised by an Amazon tribe after they killed her parents, seeks revenge on the tribe for their deaths by joining an expedition looking for the tribe's secret golden temple.",47.5,"[{""name"": ""Cinema Productions""}]","[{""name"": ""USA""}]",1986-01-01,65000000,115.0,"[{""name"": ""English""}]",Released,An extraordinary Adventure story.,Les amazones du temple d'or,3.8,1800
30000000,"[{""id"": 1, ""name"": ""Animation""}, {""id"": 2, ""name"": ""Drama""}]",,330736,"[{""id"": 1, ""name"": ""animation""}, {""id"": 2, ""name"": ""drama""}]",en,In the Beginning Was the Eye,"When a writer investigates Austria through the images presented by postcards, the landscapes around Erzberg and Salzburg become something between a dream and a nightmare.",96.25,"[{""name"": ""Cinema Productions""}]","[{""name"": ""USA""}]",2003-01-01,65000000,115.0,"[{""name"": ""English""}]",Released,An extraordinary Animation story.,In the Beginning Was the Eye,7.7,1800
30000000,"[{""id"": 1, ""name"": ""Horror""}]",,330737,"[{""id"": 1, ""name"": ""horror""}]",en,Arwah Anak Ajaib,Wealthy hedonist Budiman rapes girls and turns them into prostitutes when he isn't bartering their services for drugs at his brothel. A forced abortion unleashes a spirit that begins to haunt the establishment.,90.0,"[{""name"": ""Cinema Productions""}]","[{""name"": ""USA""}]",1988-01-01,65000000,115.0,"[{""name"": ""English""}]",Released,An extraordinary Horror story.,Arwah Anak Ajaib,7.2,1800
30000000,"[{""id"": 1, ""name"": ""Action""}, {""id"": 2, ""name"": ""Western""}]",,330738,"[{""id"": 1, ""name"": ""action""}, {""id"": 2, ""name"": ""western""}]",en,Clay Walker: Jesse James,American outlaw Jesse James takes on a gang of gunfighters.,90.0,"[{""name"": ""Cinema Productions""}]","[{""name"": ""USA""}]",2012-01-01,65000000,115.0,"[{""name"": ""English""}]",Released,An extraordinary Action story.,Clay Walker: Jesse James,7.2,1800
30000000,"[{""id"": 1, ""name"": ""Crime""}, {""id"": 2, ""name"": ""Drama""}, {""id"": 3, ""name"": ""Horror""}]",,330739,"[{""id"": 1, ""name"": ""crime""}, {""id"": 2, ""name"": ""drama""}, {""id"": 3, ""name"": ""horror""}]",en,American Psycho,"A wealthy New York City investment banking executive, Patrick Bateman, hides his alternate psychopathic ego from his co-workers and friends as he delves deeper into his violent, hedonistic fantasies.",95.0,"[{""name"": ""Cinema Productions""}]","[{""name"": ""USA""}]",2000-01-01,65000000,115.0,"[{""name"": ""English""}]",Released,An extraordinary Crime story.,American Psycho,7.6,1800
30000000,"[{""id"": 1, ""name"": ""Comedy""}, {""id"": 2, ""name"": ""Romance""}]",,330740,"[{""id"": 1, ""name"": ""comedy""}, {""id"": 2, ""name"": ""romance""}]",en,Un Latin lover en Acapulco,"Roberto is tired of his life as an office worker in Mexico City, so he moves to Acapulco to try his luck as a ""Latin Lover"".",90.0,"[{""name"": ""Cinema Productions""}]","[{""name"": ""USA""}]",1968-01-01,65000000,115.0,"[{""name"": ""English""}]",Released,An extraordinary Comedy story.,Un Latin lover en Acapulco,7.2,1800
30000000,"[{""id"": 1, ""name"": ""Animation""}, {""id"": 2, ""name"": ""Adventure""}, {""id"": 3, ""name"": ""Family""}]",,330741,"[{""id"": 1, ""name"": ""animation""}, {""id"": 2, ""name"": ""adventure""}, {""id"": 3, ""name"": ""family""}]",en,Aida degli alberi,"Arborea, kingdom of great forests and great clearings flooded with light. A peaceful people has built wooden homes on the trees. Aida, the fearless daughter of the king of Arborea, roams ...                See full summary »",73.75,"[{""name"": ""Cinema Productions""}]","[{""name"": ""USA""}]",2001-01-01,65000000,115.0,"[{""name"": ""English""}]",Released,An extraordinary Animation story.,Aida degli alberi,5.9,1800
30000000,"[{""id"": 1, ""name"": ""Fantasy""}, {""id"": 2, ""name"": ""Action""}, {""id"": 3, ""name"": ""Adventure""}]",,330742,"[{""id"": 1, ""name"": ""fantasy""}, {""id"": 2, ""name"": ""action""}, {""id"": 3, ""name"": ""adventure""}]",en,Slaves of the Realm,A group of pincess have to be rescued from kidnappers so that a new king can select his bride.,38.75,"[{""name"": ""Cinema Productions""}]","[{""name"": ""USA""}]",2003-01-01,65000000,115.0,"[{""name"": ""English""}]",Released,An extraordinary Fantasy story.,Slaves of the Realm,3.1,1800
30000000,"[{""id"": 1, ""name"": ""Adventure""}, {""id"": 2, ""name"": ""Comedy""}, {""id"": 3, ""name"": ""Mystery""}]",,330743,"[{""id"": 1, ""name"": ""adventure""}, {""id"": 2, ""name"": ""comedy""}, {""id"": 3, ""name"": ""mystery""}]",en,"Nestor Burma, détective de choc",Detective Nestor Burma begins an investigation into the corrupt drug-ridden punk rock music world.,60.0,"[{""name"": ""Cinema Productions""}]","[{""name"": ""USA""}]",1982-01-01,65000000,115.0,"[{""name"": ""English""}]",Released,An extraordinary Adventure story.,"Nestor Burma, détective de choc",4.8,1800
30000000,"[{""id"": 1, ""name"": ""Comedy""}, {""id"": 2, ""name"": ""Crime""}, {""id"": 3, ""name"": ""Drama""}]",,330744,"[{""id"": 1, ""name"": ""comedy""}, {""id"": 2, ""name"": ""crime""}, {""id"": 3, ""name"": ""drama""}]",en,Motel Americana Volume II,Three directors. Six tales. One wild ride at the Motel Americana.,53.75,"[{""name"": ""Cinema Productions""}]","[{""name"": ""USA""}]",2010-01-01,65000000,115.0,"[{""name"": ""English""}]",Released,An extraordinary Comedy story.,Motel Americana Volume II,4.3,1800
30000000,"[{""id"": 1, ""name"": ""Action""}, {""id"": 2, ""name"": ""Horror""}, {""id"": 3, ""name"": ""Thriller""}]",,330745,"[{""id"": 1, ""name"": ""action""}, {""id"": 2, ""name"": ""horror""}, {""id"": 3, ""name"": ""thriller""}]",en,The Divine Fury,An MMA fighter helps an exorcist fight evil.,78.75,"[{""name"": ""Cinema Productions""}]","[{""name"": ""USA""}]",2019-01-01,65000000,115.0,"[{""name"": ""English""}]",Released,An extraordinary Action story.,The Divine Fury,6.3,1800
30000000,"[{""id"": 1, ""name"": ""Horror""}, {""id"": 2, ""name"": ""Mystery""}, {""id"": 3, ""name"": ""Thriller""}]",,330746,"[{""id"": 1, ""name"": ""horror""}, {""id"": 2, ""name"": ""mystery""}, {""id"": 3, ""name"": ""thriller""}]",en,Pianomaen,"A serial killer begins leaving clues and his trademark toy piano for the police, leading them into a deadly game of cat-and-mouse with the life of a nightclub singer on the line.",72.5,"[{""name"": ""Cinema Productions""}]","[{""name"": ""USA""}]",1996-01-01,65000000,115.0,"[{""name"": ""English""}]",Released,An extraordinary Horror story.,Pianomaen,5.8,1800
30000000,"[{""id"": 1, ""name"": ""Animation""}, {""id"": 2, ""name"": ""Action""}, {""id"": 3, ""name"": ""Adventure""}]",,330747,"[{""id"": 1, ""name"": ""animation""}, {""id"": 2, ""name"": ""action""}, {""id"": 3, ""name"": ""adventure""}]",en,Suzume,A modern action adventure road story where a 17-year-old girl named Suzume helps a mysterious young man close doors from the outer side that are releasing disasters all over in Japan.,98.75,"[{""name"": ""Cinema Productions""}]","[{""name"": ""USA""}]",2022-01-01,65000000,115.0,"[{""name"": ""English""}]",Released,An extraordinary Animation story.,Suzume,7.9,1800
30000000,"[{""id"": 1, ""name"": ""Drama""}, {""id"": 2, ""name"": ""Horror""}, {""id"": 3, ""name"": ""Sci-Fi""}]",,330748,"[{""id"": 1, ""name"": ""drama""}, {""id"": 2, ""name"": ""horror""}, {""id"": 3, ""name"": ""sci-fi""}]",en,Untitled Drama/Sci-Fi Story,"A movie with five action segments with five different staffs, filmed in Spain and Andorra.",90.0,"[{""name"": ""Cinema Productions""}]","[{""name"": ""USA""}]",2015-01-01,65000000,115.0,"[{""name"": ""English""}]",Released,An extraordinary Drama story.,Untitled Drama/Sci-Fi Story,7.2,1800
30000000,"[{""id"": 1, ""name"": ""Action""}, {""id"": 2, ""name"": ""Horror""}, {""id"": 3, ""name"": ""Sci-Fi""}]",,330749,"[{""id"": 1, ""name"": ""action""}, {""id"": 2, ""name"": ""horror""}, {""id"": 3, ""name"": ""sci-fi""}]",en,Whisper III - Asuri,2nd sequel of the WHISPER Franchise.,90.0,"[{""name"": ""Cinema Productions""}]","[{""name"": ""USA""}]",2015-01-01,65000000,115.0,"[{""name"": ""English""}]",Released,An extraordinary Action story.,Whisper III - Asuri,7.2,1800
30000000,"[{""id"": 1, ""name"": ""Crime""}, {""id"": 2, ""name"": ""Drama""}]",,330750,"[{""id"": 1, ""name"": ""crime""}, {""id"": 2, ""name"": ""drama""}]",en,The Wasted Times,"Over the course of several decades, a deal between the Japanese army and criminals in Shanghai plays out with violence and betrayal.",86.25,"[{""name"": ""Cinema Productions""}]","[{""name"": ""USA""}]",2016-01-01,65000000,115.0,"[{""name"": ""English""}]",Released,An extraordinary Crime story.,The Wasted Times,6.9,1800
30000000,"[{""id"": 1, ""name"": ""Thriller""}, {""id"": 2, ""name"": ""Action""}]",,330751,"[{""id"": 1, ""name"": ""thriller""}, {""id"": 2, ""name"": ""action""}]",en,Checkmate,"The Federation's Boss must call their best agent out of a bedroom romp with a gentleman because the USA, Russia, Britain and France, the four nuclear powers, are under the menace of an ...                See full summary »",55.0,"[{""name"": ""Cinema Productions""}]","[{""name"": ""USA""}]",1973-01-01,65000000,115.0,"[{""name"": ""English""}]",Released,An extraordinary Thriller story.,Checkmate,4.4,1800
30000000,"[{""id"": 1, ""name"": ""Drama""}, {""id"": 2, ""name"": ""Family""}]",,330752,"[{""id"": 1, ""name"": ""drama""}, {""id"": 2, ""name"": ""family""}]",en,A Pathway to Heaven,A young man joins the Marine Corps after a family tragedy.,90.0,"[{""name"": ""Cinema Productions""}]","[{""name"": ""USA""}]",2015-01-01,65000000,115.0,"[{""name"": ""English""}]",Released,An extraordinary Drama story.,A Pathway to Heaven,7.2,1800
30000000,"[{""id"": 1, ""name"": ""Sci-Fi""}]",,330753,"[{""id"": 1, ""name"": ""sci-fi""}]",en,A Rough Draft,A video game designer is stripped of his identity and recruited by a mysterious force to be the gatekeeper of a multi-dimensional portal.,56.25,"[{""name"": ""Cinema Productions""}]","[{""name"": ""USA""}]",2018-01-01,65000000,115.0,"[{""name"": ""English""}]",Released,An extraordinary Sci-Fi story.,A Rough Draft,4.5,1800
30000000,"[{""id"": 1, ""name"": ""Adventure""}, {""id"": 2, ""name"": ""Family""}, {""id"": 3, ""name"": ""Musical""}]",,330754,"[{""id"": 1, ""name"": ""adventure""}, {""id"": 2, ""name"": ""family""}, {""id"": 3, ""name"": ""musical""}]",en,Stowaway,A young girl lost in Shanghai is taken in by an American playboy and his girlfriend.,88.75,"[{""name"": ""Cinema Productions""}]","[{""name"": ""USA""}]",1936-01-01,65000000,115.0,"[{""name"": ""English""}]",Released,An extraordinary Adventure story.,Stowaway,7.1,1800
30000000,"[{""id"": 1, ""name"": ""Action""}, {""id"": 2, ""name"": ""Comedy""}, {""id"": 3, ""name"": ""Crime""}]",,330755,"[{""id"": 1, ""name"": ""action""}, {""id"": 2, ""name"": ""comedy""}, {""id"": 3, ""name"": ""crime""}]",en,Clubbing to Death,"Clubbing to Death is set in the murky world of club culture, where Dench, a low life gangster runs the five biggest clubs in London, and supplies drugs to all of them. Everything seems to ...                See full summary »",90.0,"[{""name"": ""Cinema Productions""}]","[{""name"": ""USA""}]",2008-01-01,65000000,115.0,"[{""name"": ""English""}]",Released,An extraordinary Action story.,Clubbing to Death,7.2,1800
30000000,"[{""id"": 1, ""name"": ""Drama""}, {""id"": 2, ""name"": ""Romance""}]",,330756,"[{""id"": 1, ""name"": ""drama""}, {""id"": 2, ""name"": ""romance""}]",en,Skyscraper Souls,An entrepreneur will let nothing stand in his way of acquiring a 100-story office building.,90.0,"[{""name"": ""Cinema Productions""}]","[{""name"": ""USA""}]",1932-01-01,65000000,115.0,"[{""name"": ""English""}]",Released,An extraordinary Drama story.,Skyscraper Souls,7.2,1800
30000000,"[{""id"": 1, ""name"": ""Fantasy""}, {""id"": 2, ""name"": ""Horror""}]",,330757,"[{""id"": 1, ""name"": ""fantasy""}, {""id"": 2, ""name"": ""horror""}]",en,Zombie Nightmare,A mother resorts to voodoo to get back at those who killed her son.,32.5,"[{""name"": ""Cinema Productions""}]","[{""name"": ""USA""}]",1987-01-01,65000000,115.0,"[{""name"": ""English""}]",Released,An extraordinary Fantasy story.,Zombie Nightmare,2.6,1800
30000000,"[{""id"": 1, ""name"": ""Drama""}, {""id"": 2, ""name"": ""Romance""}]",,330758,"[{""id"": 1, ""name"": ""drama""}, {""id"": 2, ""name"": ""romance""}]",en,Stay as You Are,"Stuck in a dysfunctional marriage, a middle-aged architect has a chance encounter with an alluring student and they start an affair. He wants to be loved; she needs a meaningful relationship. However--could he be her missing father?",78.75,"[{""name"": ""Cinema Productions""}]","[{""name"": ""USA""}]",1978-01-01,65000000,115.0,"[{""name"": ""English""}]",Released,An extraordinary Drama story.,Stay as You Are,6.3,1800
30000000,"[{""id"": 1, ""name"": ""Action""}, {""id"": 2, ""name"": ""Crime""}, {""id"": 3, ""name"": ""Mystery""}]",,330759,"[{""id"": 1, ""name"": ""action""}, {""id"": 2, ""name"": ""crime""}, {""id"": 3, ""name"": ""mystery""}]",en,Model Behaviour,A detective hunts a serial killer who resides within the fashion and modeling industry.,42.5,"[{""name"": ""Cinema Productions""}]","[{""name"": ""USA""}]",2013-01-01,65000000,115.0,"[{""name"": ""English""}]",Released,An extraordinary Action story.,Model Behaviour,3.4,1800
30000000,"[{""id"": 1, ""name"": ""Comedy""}, {""id"": 2, ""name"": ""Romance""}]",,330760,"[{""id"": 1, ""name"": ""comedy""}, {""id"": 2, ""name"": ""romance""}]",en,Decaf,"An attractive woman in her late thirties, is the successful owner of a thriving coffee-house but secretly longs for a child while fiercely defending her independence.",70.0,"[{""name"": ""Cinema Productions""}]","[{""name"": ""USA""}]",1996-01-01,65000000,115.0,"[{""name"": ""English""}]",Released,An extraordinary Comedy story.,Decaf,5.6,1800
30000000,"[{""id"": 1, ""name"": ""Adventure""}, {""id"": 2, ""name"": ""Drama""}, {""id"": 3, ""name"": ""Fantasy""}]",,330761,"[{""id"": 1, ""name"": ""adventure""}, {""id"": 2, ""name"": ""drama""}, {""id"": 3, ""name"": ""fantasy""}]",en,The Holy Mountain,"In a corrupt, greed-fueled world, a powerful alchemist leads a messianic character and seven materialistic figures to the Holy Mountain, where they hope to achieve enlightenment.",97.5,"[{""name"": ""Cinema Productions""}]","[{""name"": ""USA""}]",1973-01-01,65000000,115.0,"[{""name"": ""English""}]",Released,An extraordinary Adventure story.,The Holy Mountain,7.8,1800
30000000,"[{""id"": 1, ""name"": ""Action""}, {""id"": 2, ""name"": ""Horror""}, {""id"": 3, ""name"": ""Romance""}]",,330762,"[{""id"": 1, ""name"": ""action""}, {""id"": 2, ""name"": ""horror""}, {""id"": 3, ""name"": ""romance""}]",en,Videoclub,"In 1992, a young man who works at a video store takes shelter in it (along with his friends and family) during a ""possible"" zombie invasion.",53.75,"[{""name"": ""Cinema Productions""}]","[{""name"": ""USA""}]",2013-01-01,65000000,115.0,"[{""name"": ""English""}]",Released,An extraordinary Action story.,Videoclub,4.3,1800
30000000,"[{""id"": 1, ""name"": ""Horror""}, {""id"": 2, ""name"": ""Mystery""}, {""id"": 3, ""name"": ""Thriller""}]",,330763,"[{""id"": 1, ""name"": ""horror""}, {""id"": 2, ""name"": ""mystery""}, {""id"": 3, ""name"": ""thriller""}]",en,The Dooms Chapel Horror,Kyle Cole returns home to the town of Kaler Mills. He hasn't been back in 10 years since the people of the town turned on him believing that he was responsible for his brothers death. His ...                See full summary »,43.75,"[{""name"": ""Cinema Productions""}]","[{""name"": ""USA""}]",2016-01-01,65000000,115.0,"[{""name"": ""English""}]",Released,An extraordinary Horror story.,The Dooms Chapel Horror,3.5,1800
30000000,"[{""id"": 1, ""name"": ""Drama""}, {""id"": 2, ""name"": ""Thriller""}]",,330764,"[{""id"": 1, ""name"": ""drama""}, {""id"": 2, ""name"": ""thriller""}]",en,Over the Edge,"A couple buys an old house at Møns Klint. They hire a handyman. Is he the man, they saw walking away from the cliff, when someone ""jumped"" off it?",61.25,"[{""name"": ""Cinema Productions""}]","[{""name"": ""USA""}]",2012-01-01,65000000,115.0,"[{""name"": ""English""}]",Released,An extraordinary Drama story.,Over the Edge,4.9,1800
30000000,"[{""id"": 1, ""name"": ""Comedy""}, {""id"": 2, ""name"": ""Musical""}, {""id"": 3, ""name"": ""Romance""}]",,330765,"[{""id"": 1, ""name"": ""comedy""}, {""id"": 2, ""name"": ""musical""}, {""id"": 3, ""name"": ""romance""}]",en,La edad del sol,Famed Argentine folk singer Soledad abandons her planned artistic tour throughout Spain to accompany her schoolmates on a trip to the city of Bariloche.,31.25,"[{""name"": ""Cinema Productions""}]","[{""name"": ""USA""}]",1999-01-01,65000000,115.0,"[{""name"": ""English""}]",Released,An extraordinary Comedy story.,La edad del sol,2.5,1800
30000000,"[{""id"": 1, ""name"": ""Action""}, {""id"": 2, ""name"": ""Crime""}, {""id"": 3, ""name"": ""Drama""}]",,330766,"[{""id"": 1, ""name"": ""action""}, {""id"": 2, ""name"": ""crime""}, {""id"": 3, ""name"": ""drama""}]",en,Rescue Me,"When Robyn the daughter of Special Agent in Charge Alex Campbell of the FBI is kidnapped along with her best friend Chloe Hart, Alex is forced to take a close look at those around him to ...                See full summary »",73.75,"[{""name"": ""Cinema Productions""}]","[{""name"": ""USA""}]",2015-01-01,65000000,115.0,"[{""name"": ""English""}]",Released,An extraordinary Action story.,Rescue Me,5.9,1800
30000000,"[{""id"": 1, ""name"": ""Action""}]",,330767,"[{""id"": 1, ""name"": ""action""}]",en,Diamond Run,"Back alleys are home to Nicky, who handles women and his fists with equal style. When he unknowingly sets up his girlfriend in an assassination plot, she escapes, only to become the ...                See full summary »",51.25,"[{""name"": ""Cinema Productions""}]","[{""name"": ""USA""}]",1988-01-01,65000000,115.0,"[{""name"": ""English""}]",Released,An extraordinary Action story.,Diamond Run,4.1,1800
30000000,"[{""id"": 1, ""name"": ""Action""}, {""id"": 2, ""name"": ""Comedy""}, {""id"": 3, ""name"": ""Sci-Fi""}]",,330768,"[{""id"": 1, ""name"": ""action""}, {""id"": 2, ""name"": ""comedy""}, {""id"": 3, ""name"": ""sci-fi""}]",en,The Fabricated Partner of Cody McGuire,"Cody McGuire has just returned from an important doctor's appointment, only to find an attractive-but-naïve artificially created man on her doorstep named Mr. Perfect. With the help of her ...                See full summary »",90.0,"[{""name"": ""Cinema Productions""}]","[{""name"": ""USA""}]",2016-01-01,65000000,115.0,"[{""name"": ""English""}]",Released,An extraordinary Action story.,The Fabricated Partner of Cody McGuire,7.2,1800
30000000,"[{""id"": 1, ""name"": ""Thriller""}]",,330769,"[{""id"": 1, ""name"": ""thriller""}]",en,Captured Love,"A breath taking, and bounding, more ways then one in the end left wanting more . Lela sets out exploring alone, assures her boss she'll be ok, she finds herself in a life altering ...                See full summary »",90.0,"[{""name"": ""Cinema Productions""}]","[{""name"": ""USA""}]",2015-01-01,65000000,115.0,"[{""name"": ""English""}]",Released,An extraordinary Thriller story.,Captured Love,7.2,1800
30000000,"[{""id"": 1, ""name"": ""Action""}, {""id"": 2, ""name"": ""Adventure""}, {""id"": 3, ""name"": ""Drama""}]",,330770,"[{""id"": 1, ""name"": ""action""}, {""id"": 2, ""name"": ""adventure""}, {""id"": 3, ""name"": ""drama""}]",en,Zamba,The story of a boy raised by gorillas.,70.0,"[{""name"": ""Cinema Productions""}]","[{""name"": ""USA""}]",1949-01-01,65000000,115.0,"[{""name"": ""English""}]",Released,An extraordinary Action story.,Zamba,5.6,1800
30000000,"[{""id"": 1, ""name"": ""Adventure""}, {""id"": 2, ""name"": ""Fantasy""}, {""id"": 3, ""name"": ""Horror""}]",,330771,"[{""id"": 1, ""name"": ""adventure""}, {""id"": 2, ""name"": ""fantasy""}, {""id"": 3, ""name"": ""horror""}]",en,Predator Prey,A unique little boy with magnificent powers flees his village after feeling the guilt of doing something terrible but beyond his control and is forced to face evil in it's purest form.,90.0,"[{""name"": ""Cinema Productions""}]","[{""name"": ""USA""}]",2016-01-01,65000000,115.0,"[{""name"": ""English""}]",Released,An extraordinary Adventure story.,Predator Prey,7.2,1800
30000000,"[{""id"": 1, ""name"": ""Biography""}, {""id"": 2, ""name"": ""Drama""}, {""id"": 3, ""name"": ""History""}]",,330772,"[{""id"": 1, ""name"": ""biography""}, {""id"": 2, ""name"": ""drama""}, {""id"": 3, ""name"": ""history""}]",en,The Prime Minister,"A biopic of the legendary Benjamin Disraeli, his rise from a foppish young novelist to the Prime Minister of the United Kingdom and confidante of Queen Victoria.",71.25,"[{""name"": ""Cinema Productions""}]","[{""name"": ""USA""}]",1941-01-01,65000000,115.0,"[{""name"": ""English""}]",Released,An extraordinary Biography story.,The Prime Minister,5.7,1800
30000000,"[{""id"": 1, ""name"": ""Comedy""}, {""id"": 2, ""name"": ""Fantasy""}, {""id"": 3, ""name"": ""Romance""}]",,330773,"[{""id"": 1, ""name"": ""comedy""}, {""id"": 2, ""name"": ""fantasy""}, {""id"": 3, ""name"": ""romance""}]",en,A sablazo limpio,Clumsy blacksmiths Cornelius and Crispín become the sidekicks of a masked hero who plans to unravel the frauds of a churlish military captain.,86.25,"[{""name"": ""Cinema Productions""}]","[{""name"": ""USA""}]",1958-01-01,65000000,115.0,"[{""name"": ""English""}]",Released,An extraordinary Comedy story.,A sablazo limpio,6.9,1800
30000000,"[{""id"": 1, ""name"": ""Action""}, {""id"": 2, ""name"": ""Adventure""}, {""id"": 3, ""name"": ""Western""}]",,330774,"[{""id"": 1, ""name"": ""action""}, {""id"": 2, ""name"": ""adventure""}, {""id"": 3, ""name"": ""western""}]",en,The 5-Man Army,"At the behest of local revolutionaries, a mercenary enlists four specialists in various combat styles to help him rob a Mexican Army train carrying $500,000 in gold.",81.25,"[{""name"": ""Cinema Productions""}]","[{""name"": ""USA""}]",1969-01-01,65000000,115.0,"[{""name"": ""English""}]",Released,An extraordinary Action story.,The 5-Man Army,6.5,1800
30000000,"[{""id"": 1, ""name"": ""Animation""}, {""id"": 2, ""name"": ""Drama""}, {""id"": 3, ""name"": ""Family""}]",,330775,"[{""id"": 1, ""name"": ""animation""}, {""id"": 2, ""name"": ""drama""}, {""id"": 3, ""name"": ""family""}]",en,I Want to Eat Your Pancreas,"A high school student discovers one of his classmates, Sakura Yamauchi, is suffering from a terminal illness. This secret brings the two together, as she lives out her final moments.",100.0,"[{""name"": ""Cinema Productions""}]","[{""name"": ""USA""}]",2018-01-01,65000000,115.0,"[{""name"": ""English""}]",Released,An extraordinary Animation story.,I Want to Eat Your Pancreas,8.0,1800
30000000,"[{""id"": 1, ""name"": ""Horror""}]",,330776,"[{""id"": 1, ""name"": ""horror""}]",en,Children of the Night,A schoolteacher teams up with with a priest to stop a town being overrun by vampires.,58.75,"[{""name"": ""Cinema Productions""}]","[{""name"": ""USA""}]",1991-01-01,65000000,115.0,"[{""name"": ""English""}]",Released,An extraordinary Horror story.,Children of the Night,4.7,1800
30000000,"[{""id"": 1, ""name"": ""Drama""}, {""id"": 2, ""name"": ""Romance""}]",,330777,"[{""id"": 1, ""name"": ""drama""}, {""id"": 2, ""name"": ""romance""}]",en,Quadroon,"A story of love, lust, violence and murder on a sadistic southern plantation during the slave era.",62.5,"[{""name"": ""Cinema Productions""}]","[{""name"": ""USA""}]",1971-01-01,65000000,115.0,"[{""name"": ""English""}]",Released,An extraordinary Drama story.,Quadroon,5.0,1800
30000000,"[{""id"": 1, ""name"": ""Drama""}, {""id"": 2, ""name"": ""Romance""}, {""id"": 3, ""name"": ""Sci-Fi""}]",,330778,"[{""id"": 1, ""name"": ""drama""}, {""id"": 2, ""name"": ""romance""}, {""id"": 3, ""name"": ""sci-fi""}]",en,Anandobrahma,"In a near future, a writer and a millionaire entrepreneur become unlikely friends when he hires the writer to put his childhood into prose, all in the hopes of finding his long lost love.",90.0,"[{""name"": ""Cinema Productions""}]","[{""name"": ""USA""}]",2015-01-01,65000000,115.0,"[{""name"": ""English""}]",Released,An extraordinary Drama story.,Anandobrahma,7.2,1800
30000000,"[{""id"": 1, ""name"": ""Action""}, {""id"": 2, ""name"": ""Crime""}, {""id"": 3, ""name"": ""Drama""}]",,330779,"[{""id"": 1, ""name"": ""action""}, {""id"": 2, ""name"": ""crime""}, {""id"": 3, ""name"": ""drama""}]",en,Women of Mafia,A former police officer goes under cover in the mafia.,60.0,"[{""name"": ""Cinema Productions""}]","[{""name"": ""USA""}]",2018-01-01,65000000,115.0,"[{""name"": ""English""}]",Released,An extraordinary Action story.,Women of Mafia,4.8,1800
30000000,"[{""id"": 1, ""name"": ""Action""}, {""id"": 2, ""name"": ""Adventure""}, {""id"": 3, ""name"": ""Drama""}]",,330780,"[{""id"": 1, ""name"": ""action""}, {""id"": 2, ""name"": ""adventure""}, {""id"": 3, ""name"": ""drama""}]",en,Black Day,A special-ops soldier hunts down and kills the terrorists who slaughtered his family.,95.0,"[{""name"": ""Cinema Productions""}]","[{""name"": ""USA""}]",2011-01-01,65000000,115.0,"[{""name"": ""English""}]",Released,An extraordinary Action story.,Black Day,7.6,1800
30000000,"[{""id"": 1, ""name"": ""Action""}, {""id"": 2, ""name"": ""Adventure""}, {""id"": 3, ""name"": ""Fantasy""}]",,330781,"[{""id"": 1, ""name"": ""action""}, {""id"": 2, ""name"": ""adventure""}, {""id"": 3, ""name"": ""fantasy""}]",en,The Tsunami Warrior,"As sea pirates threaten to invade their kingdoms, three queens of Langkasuka must band together to defend their lands and peoples.",70.0,"[{""name"": ""Cinema Productions""}]","[{""name"": ""USA""}]",2008-01-01,65000000,115.0,"[{""name"": ""English""}]",Released,An extraordinary Action story.,The Tsunami Warrior,5.6,1800
30000000,"[{""id"": 1, ""name"": ""Horror""}]",,330782,"[{""id"": 1, ""name"": ""horror""}]",en,Mexican Werewolf in Texas,"In the dusty little town of Furlough in Texas, an animal is slaughtering the cattle and the locals. When the teenager Tommy is killed, their friends Anna Furlough, her Mexican-American ...                See full summary »",37.5,"[{""name"": ""Cinema Productions""}]","[{""name"": ""USA""}]",2005-01-01,65000000,115.0,"[{""name"": ""English""}]",Released,An extraordinary Horror story.,Mexican Werewolf in Texas,3.0,1800
30000000,"[{""id"": 1, ""name"": ""Adventure""}, {""id"": 2, ""name"": ""Comedy""}]",,330783,"[{""id"": 1, ""name"": ""adventure""}, {""id"": 2, ""name"": ""comedy""}]",en,Civilization: The Movie,Five friends decide to play a game of Civilization VI because they thought being world leaders couldn't be that hard but soon find out just what they have undertaken and find out just how ...                See full summary »,110.0,"[{""name"": ""Cinema Productions""}]","[{""name"": ""USA""}]",2016-01-01,65000000,115.0,"[{""name"": ""English""}]",Released,An extraordinary Adventure story.,Civilization: The Movie,8.8,1800
30000000,"[{""id"": 1, ""name"": ""Action""}, {""id"": 2, ""name"": ""Adventure""}, {""id"": 3, ""name"": ""Comedy""}]",,330784,"[{""id"": 1, ""name"": ""action""}, {""id"": 2, ""name"": ""adventure""}, {""id"": 3, ""name"": ""comedy""}]",en,Killing Cabos,"A dark, offbeat comedy about a group of Mexico City teens embroiled in a kidnapping involving a retired wrestling legend and a parrot.",92.5,"[{""name"": ""Cinema Productions""}]","[{""name"": ""USA""}]",2004-01-01,65000000,115.0,"[{""name"": ""English""}]",Released,An extraordinary Action story.,Killing Cabos,7.4,1800
30000000,"[{""id"": 1, ""name"": ""Action""}]",,330785,"[{""id"": 1, ""name"": ""action""}]",en,Roma-Amor,Together they'll crack down the enemy of the society.,90.0,"[{""name"": ""Cinema Productions""}]","[{""name"": ""USA""}]",1977-01-01,65000000,115.0,"[{""name"": ""English""}]",Released,An extraordinary Action story.,Roma-Amor,7.2,1800
30000000,"[{""id"": 1, ""name"": ""Thriller""}]",,330786,"[{""id"": 1, ""name"": ""thriller""}]",en,Pulso,Nicolas routine gets interrupted by the disappearance of his 15 years old daughter.,90.0,"[{""name"": ""Cinema Productions""}]","[{""name"": ""USA""}]",2015-01-01,65000000,115.0,"[{""name"": ""English""}]",Released,An extraordinary Thriller story.,Pulso,7.2,1800
30000000,"[{""id"": 1, ""name"": ""Action""}, {""id"": 2, ""name"": ""Horror""}, {""id"": 3, ""name"": ""Sci-Fi""}]",,330787,"[{""id"": 1, ""name"": ""action""}, {""id"": 2, ""name"": ""horror""}, {""id"": 3, ""name"": ""sci-fi""}]",en,Alien nightmare X,"2025 year. Alex and Victor return to Earth, only to understand that the native planet has turned into ruins, sprouted jungle, and the streets are scouring for the survivors of evil alien ...                See full summary »",68.75,"[{""name"": ""Cinema Productions""}]","[{""name"": ""USA""}]",2018-01-01,65000000,115.0,"[{""name"": ""English""}]",Released,An extraordinary Action story.,Alien nightmare X,5.5,1800
30000000,"[{""id"": 1, ""name"": ""Drama""}, {""id"": 2, ""name"": ""Horror""}, {""id"": 3, ""name"": ""Mystery""}]",,330788,"[{""id"": 1, ""name"": ""drama""}, {""id"": 2, ""name"": ""horror""}, {""id"": 3, ""name"": ""mystery""}]",en,Derelict,Three friends find themselves fighting for their lives when their urban exploration goes horribly wrong.,50.0,"[{""name"": ""Cinema Productions""}]","[{""name"": ""USA""}]",2017-01-01,65000000,115.0,"[{""name"": ""English""}]",Released,An extraordinary Drama story.,Derelict,4.0,1800
30000000,"[{""id"": 1, ""name"": ""Adventure""}]",,330789,"[{""id"": 1, ""name"": ""adventure""}]",en,Diary of the Underdogs,It's time for the underdogs to get some payback.,90.0,"[{""name"": ""Cinema Productions""}]","[{""name"": ""USA""}]",2022-01-01,65000000,115.0,"[{""name"": ""English""}]",Released,An extraordinary Adventure story.,Diary of the Underdogs,7.2,1800
30000000,"[{""id"": 1, ""name"": ""Crime""}, {""id"": 2, ""name"": ""Thriller""}]",,330790,"[{""id"": 1, ""name"": ""crime""}, {""id"": 2, ""name"": ""thriller""}]",en,Queen of the Forty Thieves,"Parker, the millionaire, having informed the police that he believes an attempt will be made to kidnap his daughter, Alice, warns her to be careful, and the police assign a young detective,...                See full summary »",90.0,"[{""name"": ""Cinema Productions""}]","[{""name"": ""USA""}]",1914-01-01,65000000,115.0,"[{""name"": ""English""}]",Released,An extraordinary Crime story.,Queen of the Forty Thieves,7.2,1800
30000000,"[{""id"": 1, ""name"": ""Action""}, {""id"": 2, ""name"": ""Drama""}]",,330791,"[{""id"": 1, ""name"": ""action""}, {""id"": 2, ""name"": ""drama""}]",en,Amheukgaui saja,"A gangster called 'The Lion' gets involved in a labor dispute while trying to bring Kang Hyeok, the man who made off with the dockworker's wages, to justice.",90.0,"[{""name"": ""Cinema Productions""}]","[{""name"": ""USA""}]",1965-01-01,65000000,115.0,"[{""name"": ""English""}]",Released,An extraordinary Action story.,Amheukgaui saja,7.2,1800
30000000,"[{""id"": 1, ""name"": ""Comedy""}, {""id"": 2, ""name"": ""Horror""}, {""id"": 3, ""name"": ""Mystery""}]",,330792,"[{""id"": 1, ""name"": ""comedy""}, {""id"": 2, ""name"": ""horror""}, {""id"": 3, ""name"": ""mystery""}]",en,Love's a Killer: Rellik's Revenge,"College students at Reese University in the suburb town of Witherspoon Falls have a problem, they've added a mysterious cloaked man to their friends list their school's social network ...                See full summary »",90.0,"[{""name"": ""Cinema Productions""}]","[{""name"": ""USA""}]",2015-01-01,65000000,115.0,"[{""name"": ""English""}]",Released,An extraordinary Comedy story.,Love's a Killer: Rellik's Revenge,7.2,1800
30000000,"[{""id"": 1, ""name"": ""Action""}, {""id"": 2, ""name"": ""Drama""}, {""id"": 3, ""name"": ""History""}]",,330793,"[{""id"": 1, ""name"": ""action""}, {""id"": 2, ""name"": ""drama""}, {""id"": 3, ""name"": ""history""}]",en,The Sword with No Name,A Joseon dynasty bounty hunter becomes the body guard of the queen he secretly loves.,77.5,"[{""name"": ""Cinema Productions""}]","[{""name"": ""USA""}]",2009-01-01,65000000,115.0,"[{""name"": ""English""}]",Released,An extraordinary Action story.,The Sword with No Name,6.2,1800
30000000,"[{""id"": 1, ""name"": ""Sci-Fi""}]",,330794,"[{""id"": 1, ""name"": ""sci-fi""}]",en,Timeshifters 2: Alternate Present,"After the first episode, our main hero, Tamás is merged with the 3 time shifter rings and now shifts between present (2011) and the future (2022), until he is trapped in an alternate ...                See full summary »",90.0,"[{""name"": ""Cinema Productions""}]","[{""name"": ""USA""}]",2012-01-01,65000000,115.0,"[{""name"": ""English""}]",Released,An extraordinary Sci-Fi story.,Timeshifters 2: Alternate Present,7.2,1800
30000000,"[{""id"": 1, ""name"": ""Horror""}, {""id"": 2, ""name"": ""Sci-Fi""}, {""id"": 3, ""name"": ""Thriller""}]",,330795,"[{""id"": 1, ""name"": ""horror""}, {""id"": 2, ""name"": ""sci-fi""}, {""id"": 3, ""name"": ""thriller""}]",en,The Lake,"One child brought back a strange egg, until realized that it was a monster egg. It emerged from the lake. and kill everyone in the whole town",51.25,"[{""name"": ""Cinema Productions""}]","[{""name"": ""USA""}]",2022-01-01,65000000,115.0,"[{""name"": ""English""}]",Released,An extraordinary Horror story.,The Lake,4.1,1800
30000000,"[{""id"": 1, ""name"": ""Action""}, {""id"": 2, ""name"": ""Comedy""}, {""id"": 3, ""name"": ""Crime""}]",,330796,"[{""id"": 1, ""name"": ""action""}, {""id"": 2, ""name"": ""comedy""}, {""id"": 3, ""name"": ""crime""}]",en,Warriors: The Black Panther,"Black Cougar is a mercenary who is being paid a huge sum of money by an unknown person to recover a top secret file. Realising the enormity and complexity of the task, he looks for a group of experts to help him out.",67.5,"[{""name"": ""Cinema Productions""}]","[{""name"": ""USA""}]",1993-01-01,65000000,115.0,"[{""name"": ""English""}]",Released,An extraordinary Action story.,Warriors: The Black Panther,5.4,1800
30000000,"[{""id"": 1, ""name"": ""Adventure""}, {""id"": 2, ""name"": ""Horror""}, {""id"": 3, ""name"": ""Sci-Fi""}]",,330797,"[{""id"": 1, ""name"": ""adventure""}, {""id"": 2, ""name"": ""horror""}, {""id"": 3, ""name"": ""sci-fi""}]",en,Killer Crocodile,A group of environmentalists arrives at a faraway tropical delta where toxic waste is being dumped. However the water also hides a giant crocodile. The corrupt local officials don't help much either.,58.75,"[{""name"": ""Cinema Productions""}]","[{""name"": ""USA""}]",1989-01-01,65000000,115.0,"[{""name"": ""English""}]",Released,An extraordinary Adventure story.,Killer Crocodile,4.7,1800
30000000,"[{""id"": 1, ""name"": ""Crime""}, {""id"": 2, ""name"": ""Horror""}, {""id"": 3, ""name"": ""Sci-Fi""}]",,330798,"[{""id"": 1, ""name"": ""crime""}, {""id"": 2, ""name"": ""horror""}, {""id"": 3, ""name"": ""sci-fi""}]",en,The Astounding She-Monster,"A gang of crooks has kidnapped a rich heiress come up against a beautiful, but lethal alien who has crash-landed her spaceship on Earth.",45.0,"[{""name"": ""Cinema Productions""}]","[{""name"": ""USA""}]",1957-01-01,65000000,115.0,"[{""name"": ""English""}]",Released,An extraordinary Crime story.,The Astounding She-Monster,3.6,1800
30000000,"[{""id"": 1, ""name"": ""Drama""}, {""id"": 2, ""name"": ""Sport""}]",,330799,"[{""id"": 1, ""name"": ""drama""}, {""id"": 2, ""name"": ""sport""}]",en,The Real Thing,The Real Thing is the first feature length bouldering move ever. Britain's top rock climbers Jerry Moffat and Ben Moon take you on a roller-coaster road trip from the classic grit-stone ...                See full summary »,101.25,"[{""name"": ""Cinema Productions""}]","[{""name"": ""USA""}]",1996-01-01,65000000,115.0,"[{""name"": ""English""}]",Released,An extraordinary Drama story.,The Real Thing,8.1,1800
30000000,"[{""id"": 1, ""name"": ""Action""}, {""id"": 2, ""name"": ""Adventure""}, {""id"": 3, ""name"": ""Romance""}]",,330800,"[{""id"": 1, ""name"": ""action""}, {""id"": 2, ""name"": ""adventure""}, {""id"": 3, ""name"": ""romance""}]",en,Fighter of Exigent,"A freedom fighter named Ryan Joyce Fleming must save her love who lost his Diplomatic Immunity in a new governed world called Exigent, State of Diplomatica.",90.0,"[{""name"": ""Cinema Productions""}]","[{""name"": ""USA""}]",2015-01-01,65000000,115.0,"[{""name"": ""English""}]",Released,An extraordinary Action story.,Fighter of Exigent,7.2,1800
30000000,"[{""id"": 1, ""name"": ""Comedy""}, {""id"": 2, ""name"": ""Family""}, {""id"": 3, ""name"": ""Fantasy""}]",,330801,"[{""id"": 1, ""name"": ""comedy""}, {""id"": 2, ""name"": ""family""}, {""id"": 3, ""name"": ""fantasy""}]",en,Makdee,"In a small North Indian village, Legend has it that a 100 years-old witch lives in an abandoned mansion on the village outskirts, and any person who goes inside is turned into an animal. In...                See full summary »",93.75,"[{""name"": ""Cinema Productions""}]","[{""name"": ""USA""}]",2002-01-01,65000000,115.0,"[{""name"": ""English""}]",Released,An extraordinary Comedy story.,Makdee,7.5,1800
30000000,"[{""id"": 1, ""name"": ""Drama""}, {""id"": 2, ""name"": ""Family""}, {""id"": 3, ""name"": ""Musical""}]",,330802,"[{""id"": 1, ""name"": ""drama""}, {""id"": 2, ""name"": ""family""}, {""id"": 3, ""name"": ""musical""}]",en,CJR the Movie: Lawan Rasa Takutmu,"Bastian resignation caused Iqbaal, Aldi, and Kiki feel lost. Patrick invites them to Australia and meet with Emmanuel Kelly, an X-Factor Australia contestant. They face the real test while performing a concert",96.25,"[{""name"": ""Cinema Productions""}]","[{""name"": ""USA""}]",2015-01-01,65000000,115.0,"[{""name"": ""English""}]",Released,An extraordinary Drama story.,CJR the Movie: Lawan Rasa Takutmu,7.7,1800
30000000,"[{""id"": 1, ""name"": ""Biography""}, {""id"": 2, ""name"": ""Comedy""}, {""id"": 3, ""name"": ""Drama""}]",,330803,"[{""id"": 1, ""name"": ""biography""}, {""id"": 2, ""name"": ""comedy""}, {""id"": 3, ""name"": ""drama""}]",en,The Count,"Sleazy impostor, then dance-band singer Pertti Ylermi Lindgren merrily re-enacts some of his real-life engagements to 76 different women in the late 1960s. After posing as an aristocrat, ...                See full summary »",66.25,"[{""name"": ""Cinema Productions""}]","[{""name"": ""USA""}]",1971-01-01,65000000,115.0,"[{""name"": ""English""}]",Released,An extraordinary Biography story.,The Count,5.3,1800
30000000,"[{""id"": 1, ""name"": ""Action""}, {""id"": 2, ""name"": ""Adventure""}, {""id"": 3, ""name"": ""Comedy""}]",,330804,"[{""id"": 1, ""name"": ""action""}, {""id"": 2, ""name"": ""adventure""}, {""id"": 3, ""name"": ""comedy""}]",en,Batal min warak,"""Ramy Qashwa"" a funny writer discovers that his new movie scenario has been stolen by an insane guy who is performing all the crimes in the scenario , the writer decides to stop that ...                See full summary »",88.75,"[{""name"": ""Cinema Productions""}]","[{""name"": ""USA""}]",1988-01-01,65000000,115.0,"[{""name"": ""English""}]",Released,An extraordinary Action story.,Batal min warak,7.1,1800
30000000,"[{""id"": 1, ""name"": ""Biography""}, {""id"": 2, ""name"": ""Drama""}, {""id"": 3, ""name"": ""Family""}]",,330805,"[{""id"": 1, ""name"": ""biography""}, {""id"": 2, ""name"": ""drama""}, {""id"": 3, ""name"": ""family""}]",en,White Bird: A Wonder Story,"Based on the book by the best-selling author of Wonder, this uplifting movie shows how one act of kindness can live on forever",90.0,"[{""name"": ""Cinema Productions""}]","[{""name"": ""USA""}]",2023-01-01,65000000,115.0,"[{""name"": ""English""}]",Released,An extraordinary Biography story.,White Bird: A Wonder Story,7.2,1800
30000000,"[{""id"": 1, ""name"": ""Horror""}, {""id"": 2, ""name"": ""Mystery""}, {""id"": 3, ""name"": ""Thriller""}]",,330806,"[{""id"": 1, ""name"": ""horror""}, {""id"": 2, ""name"": ""mystery""}, {""id"": 3, ""name"": ""thriller""}]",en,Seven Must Die,"After breaking a cursed mirror bequeathed to him by his dead grandmother, a recently divorced author must commit seven murders to appease the mirror demon or forever be tormented.",90.0,"[{""name"": ""Cinema Productions""}]","[{""name"": ""USA""}]",2015-01-01,65000000,115.0,"[{""name"": ""English""}]",Released,An extraordinary Horror story.,Seven Must Die,7.2,1800
30000000,"[{""id"": 1, ""name"": ""Comedy""}, {""id"": 2, ""name"": ""Music""}, {""id"": 3, ""name"": ""Musical""}]",,330807,"[{""id"": 1, ""name"": ""comedy""}, {""id"": 2, ""name"": ""music""}, {""id"": 3, ""name"": ""musical""}]",en,Unfinished Business,"Small town girl meets and falls for a playboy type on a train to New York. For him, the fling is over when they arrive, but she continues to carry a torch. She meets and marries his brother...                See full summary »",80.0,"[{""name"": ""Cinema Productions""}]","[{""name"": ""USA""}]",1941-01-01,65000000,115.0,"[{""name"": ""English""}]",Released,An extraordinary Comedy story.,Unfinished Business,6.4,1800
30000000,"[{""id"": 1, ""name"": ""Thriller""}]",,330808,"[{""id"": 1, ""name"": ""thriller""}]",en,Night of the Grizzlies,"In 1967, Glacier National Park, two rangers try to prevent a horrific tragedy after careless policies put man on a collision course with one of the smartest and deadliest animals on Earth. Based on the terrifying true events.",90.0,"[{""name"": ""Cinema Productions""}]","[{""name"": ""USA""}]",2015-01-01,65000000,115.0,"[{""name"": ""English""}]",Released,An extraordinary Thriller story.,Night of the Grizzlies,7.2,1800
30000000,"[{""id"": 1, ""name"": ""Drama""}, {""id"": 2, ""name"": ""Sport""}]",,330809,"[{""id"": 1, ""name"": ""drama""}, {""id"": 2, ""name"": ""sport""}]",en,Alex,"Headstrong New Zealand teen Alex Archer trains to qualify for the 1960 Rome Olympics in the women's 100 freestyle. Unlike the other top swimmers who train only for swimming, Alex takes ...                See full summary »",76.25,"[{""name"": ""Cinema Productions""}]","[{""name"": ""USA""}]",1992-01-01,65000000,115.0,"[{""name"": ""English""}]",Released,An extraordinary Drama story.,Alex,6.1,1800
30000000,"[{""id"": 1, ""name"": ""Action""}, {""id"": 2, ""name"": ""Drama""}, {""id"": 3, ""name"": ""Western""}]",,330810,"[{""id"": 1, ""name"": ""action""}, {""id"": 2, ""name"": ""drama""}, {""id"": 3, ""name"": ""western""}]",en,Wolves of the Nation,"The wolves fight the cooper-heads to keep the town safe, but there always a hidden snake in the grass.",90.0,"[{""name"": ""Cinema Productions""}]","[{""name"": ""USA""}]",2015-01-01,65000000,115.0,"[{""name"": ""English""}]",Released,An extraordinary Action story.,Wolves of the Nation,7.2,1800
30000000,"[{""id"": 1, ""name"": ""Comedy""}, {""id"": 2, ""name"": ""Musical""}, {""id"": 3, ""name"": ""Romance""}]",,330811,"[{""id"": 1, ""name"": ""comedy""}, {""id"": 2, ""name"": ""musical""}, {""id"": 3, ""name"": ""romance""}]",en,Top Hat,"An American dancer comes to Britain and falls for a model whom he initially annoyed, but she mistakes him for his goofy producer.",96.25,"[{""name"": ""Cinema Productions""}]","[{""name"": ""USA""}]",1935-01-01,65000000,115.0,"[{""name"": ""English""}]",Released,An extraordinary Comedy story.,Top Hat,7.7,1800
30000000,"[{""id"": 1, ""name"": ""Adventure""}, {""id"": 2, ""name"": ""Comedy""}, {""id"": 3, ""name"": ""Fantasy""}]",,330812,"[{""id"": 1, ""name"": ""adventure""}, {""id"": 2, ""name"": ""comedy""}, {""id"": 3, ""name"": ""fantasy""}]",en,Boo,There are rumors that a long shut down and neglected hospital is haunted by the inhabitants that died there in a fire. Four college students are about to discover that the myths might just be true.,51.25,"[{""name"": ""Cinema Productions""}]","[{""name"": ""USA""}]",2005-01-01,65000000,115.0,"[{""name"": ""English""}]",Released,An extraordinary Adventure story.,Boo,4.1,1800
30000000,"[{""id"": 1, ""name"": ""Drama""}, {""id"": 2, ""name"": ""Music""}, {""id"": 3, ""name"": ""Mystery""}]",,330813,"[{""id"": 1, ""name"": ""drama""}, {""id"": 2, ""name"": ""music""}, {""id"": 3, ""name"": ""mystery""}]",en,The River of Romance,"Mississippi, 1830's. Tom Rumsford comes back to Magnolia Landing, his parents'estate. Having been brought up in the North by Quaker relatives, he just hates violence and accordingly refuses...                See full summary »",62.5,"[{""name"": ""Cinema Productions""}]","[{""name"": ""USA""}]",1929-01-01,65000000,115.0,"[{""name"": ""English""}]",Released,An extraordinary Drama story.,The River of Romance,5.0,1800
30000000,"[{""id"": 1, ""name"": ""Comedy""}, {""id"": 2, ""name"": ""Mystery""}]",,330814,"[{""id"": 1, ""name"": ""comedy""}, {""id"": 2, ""name"": ""mystery""}]",en,The Golden Ram,"A New York City private investigator is hired by a mysterious Frenchwoman. His mission is to find a legendary and priceless jewel, originally stolen in the 15th Century from a Berber tribe ...                See full summary »",90.0,"[{""name"": ""Cinema Productions""}]","[{""name"": ""USA""}]",2010-01-01,65000000,115.0,"[{""name"": ""English""}]",Released,An extraordinary Comedy story.,The Golden Ram,7.2,1800
30000000,"[{""id"": 1, ""name"": ""Horror""}]",,330815,"[{""id"": 1, ""name"": ""horror""}]",en,Monster Grizzly,A terrifying monster grizzly bear comes out of a blinding blizzard to feed on the trapped residents of an isolated town.,90.0,"[{""name"": ""Cinema Productions""}]","[{""name"": ""USA""}]",2015-01-01,65000000,115.0,"[{""name"": ""English""}]",Released,An extraordinary Horror story.,Monster Grizzly,7.2,1800
30000000,"[{""id"": 1, ""name"": ""Action""}, {""id"": 2, ""name"": ""Crime""}, {""id"": 3, ""name"": ""Drama""}]",,330816,"[{""id"": 1, ""name"": ""action""}, {""id"": 2, ""name"": ""crime""}, {""id"": 3, ""name"": ""drama""}]",en,"Chick Carter, Detective","Detective Chick Carter (Lyle Talbot)finds himself on his most exciting case when Sherry Martin (Julie Gibson), a singer at the Century Club, reports the robbery of the famous Blue Diamond, ...                See full summary »",76.25,"[{""name"": ""Cinema Productions""}]","[{""name"": ""USA""}]",1946-01-01,65000000,115.0,"[{""name"": ""English""}]",Released,An extraordinary Action story.,"Chick Carter, Detective",6.1,1800
30000000,"[{""id"": 1, ""name"": ""Drama""}, {""id"": 2, ""name"": ""Romance""}, {""id"": 3, ""name"": ""War""}]",,330817,"[{""id"": 1, ""name"": ""drama""}, {""id"": 2, ""name"": ""romance""}, {""id"": 3, ""name"": ""war""}]",en,Lafayette Escadrille,"American youth and flying ace flies for France in World War I, meets and loves a French girl and a prostitute.",68.75,"[{""name"": ""Cinema Productions""}]","[{""name"": ""USA""}]",1958-01-01,65000000,115.0,"[{""name"": ""English""}]",Released,An extraordinary Drama story.,Lafayette Escadrille,5.5,1800
30000000,"[{""id"": 1, ""name"": ""Comedy""}, {""id"": 2, ""name"": ""Family""}, {""id"": 3, ""name"": ""Sport""}]",,330818,"[{""id"": 1, ""name"": ""comedy""}, {""id"": 2, ""name"": ""family""}, {""id"": 3, ""name"": ""sport""}]",en,The Game Plan,An NFL quarterback living the bachelor lifestyle discovers that he has an 8-year-old daughter from a previous relationship.,77.5,"[{""name"": ""Cinema Productions""}]","[{""name"": ""USA""}]",2007-01-01,65000000,115.0,"[{""name"": ""English""}]",Released,An extraordinary Comedy story.,The Game Plan,6.2,1800
30000000,"[{""id"": 1, ""name"": ""Drama""}, {""id"": 2, ""name"": ""Mystery""}, {""id"": 3, ""name"": ""Thriller""}]",,330819,"[{""id"": 1, ""name"": ""drama""}, {""id"": 2, ""name"": ""mystery""}, {""id"": 3, ""name"": ""thriller""}]",en,Holiday,"Longing for sun, breath and exotic thrills, Kasia and Tomek set off on a dream trip to the island of Bali in Indonesia. Lying on a paradise beach, their thoughts are very far from their ...                See full summary »",57.5,"[{""name"": ""Cinema Productions""}]","[{""name"": ""USA""}]",2021-01-01,65000000,115.0,"[{""name"": ""English""}]",Released,An extraordinary Drama story.,Holiday,4.6,1800
30000000,"[{""id"": 1, ""name"": ""Comedy""}, {""id"": 2, ""name"": ""Sci-Fi""}]",,330820,"[{""id"": 1, ""name"": ""comedy""}, {""id"": 2, ""name"": ""sci-fi""}]",en,Journey to the West,"Tang Zhijun, an editor of a science fiction magazine, tries to find signs of alien civilization.",93.75,"[{""name"": ""Cinema Productions""}]","[{""name"": ""USA""}]",2021-01-01,65000000,115.0,"[{""name"": ""English""}]",Released,An extraordinary Comedy story.,Journey to the West,7.5,1800
30000000,"[{""id"": 1, ""name"": ""Action""}, {""id"": 2, ""name"": ""Crime""}, {""id"": 3, ""name"": ""Horror""}]",,330821,"[{""id"": 1, ""name"": ""action""}, {""id"": 2, ""name"": ""crime""}, {""id"": 3, ""name"": ""horror""}]",en,Stagger,"Set in the Suffolk rave culture as the film follows two gangs one from the London J1 crew as they battle with each other for the control of a new Bio-Drug, Stagger.",37.5,"[{""name"": ""Cinema Productions""}]","[{""name"": ""USA""}]",2009-01-01,65000000,115.0,"[{""name"": ""English""}]",Released,An extraordinary Action story.,Stagger,3.0,1800
30000000,"[{""id"": 1, ""name"": ""Action""}, {""id"": 2, ""name"": ""Adventure""}, {""id"": 3, ""name"": ""Family""}]",,330822,"[{""id"": 1, ""name"": ""action""}, {""id"": 2, ""name"": ""adventure""}, {""id"": 3, ""name"": ""family""}]",en,All Monsters Attack,A latchkey child living in the industrial city of Kawasaki confronts his loneliness through his escapist dreams of Monster Island and friendship with Minilla.,48.75,"[{""name"": ""Cinema Productions""}]","[{""name"": ""USA""}]",1969-01-01,65000000,115.0,"[{""name"": ""English""}]",Released,An extraordinary Action story.,All Monsters Attack,3.9,1800
30000000,"[{""id"": 1, ""name"": ""Action""}, {""id"": 2, ""name"": ""Drama""}, {""id"": 3, ""name"": ""Thriller""}]",,330823,"[{""id"": 1, ""name"": ""action""}, {""id"": 2, ""name"": ""drama""}, {""id"": 3, ""name"": ""thriller""}]",en,Kasalanan ang buhayin ka,A BLIND MAN LOSES THE PEOPLE HE LOVES AS HE REDEEMS HIMSELF FROM THE CRUEL BLOWS OF HIS ENEMIES.,60.0,"[{""name"": ""Cinema Productions""}]","[{""name"": ""USA""}]",1990-01-01,65000000,115.0,"[{""name"": ""English""}]",Released,An extraordinary Action story.,Kasalanan ang buhayin ka,4.8,1800
30000000,"[{""id"": 1, ""name"": ""Action""}]",,330824,"[{""id"": 1, ""name"": ""action""}]",en,Rise of Cameron,Does our childhood upbringing ever leave us?,90.0,"[{""name"": ""Cinema Productions""}]","[{""name"": ""USA""}]",2015-01-01,65000000,115.0,"[{""name"": ""English""}]",Released,An extraordinary Action story.,Rise of Cameron,7.2,1800
30000000,"[{""id"": 1, ""name"": ""Mystery""}, {""id"": 2, ""name"": ""Sci-Fi""}, {""id"": 3, ""name"": ""Thriller""}]",,330825,"[{""id"": 1, ""name"": ""mystery""}, {""id"": 2, ""name"": ""sci-fi""}, {""id"": 3, ""name"": ""thriller""}]",en,Kultur Shock!,"Three helpless American immigrants, Red, White and Blue, are tormented by an Uncle Sam doll in a locked, windowless room. They can't remember who they are or how they got there. Little by ...                See full summary »",81.25,"[{""name"": ""Cinema Productions""}]","[{""name"": ""USA""}]",2013-01-01,65000000,115.0,"[{""name"": ""English""}]",Released,An extraordinary Mystery story.,Kultur Shock!,6.5,1800
30000000,"[{""id"": 1, ""name"": ""Horror""}]",,330826,"[{""id"": 1, ""name"": ""horror""}]",en,The Devil's Rain,"A satanist cult leader is burnt alive by the local church. He vows to come back to hunt down and enslave every descendant of his congregation, by the power of the book of blood contracts, in which they sold their souls to the devil.",62.5,"[{""name"": ""Cinema Productions""}]","[{""name"": ""USA""}]",1975-01-01,65000000,115.0,"[{""name"": ""English""}]",Released,An extraordinary Horror story.,The Devil's Rain,5.0,1800
30000000,"[{""id"": 1, ""name"": ""Drama""}, {""id"": 2, ""name"": ""Romance""}]",,330827,"[{""id"": 1, ""name"": ""drama""}, {""id"": 2, ""name"": ""romance""}]",en,La Bella Figura,"Clara, an American expatriate, is seduced by life in Rome. Before the inevitable surface appeal comes tragically crashing home, in an allegorical romance of the Eternal City.",85.0,"[{""name"": ""Cinema Productions""}]","[{""name"": ""USA""}]",2007-01-01,65000000,115.0,"[{""name"": ""English""}]",Released,An extraordinary Drama story.,La Bella Figura,6.8,1800
30000000,"[{""id"": 1, ""name"": ""Crime""}, {""id"": 2, ""name"": ""Drama""}, {""id"": 3, ""name"": ""Mystery""}]",,330828,"[{""id"": 1, ""name"": ""crime""}, {""id"": 2, ""name"": ""drama""}, {""id"": 3, ""name"": ""mystery""}]",en,The Caribbean Mystery,"Smith (James Dunn), a Brooklyn police detective, arrives on a Caribbean island chasing a murderer ... and wades his way through quicksand, swamps, alligators, corpses, clues, unusual ...                See full summary »",71.25,"[{""name"": ""Cinema Productions""}]","[{""name"": ""USA""}]",1945-01-01,65000000,115.0,"[{""name"": ""English""}]",Released,An extraordinary Crime story.,The Caribbean Mystery,5.7,1800
30000000,"[{""id"": 1, ""name"": ""Animation""}, {""id"": 2, ""name"": ""Adventure""}, {""id"": 3, ""name"": ""Comedy""}]",,330829,"[{""id"": 1, ""name"": ""animation""}, {""id"": 2, ""name"": ""adventure""}, {""id"": 3, ""name"": ""comedy""}]",en,The Boxtrolls,A young orphaned boy raised by underground cave-dwelling trash collectors tries to save his friends from an evil exterminator.,85.0,"[{""name"": ""Cinema Productions""}]","[{""name"": ""USA""}]",2014-01-01,65000000,115.0,"[{""name"": ""English""}]",Released,An extraordinary Animation story.,The Boxtrolls,6.8,1800
30000000,"[{""id"": 1, ""name"": ""Horror""}]",,330830,"[{""id"": 1, ""name"": ""horror""}]",en,Habit,"Set within the neon drenched rain swept underbelly of Manchester, where the addicted prey on the lost and the lonely.",62.5,"[{""name"": ""Cinema Productions""}]","[{""name"": ""USA""}]",2017-01-01,65000000,115.0,"[{""name"": ""English""}]",Released,An extraordinary Horror story.,Habit,5.0,1800
30000000,"[{""id"": 1, ""name"": ""Horror""}, {""id"": 2, ""name"": ""Thriller""}]",,330831,"[{""id"": 1, ""name"": ""horror""}, {""id"": 2, ""name"": ""thriller""}]",en,Ostzone,3 young people buy a haunted house in eastern Germany. Suddenly one after another get killed and they try to find out about the mystery behind the ghost doing it's dreadful state of affairs.,40.0,"[{""name"": ""Cinema Productions""}]","[{""name"": ""USA""}]",2016-01-01,65000000,115.0,"[{""name"": ""English""}]",Released,An extraordinary Horror story.,Ostzone,3.2,1800
30000000,"[{""id"": 1, ""name"": ""Animation""}]",,330832,"[{""id"": 1, ""name"": ""animation""}]",en,Akbar the Elephant,The beautiful journey of a man and his elephant throughout India during the transfer of power from the British in 1948.,90.0,"[{""name"": ""Cinema Productions""}]","[{""name"": ""USA""}]",2015-01-01,65000000,115.0,"[{""name"": ""English""}]",Released,An extraordinary Animation story.,Akbar the Elephant,7.2,1800
30000000,"[{""id"": 1, ""name"": ""War""}]",,330833,"[{""id"": 1, ""name"": ""war""}]",en,Gun Camera Footage: Desert Storm Declassified,Fly with Desert Storm fighter pilots and see the actual images and sounds captured by FLIR and DLIR cameras during the deadly strike missions of the Gulf War. Hear the pilots talk about the war too.,90.0,"[{""name"": ""Cinema Productions""}]","[{""name"": ""USA""}]",2022-01-01,65000000,115.0,"[{""name"": ""English""}]",Released,An extraordinary War story.,Gun Camera Footage: Desert Storm Declassified,7.2,1800
30000000,"[{""id"": 1, ""name"": ""Action""}, {""id"": 2, ""name"": ""Crime""}, {""id"": 3, ""name"": ""Drama""}]",,330834,"[{""id"": 1, ""name"": ""action""}, {""id"": 2, ""name"": ""crime""}, {""id"": 3, ""name"": ""drama""}]",en,People's Enemy,Money was what gangster Vince M. Falcone wanted most and he did lay hands on millions of dollars by fair means or (mostly) foul. But once he became rich what he craved for was ...                See full summary »,71.25,"[{""name"": ""Cinema Productions""}]","[{""name"": ""USA""}]",1935-01-01,65000000,115.0,"[{""name"": ""English""}]",Released,An extraordinary Action story.,People's Enemy,5.7,1800
30000000,"[{""id"": 1, ""name"": ""Animation""}, {""id"": 2, ""name"": ""Family""}]",,330835,"[{""id"": 1, ""name"": ""animation""}, {""id"": 2, ""name"": ""family""}]",en,Heinz Rühmann erzählt Märchen,"Heinz Rühmann tells the fairy tales of the Brothers Grimm, Hans Christian Andersen and Charles Perrault.",90.0,"[{""name"": ""Cinema Productions""}]","[{""name"": ""USA""}]",1975-01-01,65000000,115.0,"[{""name"": ""English""}]",Released,An extraordinary Animation story.,Heinz Rühmann erzählt Märchen,7.2,1800
30000000,"[{""id"": 1, ""name"": ""Adventure""}]",,330836,"[{""id"": 1, ""name"": ""adventure""}]",en,Island Captives,A murdered businessman's daughter is shipwrecked on a jungle island with the son of the man who killed her father. Both are threatened by a smuggling ring that uses the island as its headquarters.,53.75,"[{""name"": ""Cinema Productions""}]","[{""name"": ""USA""}]",1937-01-01,65000000,115.0,"[{""name"": ""English""}]",Released,An extraordinary Adventure story.,Island Captives,4.3,1800
30000000,"[{""id"": 1, ""name"": ""Comedy""}, {""id"": 2, ""name"": ""Family""}]",,330837,"[{""id"": 1, ""name"": ""comedy""}, {""id"": 2, ""name"": ""family""}]",en,Os Trapalhões e a Árvore da Juventude,"Three goofy Amazon forest rangers find a mysterious, magical natural fountain and are reverted into their younger selves after drinking from it.",65.0,"[{""name"": ""Cinema Productions""}]","[{""name"": ""USA""}]",1991-01-01,65000000,115.0,"[{""name"": ""English""}]",Released,An extraordinary Comedy story.,Os Trapalhões e a Árvore da Juventude,5.2,1800
30000000,"[{""id"": 1, ""name"": ""Biography""}, {""id"": 2, ""name"": ""Drama""}, {""id"": 3, ""name"": ""History""}]",,330838,"[{""id"": 1, ""name"": ""biography""}, {""id"": 2, ""name"": ""drama""}, {""id"": 3, ""name"": ""history""}]",en,Saraband,Young Sophie Dorothea marries Prince George Louis but it's far from a love match. Then she falls for Swedish Count Philip Christoph von Königsmark.,81.25,"[{""name"": ""Cinema Productions""}]","[{""name"": ""USA""}]",1948-01-01,65000000,115.0,"[{""name"": ""English""}]",Released,An extraordinary Biography story.,Saraband,6.5,1800
30000000,"[{""id"": 1, ""name"": ""Drama""}, {""id"": 2, ""name"": ""Romance""}]",,330839,"[{""id"": 1, ""name"": ""drama""}, {""id"": 2, ""name"": ""romance""}]",en,Lovember,An odd young couple - a nurse and a street musician - meet first as the witnesses of accident. Troubles pursue them and they decide to challenge fate in an extraordinary way - by giving ...                See full summary »,38.75,"[{""name"": ""Cinema Productions""}]","[{""name"": ""USA""}]",2005-01-01,65000000,115.0,"[{""name"": ""English""}]",Released,An extraordinary Drama story.,Lovember,3.1,1800
30000000,"[{""id"": 1, ""name"": ""Fantasy""}]",,330840,"[{""id"": 1, ""name"": ""fantasy""}]",en,Merlin,"Vetri, an aspiring director, wants to finish his dream script but he is constantly disturbed by his roommates. Problems arise when the story he weaves about Merlin, an imaginary ghost, comes to life.",87.5,"[{""name"": ""Cinema Productions""}]","[{""name"": ""USA""}]",2018-01-01,65000000,115.0,"[{""name"": ""English""}]",Released,An extraordinary Fantasy story.,Merlin,7.0,1800
30000000,"[{""id"": 1, ""name"": ""Action""}, {""id"": 2, ""name"": ""Adventure""}, {""id"": 3, ""name"": ""Sci-Fi""}]",,330841,"[{""id"": 1, ""name"": ""action""}, {""id"": 2, ""name"": ""adventure""}, {""id"": 3, ""name"": ""sci-fi""}]",en,Eclipse: The Rise of Ink,"Casey is a comic fan who left everything in North Carolina to come to New York City to make his dream of becoming a superhero come true after reading ""S MAN"" Comic Book. Convinced that the ...                See full summary »",48.75,"[{""name"": ""Cinema Productions""}]","[{""name"": ""USA""}]",2018-01-01,65000000,115.0,"[{""name"": ""English""}]",Released,An extraordinary Action story.,Eclipse: The Rise of Ink,3.9,1800
30000000,"[{""id"": 1, ""name"": ""Action""}, {""id"": 2, ""name"": ""Crime""}, {""id"": 3, ""name"": ""Drama""}]",,330842,"[{""id"": 1, ""name"": ""action""}, {""id"": 2, ""name"": ""crime""}, {""id"": 3, ""name"": ""drama""}]",en,Wenn es Nacht wird auf der Reeperbahn,Story of young scion of a rich family who produces LSD for a bunch of drug suppliers who use the drugs to take the will away from young girls that they then procure to old men. The police ...                See full summary »,81.25,"[{""name"": ""Cinema Productions""}]","[{""name"": ""USA""}]",1967-01-01,65000000,115.0,"[{""name"": ""English""}]",Released,An extraordinary Action story.,Wenn es Nacht wird auf der Reeperbahn,6.5,1800
30000000,"[{""id"": 1, ""name"": ""Animation""}, {""id"": 2, ""name"": ""Adventure""}, {""id"": 3, ""name"": ""Drama""}]",,330843,"[{""id"": 1, ""name"": ""animation""}, {""id"": 2, ""name"": ""adventure""}, {""id"": 3, ""name"": ""drama""}]",en,"Ico, the Brave Horse",Ico is a wild foal who lives in a large meadow with his mother and other forest animals.,91.25,"[{""name"": ""Cinema Productions""}]","[{""name"": ""USA""}]",1983-01-01,65000000,115.0,"[{""name"": ""English""}]",Released,An extraordinary Animation story.,"Ico, the Brave Horse",7.3,1800
30000000,"[{""id"": 1, ""name"": ""Horror""}, {""id"": 2, ""name"": ""Mystery""}, {""id"": 3, ""name"": ""Thriller""}]",,330844,"[{""id"": 1, ""name"": ""horror""}, {""id"": 2, ""name"": ""mystery""}, {""id"": 3, ""name"": ""thriller""}]",en,False Positive,"As if getting pregnant weren't complicated enough, Lucy sets out to uncover the unsettling truth about her fertility doctor.",58.75,"[{""name"": ""Cinema Productions""}]","[{""name"": ""USA""}]",2021-01-01,65000000,115.0,"[{""name"": ""English""}]",Released,An extraordinary Horror story.,False Positive,4.7,1800
30000000,"[{""id"": 1, ""name"": ""Horror""}]",,330845,"[{""id"": 1, ""name"": ""horror""}]",en,Killungard,"It's about a small family buying an old house, were they find out they are not alone.",87.5,"[{""name"": ""Cinema Productions""}]","[{""name"": ""USA""}]",2018-01-01,65000000,115.0,"[{""name"": ""English""}]",Released,An extraordinary Horror story.,Killungard,7.0,1800
30000000,"[{""id"": 1, ""name"": ""Crime""}, {""id"": 2, ""name"": ""Drama""}, {""id"": 3, ""name"": ""Film-Noir""}]",,330846,"[{""id"": 1, ""name"": ""crime""}, {""id"": 2, ""name"": ""drama""}, {""id"": 3, ""name"": ""film-noir""}]",en,Shack Out on 101,"An isolated diner on California's 101 highway provides the backdrop of the story involving nuclear secrets, foreign spies and federal agents.",78.75,"[{""name"": ""Cinema Productions""}]","[{""name"": ""USA""}]",1955-01-01,65000000,115.0,"[{""name"": ""English""}]",Released,An extraordinary Crime story.,Shack Out on 101,6.3,1800
30000000,"[{""id"": 1, ""name"": ""Action""}, {""id"": 2, ""name"": ""Adventure""}, {""id"": 3, ""name"": ""Drama""}]",,330847,"[{""id"": 1, ""name"": ""action""}, {""id"": 2, ""name"": ""adventure""}, {""id"": 3, ""name"": ""drama""}]",en,The Ice Flood,"Jack De Quincy, an American graduate of Oxford, is still considered a wastrel playboy by his father, owner of a giant lumber company in the American northwest. To prove he is a man his ...                See full summary »",76.25,"[{""name"": ""Cinema Productions""}]","[{""name"": ""USA""}]",1926-01-01,65000000,115.0,"[{""name"": ""English""}]",Released,An extraordinary Action story.,The Ice Flood,6.1,1800
30000000,"[{""id"": 1, ""name"": ""Action""}, {""id"": 2, ""name"": ""Horror""}, {""id"": 3, ""name"": ""Sci-Fi""}]",,330848,"[{""id"": 1, ""name"": ""action""}, {""id"": 2, ""name"": ""horror""}, {""id"": 3, ""name"": ""sci-fi""}]",en,Messiah,"A fallen hero, with the power to resurrect the undead, must save the world from a deadly infection that has turned the world's population into undead savages.",72.5,"[{""name"": ""Cinema Productions""}]","[{""name"": ""USA""}]",2018-01-01,65000000,115.0,"[{""name"": ""English""}]",Released,An extraordinary Action story.,Messiah,5.8,1800
30000000,"[{""id"": 1, ""name"": ""Horror""}]",,330849,"[{""id"": 1, ""name"": ""horror""}]",en,Prom Dress,"The vintage dress Robin unearths doesn't seem deadly; it looks perfect for Prom. What she doesn't know is that the dress has a decades-old curse, which lures Robin and her group of friends ...                See full summary »",90.0,"[{""name"": ""Cinema Productions""}]","[{""name"": ""USA""}]",2015-01-01,65000000,115.0,"[{""name"": ""English""}]",Released,An extraordinary Horror story.,Prom Dress,7.2,1800
30000000,"[{""id"": 1, ""name"": ""Sci-Fi""}]",,330850,"[{""id"": 1, ""name"": ""sci-fi""}]",en,space//space,"Dubbed ""Waiting for Godot in Space"" by the New York Times' Jason Zinoman, the 2012 theatrical production of Space//Space serves as a launchpad for this cinematic reiteration. Galvanized by ...                See full summary »",90.0,"[{""name"": ""Cinema Productions""}]","[{""name"": ""USA""}]",2023-01-01,65000000,115.0,"[{""name"": ""English""}]",Released,An extraordinary Sci-Fi story.,space//space,7.2,1800
30000000,"[{""id"": 1, ""name"": ""Drama""}, {""id"": 2, ""name"": ""Romance""}]",,330851,"[{""id"": 1, ""name"": ""drama""}, {""id"": 2, ""name"": ""romance""}]",en,Dhumas,"Dhumas is a Marathi movie starring Vishal Nikkam, Krutika Gaikwad, Gopichand Padalkar in prominent roles. It is a drama directed by Shivaji Doltade.",92.5,"[{""name"": ""Cinema Productions""}]","[{""name"": ""USA""}]",2019-01-01,65000000,115.0,"[{""name"": ""English""}]",Released,An extraordinary Drama story.,Dhumas,7.4,1800
30000000,"[{""id"": 1, ""name"": ""Action""}]",,330852,"[{""id"": 1, ""name"": ""action""}]",en,Michael Zero,"The high-concept sci-fi action-thriller follows Michael Redmayne, who is forced to hunt down and kill his clones after they desert the war they were created to fight in order to wage one of their own against the corporation that made them.",90.0,"[{""name"": ""Cinema Productions""}]","[{""name"": ""USA""}]",2015-01-01,65000000,115.0,"[{""name"": ""English""}]",Released,An extraordinary Action story.,Michael Zero,7.2,1800
30000000,"[{""id"": 1, ""name"": ""Action""}, {""id"": 2, ""name"": ""Crime""}]",,330853,"[{""id"": 1, ""name"": ""action""}, {""id"": 2, ""name"": ""crime""}]",en,The Runners,"When his little sister is abducted from a homecoming after-party in rural East Texas, Ryan is in a race against the clock to save her before she disappears into the underworld of sex trafficking forever.",71.25,"[{""name"": ""Cinema Productions""}]","[{""name"": ""USA""}]",2020-01-01,65000000,115.0,"[{""name"": ""English""}]",Released,An extraordinary Action story.,The Runners,5.7,1800
30000000,"[{""id"": 1, ""name"": ""Comedy""}, {""id"": 2, ""name"": ""Drama""}, {""id"": 3, ""name"": ""Family""}]",,330854,"[{""id"": 1, ""name"": ""comedy""}, {""id"": 2, ""name"": ""drama""}, {""id"": 3, ""name"": ""family""}]",en,The Poor Little Rich Girl,The wealthy but selfish parents of a lonely young girl begin to rethink what is important to them after a servant's irresponsibility results in a crisis.,83.75,"[{""name"": ""Cinema Productions""}]","[{""name"": ""USA""}]",1917-01-01,65000000,115.0,"[{""name"": ""English""}]",Released,An extraordinary Comedy story.,The Poor Little Rich Girl,6.7,1800
30000000,"[{""id"": 1, ""name"": ""Adventure""}, {""id"": 2, ""name"": ""Fantasy""}, {""id"": 3, ""name"": ""Horror""}]",,330855,"[{""id"": 1, ""name"": ""adventure""}, {""id"": 2, ""name"": ""fantasy""}, {""id"": 3, ""name"": ""horror""}]",en,Lwa: All Saints' Eve,"Monique Valliere, a young businesswoman in modern New Orleans, is lured into a deadly confrontation with a ruthless sorceress who conjures the dark spirits of voodoo in the eerie swamps of Louisiana.",72.5,"[{""name"": ""Cinema Productions""}]","[{""name"": ""USA""}]",2020-01-01,65000000,115.0,"[{""name"": ""English""}]",Released,An extraordinary Adventure story.,Lwa: All Saints' Eve,5.8,1800
30000000,"[{""id"": 1, ""name"": ""Action""}, {""id"": 2, ""name"": ""Drama""}, {""id"": 3, ""name"": ""Romance""}]",,330856,"[{""id"": 1, ""name"": ""action""}, {""id"": 2, ""name"": ""drama""}, {""id"": 3, ""name"": ""romance""}]",en,Mina's Choice,Mehran and Mina are a happy couple but face a problem when Mina is absorbed toward a terrorist group Monafeghin. Mehran who is a reporter becomes suspicious of her when a chemical bomb is dropped over the place in which she is studying.,57.5,"[{""name"": ""Cinema Productions""}]","[{""name"": ""USA""}]",2016-01-01,65000000,115.0,"[{""name"": ""English""}]",Released,An extraordinary Action story.,Mina's Choice,4.6,1800
30000000,"[{""id"": 1, ""name"": ""Action""}]",,330857,"[{""id"": 1, ""name"": ""action""}]",en,Crazy Beggar SuQiEr,"Su Can, Principal Graduate in Martial Arts, accidentally loses his memory in the fight against the opium seller, the Tianmen Sect, and becomes a homeless beggar called SuQiEr. Jinzhi and ...                See full summary »",92.5,"[{""name"": ""Cinema Productions""}]","[{""name"": ""USA""}]",2020-01-01,65000000,115.0,"[{""name"": ""English""}]",Released,An extraordinary Action story.,Crazy Beggar SuQiEr,7.4,1800
30000000,"[{""id"": 1, ""name"": ""Horror""}, {""id"": 2, ""name"": ""Mystery""}]",,330858,"[{""id"": 1, ""name"": ""horror""}, {""id"": 2, ""name"": ""mystery""}]",en,The Unhaunted,A classical pianist's chilling first-person account of an unexplained and terrifying supernatural being. Based on actual video diary footage of the events.,90.0,"[{""name"": ""Cinema Productions""}]","[{""name"": ""USA""}]",2019-01-01,65000000,115.0,"[{""name"": ""English""}]",Released,An extraordinary Horror story.,The Unhaunted,7.2,1800
30000000,"[{""id"": 1, ""name"": ""Action""}, {""id"": 2, ""name"": ""Adventure""}, {""id"": 3, ""name"": ""Sci-Fi""}]",,330859,"[{""id"": 1, ""name"": ""action""}, {""id"": 2, ""name"": ""adventure""}, {""id"": 3, ""name"": ""sci-fi""}]",en,After Earth,"A crash landing leaves Kitai Raige and his father Cypher stranded on Earth, a millennium after events forced humanity's escape. With Cypher injured, Kitai must embark on a perilous journey to signal for help.",60.0,"[{""name"": ""Cinema Productions""}]","[{""name"": ""USA""}]",2013-01-01,65000000,115.0,"[{""name"": ""English""}]",Released,An extraordinary Action story.,After Earth,4.8,1800
30000000,"[{""id"": 1, ""name"": ""Action""}, {""id"": 2, ""name"": ""Crime""}, {""id"": 3, ""name"": ""Drama""}]",,330860,"[{""id"": 1, ""name"": ""action""}, {""id"": 2, ""name"": ""crime""}, {""id"": 3, ""name"": ""drama""}]",en,Swelter,"Ten years after their casino heist, four escaped convicts trace their former partner to a desert town, where he is now a lawman with no memory of his criminal past.",56.25,"[{""name"": ""Cinema Productions""}]","[{""name"": ""USA""}]",2014-01-01,65000000,115.0,"[{""name"": ""English""}]",Released,An extraordinary Action story.,Swelter,4.5,1800
30000000,"[{""id"": 1, ""name"": ""Biography""}, {""id"": 2, ""name"": ""Drama""}, {""id"": 3, ""name"": ""Music""}]",,330861,"[{""id"": 1, ""name"": ""biography""}, {""id"": 2, ""name"": ""drama""}, {""id"": 3, ""name"": ""music""}]",en,The Way to Mandalay,John Mogensen's (1928-77) private and professional life as a Danish musician.,81.25,"[{""name"": ""Cinema Productions""}]","[{""name"": ""USA""}]",2018-01-01,65000000,115.0,"[{""name"": ""English""}]",Released,An extraordinary Biography story.,The Way to Mandalay,6.5,1800
30000000,"[{""id"": 1, ""name"": ""Comedy""}, {""id"": 2, ""name"": ""Romance""}, {""id"": 3, ""name"": ""Sci-Fi""}]",,330862,"[{""id"": 1, ""name"": ""comedy""}, {""id"": 2, ""name"": ""romance""}, {""id"": 3, ""name"": ""sci-fi""}]",en,"Science Fell in Love, So I Tried to Prove It",Shinya Yukimura and Ayame Himuro are two scientists that want to find out if love can be solved by a scientific theory. These two scientists also have feelings for each other and want to be...                See full summary »,36.25,"[{""name"": ""Cinema Productions""}]","[{""name"": ""USA""}]",2019-01-01,65000000,115.0,"[{""name"": ""English""}]",Released,An extraordinary Comedy story.,"Science Fell in Love, So I Tried to Prove It",2.9,1800
30000000,"[{""id"": 1, ""name"": ""Drama""}, {""id"": 2, ""name"": ""Romance""}, {""id"": 3, ""name"": ""War""}]",,330863,"[{""id"": 1, ""name"": ""drama""}, {""id"": 2, ""name"": ""romance""}, {""id"": 3, ""name"": ""war""}]",en,The Cranes Are Flying,"Veronica plans a rendezvous with her lover, Boris, at the bank of river, only for him to be drafted into World War II shortly thereafter.",103.75,"[{""name"": ""Cinema Productions""}]","[{""name"": ""USA""}]",1957-01-01,65000000,115.0,"[{""name"": ""English""}]",Released,An extraordinary Drama story.,The Cranes Are Flying,8.3,1800
30000000,"[{""id"": 1, ""name"": ""Drama""}, {""id"": 2, ""name"": ""Horror""}, {""id"": 3, ""name"": ""Mystery""}]",,330864,"[{""id"": 1, ""name"": ""drama""}, {""id"": 2, ""name"": ""horror""}, {""id"": 3, ""name"": ""mystery""}]",en,Collective: Unconscious,Five filmmakers turn each others' dreams into short films.,72.5,"[{""name"": ""Cinema Productions""}]","[{""name"": ""USA""}]",2016-01-01,65000000,115.0,"[{""name"": ""English""}]",Released,An extraordinary Drama story.,Collective: Unconscious,5.8,1800
30000000,"[{""id"": 1, ""name"": ""Action""}, {""id"": 2, ""name"": ""Horror""}, {""id"": 3, ""name"": ""Mystery""}]",,330865,"[{""id"": 1, ""name"": ""action""}, {""id"": 2, ""name"": ""horror""}, {""id"": 3, ""name"": ""mystery""}]",en,The Sadist,"A combat veteran, with serious psychological damage, stalks campers and hunters in the woods.",56.25,"[{""name"": ""Cinema Productions""}]","[{""name"": ""USA""}]",2015-01-01,65000000,115.0,"[{""name"": ""English""}]",Released,An extraordinary Action story.,The Sadist,4.5,1800
30000000,"[{""id"": 1, ""name"": ""Animation""}]",,330866,"[{""id"": 1, ""name"": ""animation""}]",en,The Weird Kidz,Animated Film Directed By ZP.,90.0,"[{""name"": ""Cinema Productions""}]","[{""name"": ""USA""}]",2015-01-01,65000000,115.0,"[{""name"": ""English""}]",Released,An extraordinary Animation story.,The Weird Kidz,7.2,1800
30000000,"[{""id"": 1, ""name"": ""Comedy""}, {""id"": 2, ""name"": ""Fantasy""}, {""id"": 3, ""name"": ""Romance""}]",,330867,"[{""id"": 1, ""name"": ""comedy""}, {""id"": 2, ""name"": ""fantasy""}, {""id"": 3, ""name"": ""romance""}]",en,What Women Want,"A cocky, chauvinistic advertising executive magically acquires the ability to hear what women are thinking.",80.0,"[{""name"": ""Cinema Productions""}]","[{""name"": ""USA""}]",2000-01-01,65000000,115.0,"[{""name"": ""English""}]",Released,An extraordinary Comedy story.,What Women Want,6.4,1800
30000000,"[{""id"": 1, ""name"": ""Crime""}, {""id"": 2, ""name"": ""Mystery""}, {""id"": 3, ""name"": ""Romance""}]",,330868,"[{""id"": 1, ""name"": ""crime""}, {""id"": 2, ""name"": ""mystery""}, {""id"": 3, ""name"": ""romance""}]",en,A Força dos Sentidos,"A writer moves to an isolated beach house to write a new book, and gradually gets involved with his odd new neighbors.",90.0,"[{""name"": ""Cinema Productions""}]","[{""name"": ""USA""}]",1978-01-01,65000000,115.0,"[{""name"": ""English""}]",Released,An extraordinary Crime story.,A Força dos Sentidos,7.2,1800
30000000,"[{""id"": 1, ""name"": ""Drama""}, {""id"": 2, ""name"": ""Fantasy""}, {""id"": 3, ""name"": ""Musical""}]",,330869,"[{""id"": 1, ""name"": ""drama""}, {""id"": 2, ""name"": ""fantasy""}, {""id"": 3, ""name"": ""musical""}]",en,Lekin...,"Samir Niyogi lives in India and is assigned by the Government to travel to Rajasthan, evaluate a princely castle that once belonged to Raja Param Singh, take stock of all items, the ...                See full summary »",98.75,"[{""name"": ""Cinema Productions""}]","[{""name"": ""USA""}]",1990-01-01,65000000,115.0,"[{""name"": ""English""}]",Released,An extraordinary Drama story.,Lekin...,7.9,1800
30000000,"[{""id"": 1, ""name"": ""Horror""}, {""id"": 2, ""name"": ""Thriller""}]",,330870,"[{""id"": 1, ""name"": ""horror""}, {""id"": 2, ""name"": ""thriller""}]",en,Alex's Apartment,"After a woman moves in to a Victorian apartment, she soon suspects her neighbour of murder.",80.0,"[{""name"": ""Cinema Productions""}]","[{""name"": ""USA""}]",1992-01-01,65000000,115.0,"[{""name"": ""English""}]",Released,An extraordinary Horror story.,Alex's Apartment,6.4,1800
30000000,"[{""id"": 1, ""name"": ""Crime""}, {""id"": 2, ""name"": ""Horror""}, {""id"": 3, ""name"": ""Thriller""}]",,330871,"[{""id"": 1, ""name"": ""crime""}, {""id"": 2, ""name"": ""horror""}, {""id"": 3, ""name"": ""thriller""}]",en,The Perfect Witness,"Mickey is about to get his big break as an amateur filmmaker, from a serial killer who turns him and his camera into 'the perfect witness'.",68.75,"[{""name"": ""Cinema Productions""}]","[{""name"": ""USA""}]",2007-01-01,65000000,115.0,"[{""name"": ""English""}]",Released,An extraordinary Crime story.,The Perfect Witness,5.5,1800
30000000,"[{""id"": 1, ""name"": ""Drama""}, {""id"": 2, ""name"": ""Fantasy""}]",,330872,"[{""id"": 1, ""name"": ""drama""}, {""id"": 2, ""name"": ""fantasy""}]",en,Logoi kai amartimata,"A mentally ill poet with a pious nurse at his side, prepares for his demise by creating his spiritual will. He ""sets up"" in his imagination and with the help of the nurse, a play about the ...                See full summary »",93.75,"[{""name"": ""Cinema Productions""}]","[{""name"": ""USA""}]",2004-01-01,65000000,115.0,"[{""name"": ""English""}]",Released,An extraordinary Drama story.,Logoi kai amartimata,7.5,1800
30000000,"[{""id"": 1, ""name"": ""Crime""}, {""id"": 2, ""name"": ""Mystery""}, {""id"": 3, ""name"": ""Thriller""}]",,330873,"[{""id"": 1, ""name"": ""crime""}, {""id"": 2, ""name"": ""mystery""}, {""id"": 3, ""name"": ""thriller""}]",en,The Shadow Behind You,"When the hurricane shuts down the ferry, a film team gets stuck in an isolated island hospital, known for a silent psychological war between the inmates and the staff.",43.75,"[{""name"": ""Cinema Productions""}]","[{""name"": ""USA""}]",2015-01-01,65000000,115.0,"[{""name"": ""English""}]",Released,An extraordinary Crime story.,The Shadow Behind You,3.5,1800
30000000,"[{""id"": 1, ""name"": ""Action""}, {""id"": 2, ""name"": ""Drama""}]",,330874,"[{""id"": 1, ""name"": ""action""}, {""id"": 2, ""name"": ""drama""}]",en,White Fury,Two ruthless criminals take two teenage couples hostage at a remote mountain cabin in Colorado following a botched bank robbery.,43.75,"[{""name"": ""Cinema Productions""}]","[{""name"": ""USA""}]",1989-01-01,65000000,115.0,"[{""name"": ""English""}]",Released,An extraordinary Action story.,White Fury,3.5,1800
30000000,"[{""id"": 1, ""name"": ""Drama""}, {""id"": 2, ""name"": ""Romance""}]",,330875,"[{""id"": 1, ""name"": ""drama""}, {""id"": 2, ""name"": ""romance""}]",en,Mizhi Thurakku,A Malayalam romantic melodrama directed by Santhosh Souparnika.,90.0,"[{""name"": ""Cinema Productions""}]","[{""name"": ""USA""}]",2014-01-01,65000000,115.0,"[{""name"": ""English""}]",Released,An extraordinary Drama story.,Mizhi Thurakku,7.2,1800
30000000,"[{""id"": 1, ""name"": ""Drama""}, {""id"": 2, ""name"": ""Romance""}, {""id"": 3, ""name"": ""Thriller""}]",,330876,"[{""id"": 1, ""name"": ""drama""}, {""id"": 2, ""name"": ""romance""}, {""id"": 3, ""name"": ""thriller""}]",en,Veronika,"A dark psychological romantic thriller, Veronika is a journey through the darkest recesses of a broken mind. It might be described as a cross between the films Memento and Unfaithful....                See full synopsis »",90.0,"[{""name"": ""Cinema Productions""}]","[{""name"": ""USA""}]",2015-01-01,65000000,115.0,"[{""name"": ""English""}]",Released,An extraordinary Drama story.,Veronika,7.2,1800
30000000,"[{""id"": 1, ""name"": ""Horror""}]",,330877,"[{""id"": 1, ""name"": ""horror""}]",en,City of the Vampires,"A gory & violent take on ""Night of the Living Dead"", only with vampires.",52.5,"[{""name"": ""Cinema Productions""}]","[{""name"": ""USA""}]",1993-01-01,65000000,115.0,"[{""name"": ""English""}]",Released,An extraordinary Horror story.,City of the Vampires,4.2,1800
30000000,"[{""id"": 1, ""name"": ""Adventure""}, {""id"": 2, ""name"": ""Crime""}, {""id"": 3, ""name"": ""Drama""}]",,330878,"[{""id"": 1, ""name"": ""adventure""}, {""id"": 2, ""name"": ""crime""}, {""id"": 3, ""name"": ""drama""}]",en,Ring of Fire,"In the 1960s Oregon, two sheriff deputies arrest three teenagers for robbery but are overpowered and taken hostage while forest fires rage all around them.",77.5,"[{""name"": ""Cinema Productions""}]","[{""name"": ""USA""}]",1961-01-01,65000000,115.0,"[{""name"": ""English""}]",Released,An extraordinary Adventure story.,Ring of Fire,6.2,1800
30000000,"[{""id"": 1, ""name"": ""Drama""}, {""id"": 2, ""name"": ""Comedy""}, {""id"": 3, ""name"": ""Action""}]",,330879,"[{""id"": 1, ""name"": ""drama""}, {""id"": 2, ""name"": ""comedy""}, {""id"": 3, ""name"": ""action""}]",en,Süd. Grenze,"One time you find yourself in a park, on a bench, looking into space, and for a second you forget which country you are in, whether it's morning or evening; you are pierced by a pang of ...                See full summary »",98.75,"[{""name"": ""Cinema Productions""}]","[{""name"": ""USA""}]",2001-01-01,65000000,115.0,"[{""name"": ""English""}]",Released,An extraordinary Drama story.,Süd. Grenze,7.9,1800
30000000,"[{""id"": 1, ""name"": ""Comedy""}, {""id"": 2, ""name"": ""Family""}]",,330880,"[{""id"": 1, ""name"": ""comedy""}, {""id"": 2, ""name"": ""family""}]",en,House Arrest,"Desperate to keep their various parents from getting divorced, a group of children kidnaps them and holds them prisoner in a basement to force them to reconcile.",71.25,"[{""name"": ""Cinema Productions""}]","[{""name"": ""USA""}]",1996-01-01,65000000,115.0,"[{""name"": ""English""}]",Released,An extraordinary Comedy story.,House Arrest,5.7,1800
30000000,"[{""id"": 1, ""name"": ""Action""}]",,330881,"[{""id"": 1, ""name"": ""action""}]",en,Wan fa gui zong yi Shao Lin,"Prince Chien Lung, who soon became the Ching Dynasty's most famous and far-reaching emperor, travels with his bodyguard to locate a secret document offering evidence of the prince's Han ...                See full summary »",68.75,"[{""name"": ""Cinema Productions""}]","[{""name"": ""USA""}]",1976-01-01,65000000,115.0,"[{""name"": ""English""}]",Released,An extraordinary Action story.,Wan fa gui zong yi Shao Lin,5.5,1800
30000000,"[{""id"": 1, ""name"": ""Fantasy""}]",,330882,"[{""id"": 1, ""name"": ""fantasy""}]",en,Feystrom,"Kaj discovers that his family has kept a dark secret that now, not only threatens his life, but all life on earth. Will he accept his fate foretold centuries ago and allow a great evil to reign?",90.0,"[{""name"": ""Cinema Productions""}]","[{""name"": ""USA""}]",2015-01-01,65000000,115.0,"[{""name"": ""English""}]",Released,An extraordinary Fantasy story.,Feystrom,7.2,1800
30000000,"[{""id"": 1, ""name"": ""Crime""}, {""id"": 2, ""name"": ""Drama""}, {""id"": 3, ""name"": ""Thriller""}]",,330883,"[{""id"": 1, ""name"": ""crime""}, {""id"": 2, ""name"": ""drama""}, {""id"": 3, ""name"": ""thriller""}]",en,Suburra,"A gangster known as ""Samurai"" wants to turn the waterfront of Rome into a new Las Vegas. All the local mob bosses have agreed to work for this common goal. But peace is not to last long.",92.5,"[{""name"": ""Cinema Productions""}]","[{""name"": ""USA""}]",2015-01-01,65000000,115.0,"[{""name"": ""English""}]",Released,An extraordinary Crime story.,Suburra,7.4,1800
30000000,"[{""id"": 1, ""name"": ""Thriller""}]",,330884,"[{""id"": 1, ""name"": ""thriller""}]",en,Bloodtype,"A white collar gamer is recruited by a band of activists who accuse his financial firm of horrific crimes. Ensnared inside a corrupt system of organ trafficking, he must come to grips with his cowardice and decide what side he's really on.",90.0,"[{""name"": ""Cinema Productions""}]","[{""name"": ""USA""}]",2015-01-01,65000000,115.0,"[{""name"": ""English""}]",Released,An extraordinary Thriller story.,Bloodtype,7.2,1800
30000000,"[{""id"": 1, ""name"": ""Crime""}, {""id"": 2, ""name"": ""Mystery""}]",,330885,"[{""id"": 1, ""name"": ""crime""}, {""id"": 2, ""name"": ""mystery""}]",en,The Mystic Hour,A hero in a robbery comes up against a crime boss and the crooked guardian of the girl he loves.,57.5,"[{""name"": ""Cinema Productions""}]","[{""name"": ""USA""}]",1933-01-01,65000000,115.0,"[{""name"": ""English""}]",Released,An extraordinary Crime story.,The Mystic Hour,4.6,1800
30000000,"[{""id"": 1, ""name"": ""Comedy""}, {""id"": 2, ""name"": ""Drama""}, {""id"": 3, ""name"": ""Family""}]",,330886,"[{""id"": 1, ""name"": ""comedy""}, {""id"": 2, ""name"": ""drama""}, {""id"": 3, ""name"": ""family""}]",en,Bach et Bottine,"Fanny is a young orphan girl who is sent to live with her detached Uncle Jonathan when her grandmother enters a nursing home. As Jonathan prepares for an organ recital of music by Bach, he ...                See full summary »",82.5,"[{""name"": ""Cinema Productions""}]","[{""name"": ""USA""}]",1986-01-01,65000000,115.0,"[{""name"": ""English""}]",Released,An extraordinary Comedy story.,Bach et Bottine,6.6,1800
30000000,"[{""id"": 1, ""name"": ""Thriller""}]",,330887,"[{""id"": 1, ""name"": ""thriller""}]",en,Cheot sonnim,"A young doctor, Seo Dong-jun, opens a clinic using his wife's money. He is horrified, however, when his first patient is a woman he thought he had killed years earlier by pushing from a ...                See full summary »",90.0,"[{""name"": ""Cinema Productions""}]","[{""name"": ""USA""}]",1974-01-01,65000000,115.0,"[{""name"": ""English""}]",Released,An extraordinary Thriller story.,Cheot sonnim,7.2,1800
30000000,"[{""id"": 1, ""name"": ""Thriller""}]",,330888,"[{""id"": 1, ""name"": ""thriller""}]",en,X-The Killer's Theory,THE MOVIE IS NARRATED IN A BLACK COMEDY PATTERN WITH A SUSPENSE ANGLE TO IT. X's Identity will not be revealed till the end of the movie.,90.0,"[{""name"": ""Cinema Productions""}]","[{""name"": ""USA""}]",2015-01-01,65000000,115.0,"[{""name"": ""English""}]",Released,An extraordinary Thriller story.,X-The Killer's Theory,7.2,1800
30000000,"[{""id"": 1, ""name"": ""Drama""}, {""id"": 2, ""name"": ""Romance""}, {""id"": 3, ""name"": ""War""}]",,330889,"[{""id"": 1, ""name"": ""drama""}, {""id"": 2, ""name"": ""romance""}, {""id"": 3, ""name"": ""war""}]",en,Soldier's Joy,"Set against the backdrop of the Civil War, star-crossed lovers fight against events, circumstances and strange happenings, which conspire to keep them apart.",95.0,"[{""name"": ""Cinema Productions""}]","[{""name"": ""USA""}]",2018-01-01,65000000,115.0,"[{""name"": ""English""}]",Released,An extraordinary Drama story.,Soldier's Joy,7.6,1800
30000000,"[{""id"": 1, ""name"": ""Sci-Fi""}]",,330890,"[{""id"": 1, ""name"": ""sci-fi""}]",en,Meals on Wheels,A group of post apocalyptic survivors come to grips with their own priorities while running through the desert from blood thirsty zombies.,90.0,"[{""name"": ""Cinema Productions""}]","[{""name"": ""USA""}]",2015-01-01,65000000,115.0,"[{""name"": ""English""}]",Released,An extraordinary Sci-Fi story.,Meals on Wheels,7.2,1800
30000000,"[{""id"": 1, ""name"": ""Sci-Fi""}]",,330891,"[{""id"": 1, ""name"": ""sci-fi""}]",en,Encounters,Two childhood friends reunite to reminisce but things go awry when an enchanting extraterrestrial crashes near their cabin and they must race to elude a pair of sinister officials while being drawn into an interstellar conflict.,90.0,"[{""name"": ""Cinema Productions""}]","[{""name"": ""USA""}]",2015-01-01,65000000,115.0,"[{""name"": ""English""}]",Released,An extraordinary Sci-Fi story.,Encounters,7.2,1800
30000000,"[{""id"": 1, ""name"": ""Drama""}, {""id"": 2, ""name"": ""History""}, {""id"": 3, ""name"": ""Romance""}]",,330892,"[{""id"": 1, ""name"": ""drama""}, {""id"": 2, ""name"": ""history""}, {""id"": 3, ""name"": ""romance""}]",en,Love or a Kingdom,"Barbara Radziwillówna, the daughter of the noble house of Radziwill, accidentally meets the future Polish king Zygmunt August under embarrassing circumstances. She introduces herself as a ...                See full summary »",73.75,"[{""name"": ""Cinema Productions""}]","[{""name"": ""USA""}]",1936-01-01,65000000,115.0,"[{""name"": ""English""}]",Released,An extraordinary Drama story.,Love or a Kingdom,5.9,1800
30000000,"[{""id"": 1, ""name"": ""Horror""}, {""id"": 2, ""name"": ""Mystery""}, {""id"": 3, ""name"": ""Romance""}]",,330893,"[{""id"": 1, ""name"": ""horror""}, {""id"": 2, ""name"": ""mystery""}, {""id"": 3, ""name"": ""romance""}]",en,Raaz Reboot,"The fourth installment of a horror series that explores secrets, mysteries and human frailties.",55.0,"[{""name"": ""Cinema Productions""}]","[{""name"": ""USA""}]",2016-01-01,65000000,115.0,"[{""name"": ""English""}]",Released,An extraordinary Horror story.,Raaz Reboot,4.4,1800
30000000,"[{""id"": 1, ""name"": ""Adventure""}, {""id"": 2, ""name"": ""History""}]",,330894,"[{""id"": 1, ""name"": ""adventure""}, {""id"": 2, ""name"": ""history""}]",en,Samson und Delila,"One of the first epic films made in Austria, as in some of the similar Cecil B De Mille entries, a fusion of a biblical story with a modern update.",72.5,"[{""name"": ""Cinema Productions""}]","[{""name"": ""USA""}]",1922-01-01,65000000,115.0,"[{""name"": ""English""}]",Released,An extraordinary Adventure story.,Samson und Delila,5.8,1800
30000000,"[{""id"": 1, ""name"": ""Horror""}, {""id"": 2, ""name"": ""Mystery""}, {""id"": 3, ""name"": ""Thriller""}]",,330895,"[{""id"": 1, ""name"": ""horror""}, {""id"": 2, ""name"": ""mystery""}, {""id"": 3, ""name"": ""thriller""}]",en,The Vardøger,"When Jack Gibson inexplicably finds himself in an abandoned hospital, a terrifying mystery has begun. Unable to escape, Jack and his fellow ""residents"" attempt to unravel the clues as to ...                See full summary »",90.0,"[{""name"": ""Cinema Productions""}]","[{""name"": ""USA""}]",2015-01-01,65000000,115.0,"[{""name"": ""English""}]",Released,An extraordinary Horror story.,The Vardøger,7.2,1800
30000000,"[{""id"": 1, ""name"": ""Fantasy""}]",,330896,"[{""id"": 1, ""name"": ""fantasy""}]",en,Madame X: An Absolute Ruler,"Several women, all bored with their menial lives, join a lesbian pirate ship and set sail on a kooky adventure.",62.5,"[{""name"": ""Cinema Productions""}]","[{""name"": ""USA""}]",1978-01-01,65000000,115.0,"[{""name"": ""English""}]",Released,An extraordinary Fantasy story.,Madame X: An Absolute Ruler,5.0,1800
30000000,"[{""id"": 1, ""name"": ""Animation""}, {""id"": 2, ""name"": ""Action""}, {""id"": 3, ""name"": ""Drama""}]",,330897,"[{""id"": 1, ""name"": ""animation""}, {""id"": 2, ""name"": ""action""}, {""id"": 3, ""name"": ""drama""}]",en,Blame!,"In the distant future, humans are declared ""illegal residents"" and hunted to near extinction by murderous robots. One day, a group of human scavengers come across a strange man named Killy, who may be the key to humanity's survival.",82.5,"[{""name"": ""Cinema Productions""}]","[{""name"": ""USA""}]",2017-01-01,65000000,115.0,"[{""name"": ""English""}]",Released,An extraordinary Animation story.,Blame!,6.6,1800
30000000,"[{""id"": 1, ""name"": ""Crime""}, {""id"": 2, ""name"": ""Music""}, {""id"": 3, ""name"": ""Mystery""}]",,330898,"[{""id"": 1, ""name"": ""crime""}, {""id"": 2, ""name"": ""music""}, {""id"": 3, ""name"": ""mystery""}]",en,Rendezvous at Midnight,"There are plenty of suspects when an unscrupulous, blackmailing businessman turns up dead, especially the Police Commissioner's current paramour, who actually confessed to the killing before it was committed.",71.25,"[{""name"": ""Cinema Productions""}]","[{""name"": ""USA""}]",1935-01-01,65000000,115.0,"[{""name"": ""English""}]",Released,An extraordinary Crime story.,Rendezvous at Midnight,5.7,1800
30000000,"[{""id"": 1, ""name"": ""Sci-Fi""}]",,330899,"[{""id"": 1, ""name"": ""sci-fi""}]",en,Syd and Chloe and the Myriad Worlds,"Syd and Chloe are chasing a psychopathic traveler who must be stopped before he triggers another catastrophe, but their plans are diverted by the arrival of young woman who complicates everything.",90.0,"[{""name"": ""Cinema Productions""}]","[{""name"": ""USA""}]",2022-01-01,65000000,115.0,"[{""name"": ""English""}]",Released,An extraordinary Sci-Fi story.,Syd and Chloe and the Myriad Worlds,7.2,1800
30000000,"[{""id"": 1, ""name"": ""History""}]",,330900,"[{""id"": 1, ""name"": ""history""}]",en,The Confederate,"Georgia, 1864. Desperate to escape an arranged marriage to her brutal neighbor, Willa Randall disguises herself as a boy and joins the Confederate cavalry.",58.75,"[{""name"": ""Cinema Productions""}]","[{""name"": ""USA""}]",2018-01-01,65000000,115.0,"[{""name"": ""English""}]",Released,An extraordinary History story.,The Confederate,4.7,1800
30000000,"[{""id"": 1, ""name"": ""Drama""}, {""id"": 2, ""name"": ""Horror""}, {""id"": 3, ""name"": ""Mystery""}]",,330901,"[{""id"": 1, ""name"": ""drama""}, {""id"": 2, ""name"": ""horror""}, {""id"": 3, ""name"": ""mystery""}]",en,Door to the Other Side,A young couple awakens a terrible force when they attempt to socialize their reclusive neighbor.,50.0,"[{""name"": ""Cinema Productions""}]","[{""name"": ""USA""}]",2016-01-01,65000000,115.0,"[{""name"": ""English""}]",Released,An extraordinary Drama story.,Door to the Other Side,4.0,1800
30000000,"[{""id"": 1, ""name"": ""Action""}, {""id"": 2, ""name"": ""Adventure""}]",,330902,"[{""id"": 1, ""name"": ""action""}, {""id"": 2, ""name"": ""adventure""}]",en,Mission Impossible Versus the Mob,Jim Phelps leads the impossible Mission Force to smash the criminal syndicate whose head is Frank Wayne. Adapted from a TV series.,85.0,"[{""name"": ""Cinema Productions""}]","[{""name"": ""USA""}]",1969-01-01,65000000,115.0,"[{""name"": ""English""}]",Released,An extraordinary Action story.,Mission Impossible Versus the Mob,6.8,1800
30000000,"[{""id"": 1, ""name"": ""Animation""}, {""id"": 2, ""name"": ""Comedy""}, {""id"": 3, ""name"": ""Drama""}]",,330903,"[{""id"": 1, ""name"": ""animation""}, {""id"": 2, ""name"": ""comedy""}, {""id"": 3, ""name"": ""drama""}]",en,Anomalisa,A man crippled by the mundanity of his life experiences something out of the ordinary.,90.0,"[{""name"": ""Cinema Productions""}]","[{""name"": ""USA""}]",2015-01-01,65000000,115.0,"[{""name"": ""English""}]",Released,An extraordinary Animation story.,Anomalisa,7.2,1800
30000000,"[{""id"": 1, ""name"": ""Animation""}, {""id"": 2, ""name"": ""Adventure""}, {""id"": 3, ""name"": ""Drama""}]",,330904,"[{""id"": 1, ""name"": ""animation""}, {""id"": 2, ""name"": ""adventure""}, {""id"": 3, ""name"": ""drama""}]",en,Corto Maltese: Secret Court of the Arcanes,"In 1918, civil wars are tearing Russia and China apart. Laconic adventurer Corto Maltese is hired by a Chinese secret society to capture a train that's taking Tzar's gold abroad. His friend Rasputin joins him, but only hell awaits them.",83.75,"[{""name"": ""Cinema Productions""}]","[{""name"": ""USA""}]",2002-01-01,65000000,115.0,"[{""name"": ""English""}]",Released,An extraordinary Animation story.,Corto Maltese: Secret Court of the Arcanes,6.7,1800
30000000,"[{""id"": 1, ""name"": ""Comedy""}, {""id"": 2, ""name"": ""Drama""}, {""id"": 3, ""name"": ""Romance""}]",,330905,"[{""id"": 1, ""name"": ""comedy""}, {""id"": 2, ""name"": ""drama""}, {""id"": 3, ""name"": ""romance""}]",en,All About E,"A beautiful sexy DJ is forced to run when she stumbles on a stash of cash. Can she keep the money, conquer her demons, AND get the girl?",63.75,"[{""name"": ""Cinema Productions""}]","[{""name"": ""USA""}]",2015-01-01,65000000,115.0,"[{""name"": ""English""}]",Released,An extraordinary Comedy story.,All About E,5.1,1800
30000000,"[{""id"": 1, ""name"": ""Fantasy""}, {""id"": 2, ""name"": ""Adventure""}]",,330906,"[{""id"": 1, ""name"": ""fantasy""}, {""id"": 2, ""name"": ""adventure""}]",en,Chandu on the Magic Island,"On the mystic island of Lemuria, the cult of Ubasti seek the Egyptian Princess Nadji to sacrifice so that their goddess Ossana, whose soul resides in Nadji's body, may be resurrected by ...                See full summary »",56.25,"[{""name"": ""Cinema Productions""}]","[{""name"": ""USA""}]",1935-01-01,65000000,115.0,"[{""name"": ""English""}]",Released,An extraordinary Fantasy story.,Chandu on the Magic Island,4.5,1800
30000000,"[{""id"": 1, ""name"": ""Biography""}, {""id"": 2, ""name"": ""Drama""}]",,330907,"[{""id"": 1, ""name"": ""biography""}, {""id"": 2, ""name"": ""drama""}]",en,Untitled Robert Capa Project,"The story of Hungarian photojournalist Robert Capa, who captured renown images of The Spanish Civil War and World War II.",90.0,"[{""name"": ""Cinema Productions""}]","[{""name"": ""USA""}]",2015-01-01,65000000,115.0,"[{""name"": ""English""}]",Released,An extraordinary Biography story.,Untitled Robert Capa Project,7.2,1800
30000000,"[{""id"": 1, ""name"": ""Animation""}, {""id"": 2, ""name"": ""Drama""}, {""id"": 3, ""name"": ""History""}]",,330908,"[{""id"": 1, ""name"": ""animation""}, {""id"": 2, ""name"": ""drama""}, {""id"": 3, ""name"": ""history""}]",en,Bhagmati,A contemporary young woman who visits some historical place realizes that she and her boyfriend were Bhagmati and Qutb Shah in their previous life.,77.5,"[{""name"": ""Cinema Productions""}]","[{""name"": ""USA""}]",2005-01-01,65000000,115.0,"[{""name"": ""English""}]",Released,An extraordinary Animation story.,Bhagmati,6.2,1800
30000000,"[{""id"": 1, ""name"": ""Comedy""}, {""id"": 2, ""name"": ""Crime""}, {""id"": 3, ""name"": ""History""}]",,330909,"[{""id"": 1, ""name"": ""comedy""}, {""id"": 2, ""name"": ""crime""}, {""id"": 3, ""name"": ""history""}]",en,Operation Curveball,"The grotesque, at times even surreal, true story of how the Iraq war was started based on nothing but fake intelligence and the involvement of the German government and the German secret service.",86.25,"[{""name"": ""Cinema Productions""}]","[{""name"": ""USA""}]",2020-01-01,65000000,115.0,"[{""name"": ""English""}]",Released,An extraordinary Comedy story.,Operation Curveball,6.9,1800
30000000,"[{""id"": 1, ""name"": ""Action""}, {""id"": 2, ""name"": ""Adventure""}, {""id"": 3, ""name"": ""Crime""}]",,330910,"[{""id"": 1, ""name"": ""action""}, {""id"": 2, ""name"": ""adventure""}, {""id"": 3, ""name"": ""crime""}]",en,The Spider Returns,"The evil and masked ""Gargoyle"" is sabotaging all of America's industrial plants. It is up to the Spider to save the country.",76.25,"[{""name"": ""Cinema Productions""}]","[{""name"": ""USA""}]",1941-01-01,65000000,115.0,"[{""name"": ""English""}]",Released,An extraordinary Action story.,The Spider Returns,6.1,1800
30000000,"[{""id"": 1, ""name"": ""Horror""}]",,330911,"[{""id"": 1, ""name"": ""horror""}]",en,Killer!,A man is made insane by medical experiments and begins a murder and cannibalism spree.,77.5,"[{""name"": ""Cinema Productions""}]","[{""name"": ""USA""}]",1990-01-01,65000000,115.0,"[{""name"": ""English""}]",Released,An extraordinary Horror story.,Killer!,6.2,1800
30000000,"[{""id"": 1, ""name"": ""Drama""}, {""id"": 2, ""name"": ""Fantasy""}, {""id"": 3, ""name"": ""Romance""}]",,330912,"[{""id"": 1, ""name"": ""drama""}, {""id"": 2, ""name"": ""fantasy""}, {""id"": 3, ""name"": ""romance""}]",en,Love in 42.9,"A husband feels bored in his 9 year marriage. To add spice to his marriage, the husband composes a love letter to his wife. He doesn't sign the letter, thinking his wife would know who sent...                See full summary »",90.0,"[{""name"": ""Cinema Productions""}]","[{""name"": ""USA""}]",2013-01-01,65000000,115.0,"[{""name"": ""English""}]",Released,An extraordinary Drama story.,Love in 42.9,7.2,1800
30000000,"[{""id"": 1, ""name"": ""Drama""}, {""id"": 2, ""name"": ""Mystery""}, {""id"": 3, ""name"": ""Sci-Fi""}]",,330913,"[{""id"": 1, ""name"": ""drama""}, {""id"": 2, ""name"": ""mystery""}, {""id"": 3, ""name"": ""sci-fi""}]",en,Cloud Atlas,"An exploration of how the actions of individual lives impact one another in the past, present and future, as one soul is shaped from a killer into a hero, and an act of kindness ripples across centuries to inspire a revolution.",92.5,"[{""name"": ""Cinema Productions""}]","[{""name"": ""USA""}]",2012-01-01,65000000,115.0,"[{""name"": ""English""}]",Released,An extraordinary Drama story.,Cloud Atlas,7.4,1800
30000000,"[{""id"": 1, ""name"": ""Action""}, {""id"": 2, ""name"": ""Adventure""}, {""id"": 3, ""name"": ""Thriller""}]",,330914,"[{""id"": 1, ""name"": ""action""}, {""id"": 2, ""name"": ""adventure""}, {""id"": 3, ""name"": ""thriller""}]",en,From Russia with Love,James Bond willingly falls into an assassination plot involving a naive Russian beauty in order to retrieve a Soviet encryption device that was stolen by S.P.E.C.T.R.E.,92.5,"[{""name"": ""Cinema Productions""}]","[{""name"": ""USA""}]",1963-01-01,65000000,115.0,"[{""name"": ""English""}]",Released,An extraordinary Action story.,From Russia with Love,7.4,1800
30000000,"[{""id"": 1, ""name"": ""Action""}]",,330915,"[{""id"": 1, ""name"": ""action""}]",en,Machoman,A martial arts expert finds honor and success developing an unusual fighting style.,90.0,"[{""name"": ""Cinema Productions""}]","[{""name"": ""USA""}]",1980-01-01,65000000,115.0,"[{""name"": ""English""}]",Released,An extraordinary Action story.,Machoman,7.2,1800
30000000,"[{""id"": 1, ""name"": ""Action""}, {""id"": 2, ""name"": ""Crime""}, {""id"": 3, ""name"": ""Drama""}]",,330916,"[{""id"": 1, ""name"": ""action""}, {""id"": 2, ""name"": ""crime""}, {""id"": 3, ""name"": ""drama""}]",en,Neutron Battles the Karate Assassins,Superhero wrestler Neutron battles a gang of robotic assassins who use their hands and feet as deadly weapons.,67.5,"[{""name"": ""Cinema Productions""}]","[{""name"": ""USA""}]",1965-01-01,65000000,115.0,"[{""name"": ""English""}]",Released,An extraordinary Action story.,Neutron Battles the Karate Assassins,5.4,1800
30000000,"[{""id"": 1, ""name"": ""Drama""}, {""id"": 2, ""name"": ""Thriller""}]",,330917,"[{""id"": 1, ""name"": ""drama""}, {""id"": 2, ""name"": ""thriller""}]",en,Where Demons Hide,The life of a young psychiatrist with a confining medical condition changes when he meets a girl that means more to him than the pills. This sets off an unravelling chain of events fueled by vengeance and manipulation to acquire justice.,90.0,"[{""name"": ""Cinema Productions""}]","[{""name"": ""USA""}]",2019-01-01,65000000,115.0,"[{""name"": ""English""}]",Released,An extraordinary Drama story.,Where Demons Hide,7.2,1800
30000000,"[{""id"": 1, ""name"": ""Drama""}, {""id"": 2, ""name"": ""Thriller""}]",,330918,"[{""id"": 1, ""name"": ""drama""}, {""id"": 2, ""name"": ""thriller""}]",en,The Defilers,Two young thugs kidnap a young girl and keep her in the basement of an old warehouse where they forcibly make her their sex slave.,66.25,"[{""name"": ""Cinema Productions""}]","[{""name"": ""USA""}]",1965-01-01,65000000,115.0,"[{""name"": ""English""}]",Released,An extraordinary Drama story.,The Defilers,5.3,1800
30000000,"[{""id"": 1, ""name"": ""Animation""}, {""id"": 2, ""name"": ""Family""}]",,330919,"[{""id"": 1, ""name"": ""animation""}, {""id"": 2, ""name"": ""family""}]",en,Princess Emmy,"Princess Emmy is a young girl with a secret gift - she is the only one in the Kingdom of Kandis who can speak to horses. Up until now, life for Emmy has been wonderful: exploring and ...                See full summary »",75.0,"[{""name"": ""Cinema Productions""}]","[{""name"": ""USA""}]",2019-01-01,65000000,115.0,"[{""name"": ""English""}]",Released,An extraordinary Animation story.,Princess Emmy,6.0,1800
30000000,"[{""id"": 1, ""name"": ""Crime""}, {""id"": 2, ""name"": ""Drama""}, {""id"": 3, ""name"": ""Thriller""}]",,330920,"[{""id"": 1, ""name"": ""crime""}, {""id"": 2, ""name"": ""drama""}, {""id"": 3, ""name"": ""thriller""}]",en,The Red Spider,"When teenage boy Karol Kremer becomes an eyewitness of a brutal murder, he is not aware of how much influence that event will exert on his future.",75.0,"[{""name"": ""Cinema Productions""}]","[{""name"": ""USA""}]",2015-01-01,65000000,115.0,"[{""name"": ""English""}]",Released,An extraordinary Crime story.,The Red Spider,6.0,1800
30000000,"[{""id"": 1, ""name"": ""Action""}, {""id"": 2, ""name"": ""Sci-Fi""}]",,330921,"[{""id"": 1, ""name"": ""action""}, {""id"": 2, ""name"": ""sci-fi""}]",en,The Gene Generation,"Michelle, an assassin to a new breed of killers (DNA Hackers), finds she has greater obstacles in her life... Family.",52.5,"[{""name"": ""Cinema Productions""}]","[{""name"": ""USA""}]",2007-01-01,65000000,115.0,"[{""name"": ""English""}]",Released,An extraordinary Action story.,The Gene Generation,4.2,1800
30000000,"[{""id"": 1, ""name"": ""Biography""}]",,330922,"[{""id"": 1, ""name"": ""biography""}]",en,Marilyn Chambers My Story,The life story of Marilyn Chambers,90.0,"[{""name"": ""Cinema Productions""}]","[{""name"": ""USA""}]",2015-01-01,65000000,115.0,"[{""name"": ""English""}]",Released,An extraordinary Biography story.,Marilyn Chambers My Story,7.2,1800
30000000,"[{""id"": 1, ""name"": ""Horror""}, {""id"": 2, ""name"": ""Mystery""}, {""id"": 3, ""name"": ""Thriller""}]",,330923,"[{""id"": 1, ""name"": ""horror""}, {""id"": 2, ""name"": ""mystery""}, {""id"": 3, ""name"": ""thriller""}]",en,I Know You Killed Them,"Admitted to a remote psychiatric hospital, Sadie, a troubled teen and self-diagnosed psychic, decides to investigate the apparent suicides of fellow inpatients when haunted by premonitions of their murders.",90.0,"[{""name"": ""Cinema Productions""}]","[{""name"": ""USA""}]",2015-01-01,65000000,115.0,"[{""name"": ""English""}]",Released,An extraordinary Horror story.,I Know You Killed Them,7.2,1800
30000000,"[{""id"": 1, ""name"": ""Comedy""}, {""id"": 2, ""name"": ""Drama""}, {""id"": 3, ""name"": ""Mystery""}]",,330924,"[{""id"": 1, ""name"": ""comedy""}, {""id"": 2, ""name"": ""drama""}, {""id"": 3, ""name"": ""mystery""}]",en,The Hospital,A hospital's chief-of-staff struggles to find meaning in his life during a spate of staff deaths.,88.75,"[{""name"": ""Cinema Productions""}]","[{""name"": ""USA""}]",1971-01-01,65000000,115.0,"[{""name"": ""English""}]",Released,An extraordinary Comedy story.,The Hospital,7.1,1800
30000000,"[{""id"": 1, ""name"": ""Crime""}, {""id"": 2, ""name"": ""Drama""}, {""id"": 3, ""name"": ""Mystery""}]",,330925,"[{""id"": 1, ""name"": ""crime""}, {""id"": 2, ""name"": ""drama""}, {""id"": 3, ""name"": ""mystery""}]",en,Department Q: The Keeper of Lost Causes,"Police inspector Carl Mørck is put in charge of a department of cold cases, joined only by his assistant Assad. They dig into a case about a missing woman.",90.0,"[{""name"": ""Cinema Productions""}]","[{""name"": ""USA""}]",2013-01-01,65000000,115.0,"[{""name"": ""English""}]",Released,An extraordinary Crime story.,Department Q: The Keeper of Lost Causes,7.2,1800
30000000,"[{""id"": 1, ""name"": ""Action""}, {""id"": 2, ""name"": ""Crime""}, {""id"": 3, ""name"": ""Drama""}]",,330926,"[{""id"": 1, ""name"": ""action""}, {""id"": 2, ""name"": ""crime""}, {""id"": 3, ""name"": ""drama""}]",en,Kasme Vaade,"Amit is employed as a lecturer within a university and wholeheartedly loves Suman opting to get marry to her soon. Their only short-coming in life is Amit's younger brother, Raju, who they ...                See full summary »",80.0,"[{""name"": ""Cinema Productions""}]","[{""name"": ""USA""}]",1978-01-01,65000000,115.0,"[{""name"": ""English""}]",Released,An extraordinary Action story.,Kasme Vaade,6.4,1800
30000000,"[{""id"": 1, ""name"": ""Crime""}, {""id"": 2, ""name"": ""Drama""}]",,330927,"[{""id"": 1, ""name"": ""crime""}, {""id"": 2, ""name"": ""drama""}]",en,Dongpung,"Three friends who grew up together in an orphanage, pursue various paths in their adult lives. One of the men has become a public prosecutor determined to clean up the gangs of Seoul while another of the friends is the leader of a gang.",90.0,"[{""name"": ""Cinema Productions""}]","[{""name"": ""USA""}]",1973-01-01,65000000,115.0,"[{""name"": ""English""}]",Released,An extraordinary Crime story.,Dongpung,7.2,1800
30000000,"[{""id"": 1, ""name"": ""History""}, {""id"": 2, ""name"": ""Romance""}, {""id"": 3, ""name"": ""Sci-Fi""}]",,330928,"[{""id"": 1, ""name"": ""history""}, {""id"": 2, ""name"": ""romance""}, {""id"": 3, ""name"": ""sci-fi""}]",en,Szíriusz,"Based on the Hungarian writer Ferenc Herczeg's novel written in 1894, this film takes the viewers to the past of Hungary. Professor Sergius (Elemér Baló) insists that he invented a machine ...                See full synopsis »",78.75,"[{""name"": ""Cinema Productions""}]","[{""name"": ""USA""}]",1942-01-01,65000000,115.0,"[{""name"": ""English""}]",Released,An extraordinary History story.,Szíriusz,6.3,1800
30000000,"[{""id"": 1, ""name"": ""Comedy""}, {""id"": 2, ""name"": ""Family""}, {""id"": 3, ""name"": ""Fantasy""}]",,330929,"[{""id"": 1, ""name"": ""comedy""}, {""id"": 2, ""name"": ""family""}, {""id"": 3, ""name"": ""fantasy""}]",en,Frosty,"A fairy-tale about a conceited young man and a young woman with a tyrannical step-mother, who must overcome magical trials in order to be together.",78.75,"[{""name"": ""Cinema Productions""}]","[{""name"": ""USA""}]",1965-01-01,65000000,115.0,"[{""name"": ""English""}]",Released,An extraordinary Comedy story.,Frosty,6.3,1800
30000000,"[{""id"": 1, ""name"": ""Comedy""}, {""id"": 2, ""name"": ""Adventure""}, {""id"": 3, ""name"": ""Fantasy""}]",,330930,"[{""id"": 1, ""name"": ""comedy""}, {""id"": 2, ""name"": ""adventure""}, {""id"": 3, ""name"": ""fantasy""}]",en,Tangy Guacamole,"Spring break in Mexico takes an unexpected turn as three goofy guys, four gorgeous girls and a mysterious hitchhiker cross paths south of the border.",22.5,"[{""name"": ""Cinema Productions""}]","[{""name"": ""USA""}]",2003-01-01,65000000,115.0,"[{""name"": ""English""}]",Released,An extraordinary Comedy story.,Tangy Guacamole,1.8,1800
30000000,"[{""id"": 1, ""name"": ""Drama""}, {""id"": 2, ""name"": ""Thriller""}]",,330931,"[{""id"": 1, ""name"": ""drama""}, {""id"": 2, ""name"": ""thriller""}]",en,Eugenie de Sade,"Eugenie, a beautiful but shy young girl, has been living with her stepfather, Albert since her mother died when she was a baby. He is a famous writer specializing in stories of erotica. One...                See full summary »",70.0,"[{""name"": ""Cinema Productions""}]","[{""name"": ""USA""}]",1973-01-01,65000000,115.0,"[{""name"": ""English""}]",Released,An extraordinary Drama story.,Eugenie de Sade,5.6,1800
30000000,"[{""id"": 1, ""name"": ""Horror""}]",,330932,"[{""id"": 1, ""name"": ""horror""}]",en,I am Necessary,"A man brings himself into the lives of a young woman and her younger sister, to some serious, serious consequences.",90.0,"[{""name"": ""Cinema Productions""}]","[{""name"": ""USA""}]",2015-01-01,65000000,115.0,"[{""name"": ""English""}]",Released,An extraordinary Horror story.,I am Necessary,7.2,1800
30000000,"[{""id"": 1, ""name"": ""Crime""}, {""id"": 2, ""name"": ""Drama""}, {""id"": 3, ""name"": ""Mystery""}]",,330933,"[{""id"": 1, ""name"": ""crime""}, {""id"": 2, ""name"": ""drama""}, {""id"": 3, ""name"": ""mystery""}]",en,Murder.com,"Devastated to learn her estranged sister has been brutally murdered, a South Beach lawyer investigates with little help from the police.",43.75,"[{""name"": ""Cinema Productions""}]","[{""name"": ""USA""}]",2008-01-01,65000000,115.0,"[{""name"": ""English""}]",Released,An extraordinary Crime story.,Murder.com,3.5,1800
30000000,"[{""id"": 1, ""name"": ""Horror""}, {""id"": 2, ""name"": ""Mystery""}, {""id"": 3, ""name"": ""Thriller""}]",,330934,"[{""id"": 1, ""name"": ""horror""}, {""id"": 2, ""name"": ""mystery""}, {""id"": 3, ""name"": ""thriller""}]",en,Sisters,A small-time reporter tries to convince the police she saw a murder in the apartment across from hers.,86.25,"[{""name"": ""Cinema Productions""}]","[{""name"": ""USA""}]",1972-01-01,65000000,115.0,"[{""name"": ""English""}]",Released,An extraordinary Horror story.,Sisters,6.9,1800
30000000,"[{""id"": 1, ""name"": ""Crime""}, {""id"": 2, ""name"": ""Drama""}, {""id"": 3, ""name"": ""Thriller""}]",,330935,"[{""id"": 1, ""name"": ""crime""}, {""id"": 2, ""name"": ""drama""}, {""id"": 3, ""name"": ""thriller""}]",en,Teen Patti,A disgraced professor recounts his career and involvement with gambling.,52.5,"[{""name"": ""Cinema Productions""}]","[{""name"": ""USA""}]",2010-01-01,65000000,115.0,"[{""name"": ""English""}]",Released,An extraordinary Crime story.,Teen Patti,4.2,1800
30000000,"[{""id"": 1, ""name"": ""Sci-Fi""}]",,330936,"[{""id"": 1, ""name"": ""sci-fi""}]",en,Eternal,"Drake Cranston, The First Immortal, & his wife, Elizibeth Darring/Maria Garcia, must stop Hitler's Thule Societies plans for World Domination.",90.0,"[{""name"": ""Cinema Productions""}]","[{""name"": ""USA""}]",2015-01-01,65000000,115.0,"[{""name"": ""English""}]",Released,An extraordinary Sci-Fi story.,Eternal,7.2,1800
30000000,"[{""id"": 1, ""name"": ""Crime""}, {""id"": 2, ""name"": ""Drama""}, {""id"": 3, ""name"": ""Film-Noir""}]",,330937,"[{""id"": 1, ""name"": ""crime""}, {""id"": 2, ""name"": ""drama""}, {""id"": 3, ""name"": ""film-noir""}]",en,The Roaring Twenties,Three men attempt to make a living in Prohibitionist America after returning home from fighting together in World War I.,98.75,"[{""name"": ""Cinema Productions""}]","[{""name"": ""USA""}]",1939-01-01,65000000,115.0,"[{""name"": ""English""}]",Released,An extraordinary Crime story.,The Roaring Twenties,7.9,1800
30000000,"[{""id"": 1, ""name"": ""Action""}, {""id"": 2, ""name"": ""Crime""}]",,330938,"[{""id"": 1, ""name"": ""action""}, {""id"": 2, ""name"": ""crime""}]",en,Water Tank Murder Mystery,A body is found inside a water tank a top of an apartment building. It's not a hard case to solve for Danny Lee and company.,73.75,"[{""name"": ""Cinema Productions""}]","[{""name"": ""USA""}]",1994-01-01,65000000,115.0,"[{""name"": ""English""}]",Released,An extraordinary Action story.,Water Tank Murder Mystery,5.9,1800
30000000,"[{""id"": 1, ""name"": ""Drama""}, {""id"": 2, ""name"": ""Romance""}]",,330939,"[{""id"": 1, ""name"": ""drama""}, {""id"": 2, ""name"": ""romance""}]",en,The Temple of Wild Geese,"Satoko is a mistress by trade, or fate: when her master, the silkscreen artist of the Kohoan Temple in Kyoto, dies, she is given to the temple's lascivious head priest Kikuchi.",90.0,"[{""name"": ""Cinema Productions""}]","[{""name"": ""USA""}]",1962-01-01,65000000,115.0,"[{""name"": ""English""}]",Released,An extraordinary Drama story.,The Temple of Wild Geese,7.2,1800
30000000,"[{""id"": 1, ""name"": ""Crime""}, {""id"": 2, ""name"": ""Drama""}]",,330940,"[{""id"": 1, ""name"": ""crime""}, {""id"": 2, ""name"": ""drama""}]",en,Dirty Marti,The daughter of Dirty Harry contends with her dad's fiery legacy.,98.75,"[{""name"": ""Cinema Productions""}]","[{""name"": ""USA""}]",2018-01-01,65000000,115.0,"[{""name"": ""English""}]",Released,An extraordinary Crime story.,Dirty Marti,7.9,1800
30000000,"[{""id"": 1, ""name"": ""Adventure""}]",,330941,"[{""id"": 1, ""name"": ""adventure""}]",en,Krest i mauzer,"The film takes place during the pre-revolutionary years and the initial period of the Soviet regime. At a monastery shelter in one of Russia's western towns, orphan Yulka gives birth to a son from the shepherd Jerome.",78.75,"[{""name"": ""Cinema Productions""}]","[{""name"": ""USA""}]",1925-01-01,65000000,115.0,"[{""name"": ""English""}]",Released,An extraordinary Adventure story.,Krest i mauzer,6.3,1800
30000000,"[{""id"": 1, ""name"": ""Crime""}, {""id"": 2, ""name"": ""Drama""}, {""id"": 3, ""name"": ""Film-Noir""}]",,330942,"[{""id"": 1, ""name"": ""crime""}, {""id"": 2, ""name"": ""drama""}, {""id"": 3, ""name"": ""film-noir""}]",en,Cry Wolf,"Recently widowed Sandra Demarest arrives at the isolated home of her late husband for his wake, but his uncle will not allow her to view the corpse.",81.25,"[{""name"": ""Cinema Productions""}]","[{""name"": ""USA""}]",1947-01-01,65000000,115.0,"[{""name"": ""English""}]",Released,An extraordinary Crime story.,Cry Wolf,6.5,1800
30000000,"[{""id"": 1, ""name"": ""Action""}, {""id"": 2, ""name"": ""Crime""}, {""id"": 3, ""name"": ""Thriller""}]",,330943,"[{""id"": 1, ""name"": ""action""}, {""id"": 2, ""name"": ""crime""}, {""id"": 3, ""name"": ""thriller""}]",en,Kalm,"A bodyguard is assigned to chauffeur a headlining exotic dancer to a desert town, when they get caught in the crossfire of warring drug lords.",90.0,"[{""name"": ""Cinema Productions""}]","[{""name"": ""USA""}]",2015-01-01,65000000,115.0,"[{""name"": ""English""}]",Released,An extraordinary Action story.,Kalm,7.2,1800
30000000,"[{""id"": 1, ""name"": ""Crime""}, {""id"": 2, ""name"": ""Thriller""}]",,330944,"[{""id"": 1, ""name"": ""crime""}, {""id"": 2, ""name"": ""thriller""}]",en,The Auctioneers,"A gritty and fast-paced tale of tragedy, greed, human trafficking and revenge, ""The Auctioneers"" will do for Sizemore what ""Pulp Fiction"" did for John Travolta Having lost his family to a ...                See full summary »",87.5,"[{""name"": ""Cinema Productions""}]","[{""name"": ""USA""}]",2010-01-01,65000000,115.0,"[{""name"": ""English""}]",Released,An extraordinary Crime story.,The Auctioneers,7.0,1800
30000000,"[{""id"": 1, ""name"": ""Drama""}, {""id"": 2, ""name"": ""Horror""}, {""id"": 3, ""name"": ""Mystery""}]",,330945,"[{""id"": 1, ""name"": ""drama""}, {""id"": 2, ""name"": ""horror""}, {""id"": 3, ""name"": ""mystery""}]",en,The Sublet,"The Sublet is a suspense driven psychological thriller about Joanna, a new mom coping with her baby alone in an odd sublet apartment. As her husband neglects her to focus on his career, ...                See full summary »",60.0,"[{""name"": ""Cinema Productions""}]","[{""name"": ""USA""}]",2015-01-01,65000000,115.0,"[{""name"": ""English""}]",Released,An extraordinary Drama story.,The Sublet,4.8,1800
30000000,"[{""id"": 1, ""name"": ""Comedy""}, {""id"": 2, ""name"": ""Fantasy""}]",,330946,"[{""id"": 1, ""name"": ""comedy""}, {""id"": 2, ""name"": ""fantasy""}]",en,RiffTrax Live: Jack the Giant Killer,"RiffTrax, the guys who make movies funny, bring their comedic riffing treatment to this cheesy 1960's fantasy classic! Can Jack save Princess Elaine from the evil sorcerer Pendragon? This ...                See full summary »",91.25,"[{""name"": ""Cinema Productions""}]","[{""name"": ""USA""}]",2011-01-01,65000000,115.0,"[{""name"": ""English""}]",Released,An extraordinary Comedy story.,RiffTrax Live: Jack the Giant Killer,7.3,1800
30000000,"[{""id"": 1, ""name"": ""Sci-Fi""}]",,330947,"[{""id"": 1, ""name"": ""sci-fi""}]",en,Trojan Base Alpha,Ten strangers find themselves isolated aboard the titular diplomatic space station when a sudden murder unleashes a frenzy of suspicion and mystery.,90.0,"[{""name"": ""Cinema Productions""}]","[{""name"": ""USA""}]",2019-01-01,65000000,115.0,"[{""name"": ""English""}]",Released,An extraordinary Sci-Fi story.,Trojan Base Alpha,7.2,1800
30000000,"[{""id"": 1, ""name"": ""Action""}]",,330948,"[{""id"": 1, ""name"": ""action""}]",en,Kisi ka Bhai Kisi Ki Jaan,The story of a elder brother who is ageing but still a bachelor. His action packed life finds romance where he also gets involved in so many action sequences.,90.0,"[{""name"": ""Cinema Productions""}]","[{""name"": ""USA""}]",2015-01-01,65000000,115.0,"[{""name"": ""English""}]",Released,An extraordinary Action story.,Kisi ka Bhai Kisi Ki Jaan,7.2,1800
30000000,"[{""id"": 1, ""name"": ""Drama""}, {""id"": 2, ""name"": ""Mystery""}, {""id"": 3, ""name"": ""Romance""}]",,330949,"[{""id"": 1, ""name"": ""drama""}, {""id"": 2, ""name"": ""mystery""}, {""id"": 3, ""name"": ""romance""}]",en,72hrs the Hague: Viral,"Fourth contest edition in which 9 short movies are written, shot and edited within 72 hours. Primary goal, besides promoting the city of The Hague, was to use 'viral' as the main topic.",90.0,"[{""name"": ""Cinema Productions""}]","[{""name"": ""USA""}]",2020-01-01,65000000,115.0,"[{""name"": ""English""}]",Released,An extraordinary Drama story.,72hrs the Hague: Viral,7.2,1800
30000000,"[{""id"": 1, ""name"": ""Drama""}, {""id"": 2, ""name"": ""Fantasy""}, {""id"": 3, ""name"": ""Mystery""}]",,330950,"[{""id"": 1, ""name"": ""drama""}, {""id"": 2, ""name"": ""fantasy""}, {""id"": 3, ""name"": ""mystery""}]",en,Dragonfly,A grieving doctor is being contacted by his deceased wife through his patients' near death experiences.,76.25,"[{""name"": ""Cinema Productions""}]","[{""name"": ""USA""}]",2002-01-01,65000000,115.0,"[{""name"": ""English""}]",Released,An extraordinary Drama story.,Dragonfly,6.1,1800
30000000,"[{""id"": 1, ""name"": ""Sci-Fi""}]",,330951,"[{""id"": 1, ""name"": ""sci-fi""}]",en,Lunatique,"Feature film adaptation of the short film ""Lunatique"" (2016).",90.0,"[{""name"": ""Cinema Productions""}]","[{""name"": ""USA""}]",2015-01-01,65000000,115.0,"[{""name"": ""English""}]",Released,An extraordinary Sci-Fi story.,Lunatique,7.2,1800
30000000,"[{""id"": 1, ""name"": ""Animation""}, {""id"": 2, ""name"": ""Action""}, {""id"": 3, ""name"": ""Adventure""}]",,330952,"[{""id"": 1, ""name"": ""animation""}, {""id"": 2, ""name"": ""action""}, {""id"": 3, ""name"": ""adventure""}]",en,Kikoriki: Team Invincible,"The naive Kikoriki have never seen TV before, and are soon convinced that the world truly is in grave danger. They quickly come to an earth-shattering decision: The Kikoriki must help Lucien save the world.",73.75,"[{""name"": ""Cinema Productions""}]","[{""name"": ""USA""}]",2011-01-01,65000000,115.0,"[{""name"": ""English""}]",Released,An extraordinary Animation story.,Kikoriki: Team Invincible,5.9,1800
30000000,"[{""id"": 1, ""name"": ""Action""}, {""id"": 2, ""name"": ""Adventure""}, {""id"": 3, ""name"": ""Crime""}]",,330953,"[{""id"": 1, ""name"": ""action""}, {""id"": 2, ""name"": ""adventure""}, {""id"": 3, ""name"": ""crime""}]",en,Target,"When American Donna Lloyd is kidnapped during a trip to Europe, her son Chris and her husband Walter start searching for her.",73.75,"[{""name"": ""Cinema Productions""}]","[{""name"": ""USA""}]",1985-01-01,65000000,115.0,"[{""name"": ""English""}]",Released,An extraordinary Action story.,Target,5.9,1800
30000000,"[{""id"": 1, ""name"": ""Drama""}, {""id"": 2, ""name"": ""History""}, {""id"": 3, ""name"": ""Thriller""}]",,330954,"[{""id"": 1, ""name"": ""drama""}, {""id"": 2, ""name"": ""history""}, {""id"": 3, ""name"": ""thriller""}]",en,Taboo,"The new member of a samurai militia unit causes disruption as several of his colleagues fall in love with him, threatening to disturb the rigid code of their squad.",85.0,"[{""name"": ""Cinema Productions""}]","[{""name"": ""USA""}]",1999-01-01,65000000,115.0,"[{""name"": ""English""}]",Released,An extraordinary Drama story.,Taboo,6.8,1800
30000000,"[{""id"": 1, ""name"": ""Drama""}, {""id"": 2, ""name"": ""Romance""}]",,330955,"[{""id"": 1, ""name"": ""drama""}, {""id"": 2, ""name"": ""romance""}]",en,Binhi,The many faces of love much unparalleled heights a love story of today.,90.0,"[{""name"": ""Cinema Productions""}]","[{""name"": ""USA""}]",1973-01-01,65000000,115.0,"[{""name"": ""English""}]",Released,An extraordinary Drama story.,Binhi,7.2,1800
30000000,"[{""id"": 1, ""name"": ""Action""}, {""id"": 2, ""name"": ""Animation""}, {""id"": 3, ""name"": ""Drama""}]",,330956,"[{""id"": 1, ""name"": ""action""}, {""id"": 2, ""name"": ""animation""}, {""id"": 3, ""name"": ""drama""}]",en,Kindan no mokushiroku Crystal Triangle,"In times of old, God gave mankind the ten commandments, and a message that has been lost to the centuries. In the present, Koichiro Kamishiro is a modern day Indiana Jones who scours (and ...                See full summary »",72.5,"[{""name"": ""Cinema Productions""}]","[{""name"": ""USA""}]",1987-01-01,65000000,115.0,"[{""name"": ""English""}]",Released,An extraordinary Action story.,Kindan no mokushiroku Crystal Triangle,5.8,1800
30000000,"[{""id"": 1, ""name"": ""Thriller""}]",,330957,"[{""id"": 1, ""name"": ""thriller""}]",en,Gaming Nightmare,"A Sci-Fi murder mystery thriller (with a touching love story) about kidnapping and ransom to get a Virtual Reality Game which can save the killer. Detective lead role played by Amar Khan (Melbourne, Australia).",90.0,"[{""name"": ""Cinema Productions""}]","[{""name"": ""USA""}]",2015-01-01,65000000,115.0,"[{""name"": ""English""}]",Released,An extraordinary Thriller story.,Gaming Nightmare,7.2,1800
30000000,"[{""id"": 1, ""name"": ""Horror""}]",,330958,"[{""id"": 1, ""name"": ""horror""}]",en,The Gathering,"It's been two months since the mysterious disappearance of the paranormal group ""Driftwood Paranormal"". Casey Steht and her paranormal team ""The Sisterhood of Paranormal"" journeys to find ...                See full summary »",90.0,"[{""name"": ""Cinema Productions""}]","[{""name"": ""USA""}]",2019-01-01,65000000,115.0,"[{""name"": ""English""}]",Released,An extraordinary Horror story.,The Gathering,7.2,1800
30000000,"[{""id"": 1, ""name"": ""Comedy""}, {""id"": 2, ""name"": ""Crime""}, {""id"": 3, ""name"": ""Mystery""}]",,330959,"[{""id"": 1, ""name"": ""comedy""}, {""id"": 2, ""name"": ""crime""}, {""id"": 3, ""name"": ""mystery""}]",en,Noche de duendes,Laurel and Hardy Spanish language version of The Laurel and Hardy Murder Case and the film Berth Marks combined.,76.25,"[{""name"": ""Cinema Productions""}]","[{""name"": ""USA""}]",1930-01-01,65000000,115.0,"[{""name"": ""English""}]",Released,An extraordinary Comedy story.,Noche de duendes,6.1,1800
